date,campaign_id,campaign_name,channel,utm_source,utm_medium,utm_campaign,impressions,clicks,cost
2025-01-01,CMP_1001,EMEA_FeatureY_Search,Paid Social,linkedin,paid_social,camp_1,2948,61,482.13
2025-01-01,CMP_1002,APAC_Brand_Search,Paid Social,linkedin,paid_social,camp_2,4198,74,384.27
2025-01-01,CMP_1003,APAC_FeatureY_Search,Paid Search,google,paid_search,camp_3,7491,204,841.97
2025-01-01,CMP_1004,US_FeatureY_Display,Paid Social,linkedin,paid_social,camp_4,3216,71,341.43
2025-01-01,CMP_1005,US_FeatureX_Search,Paid Social,linkedin,paid_social,camp_5,4144,77,394.94
2025-01-01,CMP_1006,EMEA_Competitor_LinkedIn,Paid Search,google,paid_search,camp_6,4571,169,677.24
2025-01-01,CMP_1007,EMEA_FeatureY_Display,Paid Social,linkedin,paid_social,camp_7,3116,46,257.48
2025-01-01,CMP_1008,EMEA_Brand_Search,Display,gdn,display,camp_8,3417,30,39.51
2025-01-01,CMP_1009,US_FeatureX_Search,Paid Social,linkedin,paid_social,camp_9,4646,93,569.58
2025-01-01,CMP_1010,LATAM_Competitor_LinkedIn,Paid Social,linkedin,paid_social,camp_10,3121,36,142.96
2025-01-01,CMP_1011,LATAM_Brand_LinkedIn,Paid Social,linkedin,paid_social,camp_11,4450,97,365.24
2025-01-01,CMP_1012,LATAM_FeatureX_Display,Display,gdn,display,camp_12,5445,45,100.39
2025-01-01,CMP_1013,APAC_Brand_LinkedIn,Display,gdn,display,camp_13,4477,43,90.14
2025-01-01,CMP_1014,LATAM_Competitor_Display,Display,gdn,display,camp_14,4699,24,33.21
2025-01-01,CMP_1015,LATAM_Competitor_Display,Paid Social,linkedin,paid_social,camp_15,4852,61,441.18
2025-01-01,CMP_1016,APAC_Competitor_Search,Display,gdn,display,camp_16,4931,32,70.7
2025-01-01,CMP_1017,US_Brand_LinkedIn,Display,gdn,display,camp_17,5313,21,24.21
2025-01-01,CMP_1018,APAC_FeatureX_LinkedIn,Paid Social,linkedin,paid_social,camp_18,2413,49,210.1
2025-01-01,CMP_1019,LATAM_Brand_Display,Paid Social,linkedin,paid_social,camp_19,3343,44,348.37
2025-01-02,CMP_1001,EMEA_FeatureY_Search,Paid Social,linkedin,paid_social,camp_1,4345,61,211.46
2025-01-02,CMP_1002,APAC_Brand_Search,Paid Social,linkedin,paid_social,camp_2,3672,92,602.0
2025-01-02,CMP_1003,APAC_FeatureY_Search,Paid Search,google,paid_search,camp_3,6748,179,577.43
2025-01-02,CMP_1004,US_FeatureY_Display,Paid Social,linkedin,paid_social,camp_4,4056,76,442.94
2025-01-02,CMP_1005,US_FeatureX_Search,Paid Social,linkedin,paid_social,camp_5,3794,99,668.6
2025-01-02,CMP_1006,EMEA_Competitor_LinkedIn,Paid Search,google,paid_search,camp_6,5760,313,787.05
2025-01-02,CMP_1007,EMEA_FeatureY_Display,Paid Social,linkedin,paid_social,camp_7,3685,68,272.48
2025-01-02,CMP_1008,EMEA_Brand_Search,Display,gdn,display,camp_8,5901,67,135.35
2025-01-02,CMP_1009,US_FeatureX_Search,Paid Social,linkedin,paid_social,camp_9,3514,82,259.2
2025-01-02,CMP_1010,LATAM_Competitor_LinkedIn,Paid Social,linkedin,paid_social,camp_10,2970,33,225.95
2025-01-02,CMP_1011,LATAM_Brand_LinkedIn,Paid Social,linkedin,paid_social,camp_11,3554,85,591.73
2025-01-02,CMP_1012,LATAM_FeatureX_Display,Display,gdn,display,camp_12,5916,32,35.77
2025-01-02,CMP_1013,APAC_Brand_LinkedIn,Display,gdn,display,camp_13,4512,26,24.84
2025-01-02,CMP_1014,LATAM_Competitor_Display,Display,gdn,display,camp_14,4957,29,63.02
2025-01-02,CMP_1015,LATAM_Competitor_Display,Paid Social,linkedin,paid_social,camp_15,1661,18,102.56
2025-01-02,CMP_1016,APAC_Competitor_Search,Display,gdn,display,camp_16,4794,22,30.38
2025-01-02,CMP_1017,US_Brand_LinkedIn,Display,gdn,display,camp_17,4634,26,38.94
2025-01-02,CMP_1018,APAC_FeatureX_LinkedIn,Paid Social,linkedin,paid_social,camp_18,4137,63,501.81
2025-01-02,CMP_1019,LATAM_Brand_Display,Paid Social,linkedin,paid_social,camp_19,3821,54,243.16
2025-01-03,CMP_1001,EMEA_FeatureY_Search,Paid Social,linkedin,paid_social,camp_1,3080,53,317.32
2025-01-03,CMP_1002,APAC_Brand_Search,Paid Social,linkedin,paid_social,camp_2,2775,29,105.41
2025-01-03,CMP_1003,APAC_FeatureY_Search,Paid Search,google,paid_search,camp_3,7032,240,1382.43
2025-01-03,CMP_1004,US_FeatureY_Display,Paid Social,linkedin,paid_social,camp_4,3483,76,230.94
2025-01-03,CMP_1005,US_FeatureX_Search,Paid Social,linkedin,paid_social,camp_5,3861,80,468.86
2025-01-03,CMP_1006,EMEA_Competitor_LinkedIn,Paid Search,google,paid_search,camp_6,5681,181,1037.02
2025-01-03,CMP_1007,EMEA_FeatureY_Display,Paid Social,linkedin,paid_social,camp_7,3617,70,228.23
2025-01-03,CMP_1008,EMEA_Brand_Search,Display,gdn,display,camp_8,7166,30,70.12
2025-01-03,CMP_1009,US_FeatureX_Search,Paid Social,linkedin,paid_social,camp_9,4331,73,353.79
2025-01-03,CMP_1010,LATAM_Competitor_LinkedIn,Paid Social,linkedin,paid_social,camp_10,3852,108,471.87
2025-01-03,CMP_1011,LATAM_Brand_LinkedIn,Paid Social,linkedin,paid_social,camp_11,2849,75,383.45
2025-01-03,CMP_1012,LATAM_FeatureX_Display,Display,gdn,display,camp_12,3852,19,26.96
2025-01-03,CMP_1013,APAC_Brand_LinkedIn,Display,gdn,display,camp_13,3736,23,31.49
2025-01-03,CMP_1014,LATAM_Competitor_Display,Display,gdn,display,camp_14,5022,56,115.89
2025-01-03,CMP_1015,LATAM_Competitor_Display,Paid Social,linkedin,paid_social,camp_15,3204,61,284.44
2025-01-03,CMP_1016,APAC_Competitor_Search,Display,gdn,display,camp_16,5288,50,108.76
2025-01-03,CMP_1017,US_Brand_LinkedIn,Display,gdn,display,camp_17,4601,28,42.45
2025-01-03,CMP_1018,APAC_FeatureX_LinkedIn,Paid Social,linkedin,paid_social,camp_18,3198,86,659.14
2025-01-03,CMP_1019,LATAM_Brand_Display,Paid Social,linkedin,paid_social,camp_19,3512,37,286.22
2025-01-04,CMP_1001,EMEA_FeatureY_Search,Paid Social,linkedin,paid_social,camp_1,2921,64,307.78
2025-01-04,CMP_1002,APAC_Brand_Search,Paid Social,linkedin,paid_social,camp_2,662,17,134.92
2025-01-04,CMP_1003,APAC_FeatureY_Search,Paid Search,google,paid_search,camp_3,3087,142,330.95
2025-01-04,CMP_1004,US_FeatureY_Display,Paid Social,linkedin,paid_social,camp_4,1066,12,61.41
2025-01-04,CMP_1005,US_FeatureX_Search,Paid Social,linkedin,paid_social,camp_5,1564,24,175.74
2025-01-04,CMP_1006,EMEA_Competitor_LinkedIn,Paid Search,google,paid_search,camp_6,2013,47,218.4
2025-01-04,CMP_1007,EMEA_FeatureY_Display,Paid Social,linkedin,paid_social,camp_7,1835,19,101.4
2025-01-04,CMP_1008,EMEA_Brand_Search,Display,gdn,display,camp_8,3304,33,60.77
2025-01-04,CMP_1009,US_FeatureX_Search,Paid Social,linkedin,paid_social,camp_9,1881,45,359.76
2025-01-04,CMP_1010,LATAM_Competitor_LinkedIn,Paid Social,linkedin,paid_social,camp_10,1592,23,153.25
2025-01-04,CMP_1011,LATAM_Brand_LinkedIn,Paid Social,linkedin,paid_social,camp_11,1865,29,204.52
2025-01-04,CMP_1012,LATAM_FeatureX_Display,Display,gdn,display,camp_12,2265,25,51.65
2025-01-04,CMP_1013,APAC_Brand_LinkedIn,Display,gdn,display,camp_13,2595,28,46.03
2025-01-04,CMP_1014,LATAM_Competitor_Display,Display,gdn,display,camp_14,999,10,13.16
2025-01-04,CMP_1015,LATAM_Competitor_Display,Paid Social,linkedin,paid_social,camp_15,1400,30,149.63
2025-01-04,CMP_1016,APAC_Competitor_Search,Display,gdn,display,camp_16,1295,7,8.98
2025-01-04,CMP_1017,US_Brand_LinkedIn,Display,gdn,display,camp_17,3758,16,14.4
2025-01-04,CMP_1018,APAC_FeatureX_LinkedIn,Paid Social,linkedin,paid_social,camp_18,1111,23,97.46
2025-01-04,CMP_1019,LATAM_Brand_Display,Paid Social,linkedin,paid_social,camp_19,2712,65,399.07
2025-01-05,CMP_1001,EMEA_FeatureY_Search,Paid Social,linkedin,paid_social,camp_1,2468,33,117.17
2025-01-05,CMP_1002,APAC_Brand_Search,Paid Social,linkedin,paid_social,camp_2,1885,38,237.01
2025-01-05,CMP_1003,APAC_FeatureY_Search,Paid Search,google,paid_search,camp_3,3165,174,447.95
2025-01-05,CMP_1004,US_FeatureY_Display,Paid Social,linkedin,paid_social,camp_4,2761,45,232.42
2025-01-05,CMP_1005,US_FeatureX_Search,Paid Social,linkedin,paid_social,camp_5,2358,68,453.26
2025-01-05,CMP_1006,EMEA_Competitor_LinkedIn,Paid Search,google,paid_search,camp_6,3385,164,666.57
2025-01-05,CMP_1007,EMEA_FeatureY_Display,Paid Social,linkedin,paid_social,camp_7,336,4,25.27
2025-01-05,CMP_1008,EMEA_Brand_Search,Display,gdn,display,camp_8,1354,13,29.78
2025-01-05,CMP_1009,US_FeatureX_Search,Paid Social,linkedin,paid_social,camp_9,3150,45,284.97
2025-01-05,CMP_1010,LATAM_Competitor_LinkedIn,Paid Social,linkedin,paid_social,camp_10,1457,42,188.7
2025-01-05,CMP_1011,LATAM_Brand_LinkedIn,Paid Social,linkedin,paid_social,camp_11,2251,40,185.39
2025-01-05,CMP_1012,LATAM_FeatureX_Display,Display,gdn,display,camp_12,2455,16,31.43
2025-01-05,CMP_1013,APAC_Brand_LinkedIn,Display,gdn,display,camp_13,1529,17,20.12
2025-01-05,CMP_1014,LATAM_Competitor_Display,Display,gdn,display,camp_14,2854,21,20.98
2025-01-05,CMP_1015,LATAM_Competitor_Display,Paid Social,linkedin,paid_social,camp_15,1530,35,133.58
2025-01-05,CMP_1016,APAC_Competitor_Search,Display,gdn,display,camp_16,2730,23,41.27
2025-01-05,CMP_1017,US_Brand_LinkedIn,Display,gdn,display,camp_17,3670,42,59.88
2025-01-05,CMP_1018,APAC_FeatureX_LinkedIn,Paid Social,linkedin,paid_social,camp_18,1867,32,231.05
2025-01-05,CMP_1019,LATAM_Brand_Display,Paid Social,linkedin,paid_social,camp_19,127,3,10.46
2025-01-06,CMP_1001,EMEA_FeatureY_Search,Paid Social,linkedin,paid_social,camp_1,2647,52,279.77
2025-01-06,CMP_1002,APAC_Brand_Search,Paid Social,linkedin,paid_social,camp_2,4240,66,488.12
2025-01-06,CMP_1003,APAC_FeatureY_Search,Paid Search,google,paid_search,camp_3,6343,312,885.25
2025-01-06,CMP_1004,US_FeatureY_Display,Paid Social,linkedin,paid_social,camp_4,3008,67,266.69
2025-01-06,CMP_1005,US_FeatureX_Search,Paid Social,linkedin,paid_social,camp_5,3903,102,644.15
2025-01-06,CMP_1006,EMEA_Competitor_LinkedIn,Paid Search,google,paid_search,camp_6,5675,231,774.85
2025-01-06,CMP_1007,EMEA_FeatureY_Display,Paid Social,linkedin,paid_social,camp_7,3499,49,335.39
2025-01-06,CMP_1008,EMEA_Brand_Search,Display,gdn,display,camp_8,6847,76,158.28
2025-01-06,CMP_1009,US_FeatureX_Search,Paid Social,linkedin,paid_social,camp_9,3620,64,295.75
2025-01-06,CMP_1010,LATAM_Competitor_LinkedIn,Paid Social,linkedin,paid_social,camp_10,3759,100,577.21
2025-01-06,CMP_1011,LATAM_Brand_LinkedIn,Paid Social,linkedin,paid_social,camp_11,3376,70,282.04
2025-01-06,CMP_1012,LATAM_FeatureX_Display,Display,gdn,display,camp_12,5226,31,68.82
2025-01-06,CMP_1013,APAC_Brand_LinkedIn,Display,gdn,display,camp_13,4467,21,49.66
2025-01-06,CMP_1014,LATAM_Competitor_Display,Display,gdn,display,camp_14,4582,43,41.73
2025-01-06,CMP_1015,LATAM_Competitor_Display,Paid Social,linkedin,paid_social,camp_15,2903,49,241.86
2025-01-06,CMP_1016,APAC_Competitor_Search,Display,gdn,display,camp_16,4876,34,52.3
2025-01-06,CMP_1017,US_Brand_LinkedIn,Display,gdn,display,camp_17,5440,24,31.19
2025-01-06,CMP_1018,APAC_FeatureX_LinkedIn,Paid Social,linkedin,paid_social,camp_18,3336,46,199.64
2025-01-06,CMP_1019,LATAM_Brand_Display,Paid Social,linkedin,paid_social,camp_19,4252,104,474.0
2025-01-07,CMP_1001,EMEA_FeatureY_Search,Paid Social,linkedin,paid_social,camp_1,2287,34,265.18
2025-01-07,CMP_1002,APAC_Brand_Search,Paid Social,linkedin,paid_social,camp_2,3628,70,552.96
2025-01-07,CMP_1003,APAC_FeatureY_Search,Paid Search,google,paid_search,camp_3,5765,206,485.42
2025-01-07,CMP_1004,US_FeatureY_Display,Paid Social,linkedin,paid_social,camp_4,2710,49,312.11
2025-01-07,CMP_1005,US_FeatureX_Search,Paid Social,linkedin,paid_social,camp_5,4134,96,692.35
2025-01-07,CMP_1006,EMEA_Competitor_LinkedIn,Paid Search,google,paid_search,camp_6,6556,156,457.58
2025-01-07,CMP_1007,EMEA_FeatureY_Display,Paid Social,linkedin,paid_social,camp_7,2681,67,234.9
2025-01-07,CMP_1008,EMEA_Brand_Search,Display,gdn,display,camp_8,5659,63,128.88
2025-01-07,CMP_1009,US_FeatureX_Search,Paid Social,linkedin,paid_social,camp_9,4014,55,187.33
2025-01-07,CMP_1010,LATAM_Competitor_LinkedIn,Paid Social,linkedin,paid_social,camp_10,4765,53,230.05
2025-01-07,CMP_1011,LATAM_Brand_LinkedIn,Paid Social,linkedin,paid_social,camp_11,3780,102,663.44
2025-01-07,CMP_1012,LATAM_FeatureX_Display,Display,gdn,display,camp_12,4923,54,88.98
2025-01-07,CMP_1013,APAC_Brand_LinkedIn,Display,gdn,display,camp_13,4483,23,19.96
2025-01-07,CMP_1014,LATAM_Competitor_Display,Display,gdn,display,camp_14,4769,33,27.28
2025-01-07,CMP_1015,LATAM_Competitor_Display,Paid Social,linkedin,paid_social,camp_15,3568,68,455.57
2025-01-07,CMP_1016,APAC_Competitor_Search,Display,gdn,display,camp_16,4676,31,63.12
2025-01-07,CMP_1017,US_Brand_LinkedIn,Display,gdn,display,camp_17,3326,36,51.07
2025-01-07,CMP_1018,APAC_FeatureX_LinkedIn,Paid Social,linkedin,paid_social,camp_18,4260,72,220.59
2025-01-07,CMP_1019,LATAM_Brand_Display,Paid Social,linkedin,paid_social,camp_19,2663,50,263.34
2025-01-08,CMP_1001,EMEA_FeatureY_Search,Paid Social,linkedin,paid_social,camp_1,2444,54,322.55
2025-01-08,CMP_1002,APAC_Brand_Search,Paid Social,linkedin,paid_social,camp_2,2636,69,215.54
2025-01-08,CMP_1003,APAC_FeatureY_Search,Paid Search,google,paid_search,camp_3,6126,279,882.37
2025-01-08,CMP_1004,US_FeatureY_Display,Paid Social,linkedin,paid_social,camp_4,3184,41,264.64
2025-01-08,CMP_1005,US_FeatureX_Search,Paid Social,linkedin,paid_social,camp_5,3565,56,248.89
2025-01-08,CMP_1006,EMEA_Competitor_LinkedIn,Paid Search,google,paid_search,camp_6,5452,178,430.67
2025-01-08,CMP_1007,EMEA_FeatureY_Display,Paid Social,linkedin,paid_social,camp_7,3599,93,607.41
2025-01-08,CMP_1008,EMEA_Brand_Search,Display,gdn,display,camp_8,5548,42,38.25
2025-01-08,CMP_1009,US_FeatureX_Search,Paid Social,linkedin,paid_social,camp_9,3828,114,367.72
2025-01-08,CMP_1010,LATAM_Competitor_LinkedIn,Paid Social,linkedin,paid_social,camp_10,4057,44,164.79
2025-01-08,CMP_1011,LATAM_Brand_LinkedIn,Paid Social,linkedin,paid_social,camp_11,2515,40,300.43
2025-01-08,CMP_1012,LATAM_FeatureX_Display,Display,gdn,display,camp_12,4414,25,36.34
2025-01-08,CMP_1013,APAC_Brand_LinkedIn,Display,gdn,display,camp_13,5663,51,65.66
2025-01-08,CMP_1014,LATAM_Competitor_Display,Display,gdn,display,camp_14,4818,22,52.08
2025-01-08,CMP_1015,LATAM_Competitor_Display,Paid Social,linkedin,paid_social,camp_15,3714,111,883.45
2025-01-08,CMP_1016,APAC_Competitor_Search,Display,gdn,display,camp_16,4482,38,91.67
2025-01-08,CMP_1017,US_Brand_LinkedIn,Display,gdn,display,camp_17,4461,27,45.31
2025-01-08,CMP_1018,APAC_FeatureX_LinkedIn,Paid Social,linkedin,paid_social,camp_18,3374,51,228.6
2025-01-08,CMP_1019,LATAM_Brand_Display,Paid Social,linkedin,paid_social,camp_19,3690,46,265.35
2025-01-09,CMP_1001,EMEA_FeatureY_Search,Paid Social,linkedin,paid_social,camp_1,3492,95,359.47
2025-01-09,CMP_1002,APAC_Brand_Search,Paid Social,linkedin,paid_social,camp_2,3501,61,402.64
2025-01-09,CMP_1003,APAC_FeatureY_Search,Paid Search,google,paid_search,camp_3,5524,200,708.43
2025-01-09,CMP_1004,US_FeatureY_Display,Paid Social,linkedin,paid_social,camp_4,3016,54,425.19
2025-01-09,CMP_1005,US_FeatureX_Search,Paid Social,linkedin,paid_social,camp_5,4009,57,175.96
2025-01-09,CMP_1006,EMEA_Competitor_LinkedIn,Paid Search,google,paid_search,camp_6,6296,148,391.95
2025-01-09,CMP_1007,EMEA_FeatureY_Display,Paid Social,linkedin,paid_social,camp_7,4214,114,523.64
2025-01-09,CMP_1008,EMEA_Brand_Search,Display,gdn,display,camp_8,4631,31,25.21
2025-01-09,CMP_1009,US_FeatureX_Search,Paid Social,linkedin,paid_social,camp_9,3214,63,282.05
2025-01-09,CMP_1010,LATAM_Competitor_LinkedIn,Paid Social,linkedin,paid_social,camp_10,3779,53,234.54
2025-01-09,CMP_1011,LATAM_Brand_LinkedIn,Paid Social,linkedin,paid_social,camp_11,3276,80,295.6
2025-01-09,CMP_1012,LATAM_FeatureX_Display,Display,gdn,display,camp_12,5516,65,107.86
2025-01-09,CMP_1013,APAC_Brand_LinkedIn,Display,gdn,display,camp_13,4867,47,115.68
2025-01-09,CMP_1014,LATAM_Competitor_Display,Display,gdn,display,camp_14,4997,34,72.05
2025-01-09,CMP_1015,LATAM_Competitor_Display,Paid Social,linkedin,paid_social,camp_15,3385,84,458.69
2025-01-09,CMP_1016,APAC_Competitor_Search,Display,gdn,display,camp_16,4617,45,100.64
2025-01-09,CMP_1017,US_Brand_LinkedIn,Display,gdn,display,camp_17,4179,47,86.47
2025-01-09,CMP_1018,APAC_FeatureX_LinkedIn,Paid Social,linkedin,paid_social,camp_18,4306,64,297.22
2025-01-09,CMP_1019,LATAM_Brand_Display,Paid Social,linkedin,paid_social,camp_19,3777,41,158.17
2025-01-10,CMP_1001,EMEA_FeatureY_Search,Paid Social,linkedin,paid_social,camp_1,3939,86,664.9
2025-01-10,CMP_1002,APAC_Brand_Search,Paid Social,linkedin,paid_social,camp_2,3916,85,668.16
2025-01-10,CMP_1003,APAC_FeatureY_Search,Paid Search,google,paid_search,camp_3,7421,220,1080.51
2025-01-10,CMP_1004,US_FeatureY_Display,Paid Social,linkedin,paid_social,camp_4,4122,123,702.84
2025-01-10,CMP_1005,US_FeatureX_Search,Paid Social,linkedin,paid_social,camp_5,3965,61,207.91
2025-01-10,CMP_1006,EMEA_Competitor_LinkedIn,Paid Search,google,paid_search,camp_6,4681,254,1252.45
2025-01-10,CMP_1007,EMEA_FeatureY_Display,Paid Social,linkedin,paid_social,camp_7,2440,33,230.09
2025-01-10,CMP_1008,EMEA_Brand_Search,Display,gdn,display,camp_8,5179,31,67.13
2025-01-10,CMP_1009,US_FeatureX_Search,Paid Social,linkedin,paid_social,camp_9,2478,30,157.88
2025-01-10,CMP_1010,LATAM_Competitor_LinkedIn,Paid Social,linkedin,paid_social,camp_10,3608,40,308.89
2025-01-10,CMP_1011,LATAM_Brand_LinkedIn,Paid Social,linkedin,paid_social,camp_11,3370,88,656.94
2025-01-10,CMP_1012,LATAM_FeatureX_Display,Display,gdn,display,camp_12,5554,53,117.09
2025-01-10,CMP_1013,APAC_Brand_LinkedIn,Display,gdn,display,camp_13,4962,32,65.04
2025-01-10,CMP_1014,LATAM_Competitor_Display,Display,gdn,display,camp_14,5326,32,37.18
2025-01-10,CMP_1015,LATAM_Competitor_Display,Paid Social,linkedin,paid_social,camp_15,4026,115,381.84
2025-01-10,CMP_1016,APAC_Competitor_Search,Display,gdn,display,camp_16,3666,43,104.44
2025-01-10,CMP_1017,US_Brand_LinkedIn,Display,gdn,display,camp_17,5050,44,85.53
2025-01-10,CMP_1018,APAC_FeatureX_LinkedIn,Paid Social,linkedin,paid_social,camp_18,4780,112,567.23
2025-01-10,CMP_1019,LATAM_Brand_Display,Paid Social,linkedin,paid_social,camp_19,2344,69,501.08
2025-01-11,CMP_1001,EMEA_FeatureY_Search,Paid Social,linkedin,paid_social,camp_1,2006,57,184.66
2025-01-11,CMP_1002,APAC_Brand_Search,Paid Social,linkedin,paid_social,camp_2,2007,53,372.25
2025-01-11,CMP_1003,APAC_FeatureY_Search,Paid Search,google,paid_search,camp_3,4607,155,619.94
2025-01-11,CMP_1004,US_FeatureY_Display,Paid Social,linkedin,paid_social,camp_4,2242,59,414.44
2025-01-11,CMP_1005,US_FeatureX_Search,Paid Social,linkedin,paid_social,camp_5,382,10,46.39
2025-01-11,CMP_1006,EMEA_Competitor_LinkedIn,Paid Search,google,paid_search,camp_6,3240,123,662.27
2025-01-11,CMP_1007,EMEA_FeatureY_Display,Paid Social,linkedin,paid_social,camp_7,1742,33,211.29
2025-01-11,CMP_1008,EMEA_Brand_Search,Display,gdn,display,camp_8,846,8,18.61
2025-01-11,CMP_1009,US_FeatureX_Search,Paid Social,linkedin,paid_social,camp_9,1922,48,154.31
2025-01-11,CMP_1010,LATAM_Competitor_LinkedIn,Paid Social,linkedin,paid_social,camp_10,1866,47,182.1
2025-01-11,CMP_1011,LATAM_Brand_LinkedIn,Paid Social,linkedin,paid_social,camp_11,2160,44,212.56
2025-01-11,CMP_1012,LATAM_FeatureX_Display,Display,gdn,display,camp_12,2053,17,34.65
2025-01-11,CMP_1013,APAC_Brand_LinkedIn,Display,gdn,display,camp_13,2151,24,20.47
2025-01-11,CMP_1014,LATAM_Competitor_Display,Display,gdn,display,camp_14,1958,18,18.47
2025-01-11,CMP_1015,LATAM_Competitor_Display,Paid Social,linkedin,paid_social,camp_15,1693,20,111.0
2025-01-11,CMP_1016,APAC_Competitor_Search,Display,gdn,display,camp_16,2831,30,33.65
2025-01-11,CMP_1017,US_Brand_LinkedIn,Display,gdn,display,camp_17,3362,36,71.79
2025-01-11,CMP_1018,APAC_FeatureX_LinkedIn,Paid Social,linkedin,paid_social,camp_18,862,13,79.19
2025-01-11,CMP_1019,LATAM_Brand_Display,Paid Social,linkedin,paid_social,camp_19,1691,47,284.01
2025-01-12,CMP_1001,EMEA_FeatureY_Search,Paid Social,linkedin,paid_social,camp_1,1939,41,291.32
2025-01-12,CMP_1002,APAC_Brand_Search,Paid Social,linkedin,paid_social,camp_2,2205,37,122.43
2025-01-12,CMP_1003,APAC_FeatureY_Search,Paid Search,google,paid_search,camp_3,2589,65,177.83
2025-01-12,CMP_1004,US_FeatureY_Display,Paid Social,linkedin,paid_social,camp_4,2069,30,146.79
2025-01-12,CMP_1005,US_FeatureX_Search,Paid Social,linkedin,paid_social,camp_5,672,9,60.22
2025-01-12,CMP_1006,EMEA_Competitor_LinkedIn,Paid Search,google,paid_search,camp_6,3325,104,565.5
2025-01-12,CMP_1007,EMEA_FeatureY_Display,Paid Social,linkedin,paid_social,camp_7,1638,27,209.08
2025-01-12,CMP_1008,EMEA_Brand_Search,Display,gdn,display,camp_8,2701,32,73.1
2025-01-12,CMP_1009,US_FeatureX_Search,Paid Social,linkedin,paid_social,camp_9,1361,31,176.87
2025-01-12,CMP_1010,LATAM_Competitor_LinkedIn,Paid Social,linkedin,paid_social,camp_10,1160,27,133.41
2025-01-12,CMP_1011,LATAM_Brand_LinkedIn,Paid Social,linkedin,paid_social,camp_11,1754,32,107.06
2025-01-12,CMP_1012,LATAM_FeatureX_Display,Display,gdn,display,camp_12,1746,16,16.0
2025-01-12,CMP_1013,APAC_Brand_LinkedIn,Display,gdn,display,camp_13,1721,11,9.81
2025-01-12,CMP_1014,LATAM_Competitor_Display,Display,gdn,display,camp_14,2525,12,14.14
2025-01-12,CMP_1015,LATAM_Competitor_Display,Paid Social,linkedin,paid_social,camp_15,1564,28,117.42
2025-01-12,CMP_1016,APAC_Competitor_Search,Display,gdn,display,camp_16,2256,22,43.46
2025-01-12,CMP_1017,US_Brand_LinkedIn,Display,gdn,display,camp_17,2527,25,55.72
2025-01-12,CMP_1018,APAC_FeatureX_LinkedIn,Paid Social,linkedin,paid_social,camp_18,1840,32,237.32
2025-01-12,CMP_1019,LATAM_Brand_Display,Paid Social,linkedin,paid_social,camp_19,2195,27,156.78
2025-01-13,CMP_1001,EMEA_FeatureY_Search,Paid Social,linkedin,paid_social,camp_1,4396,85,259.81
2025-01-13,CMP_1002,APAC_Brand_Search,Paid Social,linkedin,paid_social,camp_2,4279,81,462.04
2025-01-13,CMP_1003,APAC_FeatureY_Search,Paid Search,google,paid_search,camp_3,6382,134,767.64
2025-01-13,CMP_1004,US_FeatureY_Display,Paid Social,linkedin,paid_social,camp_4,3357,96,582.25
2025-01-13,CMP_1005,US_FeatureX_Search,Paid Social,linkedin,paid_social,camp_5,3932,63,250.36
2025-01-13,CMP_1006,EMEA_Competitor_LinkedIn,Paid Search,google,paid_search,camp_6,3840,191,514.07
2025-01-13,CMP_1007,EMEA_FeatureY_Display,Paid Social,linkedin,paid_social,camp_7,3111,64,361.45
2025-01-13,CMP_1008,EMEA_Brand_Search,Display,gdn,display,camp_8,3469,29,67.51
2025-01-13,CMP_1009,US_FeatureX_Search,Paid Social,linkedin,paid_social,camp_9,3370,90,315.41
2025-01-13,CMP_1010,LATAM_Competitor_LinkedIn,Paid Social,linkedin,paid_social,camp_10,4304,100,712.11
2025-01-13,CMP_1011,LATAM_Brand_LinkedIn,Paid Social,linkedin,paid_social,camp_11,4080,62,383.72
2025-01-13,CMP_1012,LATAM_FeatureX_Display,Display,gdn,display,camp_12,5031,20,26.66
2025-01-13,CMP_1013,APAC_Brand_LinkedIn,Display,gdn,display,camp_13,5494,31,24.81
2025-01-13,CMP_1014,LATAM_Competitor_Display,Display,gdn,display,camp_14,5255,24,28.13
2025-01-13,CMP_1015,LATAM_Competitor_Display,Paid Social,linkedin,paid_social,camp_15,3490,71,265.61
2025-01-13,CMP_1016,APAC_Competitor_Search,Display,gdn,display,camp_16,5163,32,58.88
2025-01-13,CMP_1017,US_Brand_LinkedIn,Display,gdn,display,camp_17,5012,47,68.25
2025-01-13,CMP_1018,APAC_FeatureX_LinkedIn,Paid Social,linkedin,paid_social,camp_18,3171,78,272.18
2025-01-13,CMP_1019,LATAM_Brand_Display,Paid Social,linkedin,paid_social,camp_19,3928,57,251.07
2025-01-14,CMP_1001,EMEA_FeatureY_Search,Paid Social,linkedin,paid_social,camp_1,3169,46,194.41
2025-01-14,CMP_1002,APAC_Brand_Search,Paid Social,linkedin,paid_social,camp_2,3629,79,266.49
2025-01-14,CMP_1003,APAC_FeatureY_Search,Paid Search,google,paid_search,camp_3,4252,192,1134.54
2025-01-14,CMP_1004,US_FeatureY_Display,Paid Social,linkedin,paid_social,camp_4,3483,61,367.21
2025-01-14,CMP_1005,US_FeatureX_Search,Paid Social,linkedin,paid_social,camp_5,3479,94,340.87
2025-01-14,CMP_1006,EMEA_Competitor_LinkedIn,Paid Search,google,paid_search,camp_6,6604,337,1928.11
2025-01-14,CMP_1007,EMEA_FeatureY_Display,Paid Social,linkedin,paid_social,camp_7,2792,66,456.98
2025-01-14,CMP_1008,EMEA_Brand_Search,Display,gdn,display,camp_8,5125,45,102.48
2025-01-14,CMP_1009,US_FeatureX_Search,Paid Social,linkedin,paid_social,camp_9,3331,76,580.55
2025-01-14,CMP_1010,LATAM_Competitor_LinkedIn,Paid Social,linkedin,paid_social,camp_10,3975,111,383.49
2025-01-14,CMP_1011,LATAM_Brand_LinkedIn,Paid Social,linkedin,paid_social,camp_11,4847,72,289.78
2025-01-14,CMP_1012,LATAM_FeatureX_Display,Display,gdn,display,camp_12,5083,36,84.06
2025-01-14,CMP_1013,APAC_Brand_LinkedIn,Display,gdn,display,camp_13,6176,49,68.37
2025-01-14,CMP_1014,LATAM_Competitor_Display,Display,gdn,display,camp_14,4864,49,117.11
2025-01-14,CMP_1015,LATAM_Competitor_Display,Paid Social,linkedin,paid_social,camp_15,3404,46,339.33
2025-01-14,CMP_1016,APAC_Competitor_Search,Display,gdn,display,camp_16,6100,53,123.83
2025-01-14,CMP_1017,US_Brand_LinkedIn,Display,gdn,display,camp_17,4509,33,81.9
2025-01-14,CMP_1018,APAC_FeatureX_LinkedIn,Paid Social,linkedin,paid_social,camp_18,4280,120,778.5
2025-01-14,CMP_1019,LATAM_Brand_Display,Paid Social,linkedin,paid_social,camp_19,4529,89,615.77
2025-01-15,CMP_1001,EMEA_FeatureY_Search,Paid Social,linkedin,paid_social,camp_1,3548,77,420.16
2025-01-15,CMP_1002,APAC_Brand_Search,Paid Social,linkedin,paid_social,camp_2,2944,62,280.93
2025-01-15,CMP_1003,APAC_FeatureY_Search,Paid Search,google,paid_search,camp_3,4335,185,610.62
2025-01-15,CMP_1004,US_FeatureY_Display,Paid Social,linkedin,paid_social,camp_4,3170,85,515.62
2025-01-15,CMP_1005,US_FeatureX_Search,Paid Social,linkedin,paid_social,camp_5,3737,45,224.0
2025-01-15,CMP_1006,EMEA_Competitor_LinkedIn,Paid Search,google,paid_search,camp_6,6464,165,551.35
2025-01-15,CMP_1007,EMEA_FeatureY_Display,Paid Social,linkedin,paid_social,camp_7,2587,66,425.84
2025-01-15,CMP_1008,EMEA_Brand_Search,Display,gdn,display,camp_8,4271,41,60.19
2025-01-15,CMP_1009,US_FeatureX_Search,Paid Social,linkedin,paid_social,camp_9,4254,71,270.37
2025-01-15,CMP_1010,LATAM_Competitor_LinkedIn,Paid Social,linkedin,paid_social,camp_10,4015,88,561.3
2025-01-15,CMP_1011,LATAM_Brand_LinkedIn,Paid Social,linkedin,paid_social,camp_11,3678,91,380.09
2025-01-15,CMP_1012,LATAM_FeatureX_Display,Display,gdn,display,camp_12,3874,35,78.88
2025-01-15,CMP_1013,APAC_Brand_LinkedIn,Display,gdn,display,camp_13,4619,32,52.16
2025-01-15,CMP_1014,LATAM_Competitor_Display,Display,gdn,display,camp_14,3495,14,22.1
2025-01-15,CMP_1015,LATAM_Competitor_Display,Paid Social,linkedin,paid_social,camp_15,3937,56,351.79
2025-01-15,CMP_1016,APAC_Competitor_Search,Display,gdn,display,camp_16,5450,25,29.4
2025-01-15,CMP_1017,US_Brand_LinkedIn,Display,gdn,display,camp_17,5174,29,39.97
2025-01-15,CMP_1018,APAC_FeatureX_LinkedIn,Paid Social,linkedin,paid_social,camp_18,3429,48,341.37
2025-01-15,CMP_1019,LATAM_Brand_Display,Paid Social,linkedin,paid_social,camp_19,4459,49,375.98
2025-01-16,CMP_1001,EMEA_FeatureY_Search,Paid Social,linkedin,paid_social,camp_1,4386,45,320.21
2025-01-16,CMP_1002,APAC_Brand_Search,Paid Social,linkedin,paid_social,camp_2,4144,41,287.01
2025-01-16,CMP_1003,APAC_FeatureY_Search,Paid Search,google,paid_search,camp_3,6399,240,633.56
2025-01-16,CMP_1004,US_FeatureY_Display,Paid Social,linkedin,paid_social,camp_4,3475,91,594.84
2025-01-16,CMP_1005,US_FeatureX_Search,Paid Social,linkedin,paid_social,camp_5,4110,81,391.64
2025-01-16,CMP_1006,EMEA_Competitor_LinkedIn,Paid Search,google,paid_search,camp_6,5845,181,857.87
2025-01-16,CMP_1007,EMEA_FeatureY_Display,Paid Social,linkedin,paid_social,camp_7,2827,50,291.26
2025-01-16,CMP_1008,EMEA_Brand_Search,Display,gdn,display,camp_8,5190,57,67.24
2025-01-16,CMP_1009,US_FeatureX_Search,Paid Social,linkedin,paid_social,camp_9,3690,69,482.65
2025-01-16,CMP_1010,LATAM_Competitor_LinkedIn,Paid Social,linkedin,paid_social,camp_10,2570,76,259.44
2025-01-16,CMP_1011,LATAM_Brand_LinkedIn,Paid Social,linkedin,paid_social,camp_11,3192,42,292.6
2025-01-16,CMP_1012,LATAM_FeatureX_Display,Display,gdn,display,camp_12,4972,45,110.41
2025-01-16,CMP_1013,APAC_Brand_LinkedIn,Display,gdn,display,camp_13,5615,32,78.62
2025-01-16,CMP_1014,LATAM_Competitor_Display,Display,gdn,display,camp_14,5827,63,102.48
2025-01-16,CMP_1015,LATAM_Competitor_Display,Paid Social,linkedin,paid_social,camp_15,3518,67,258.57
2025-01-16,CMP_1016,APAC_Competitor_Search,Display,gdn,display,camp_16,4180,26,46.69
2025-01-16,CMP_1017,US_Brand_LinkedIn,Display,gdn,display,camp_17,4501,50,81.94
2025-01-16,CMP_1018,APAC_FeatureX_LinkedIn,Paid Social,linkedin,paid_social,camp_18,3478,64,367.82
2025-01-16,CMP_1019,LATAM_Brand_Display,Paid Social,linkedin,paid_social,camp_19,3325,61,244.56
2025-01-17,CMP_1001,EMEA_FeatureY_Search,Paid Social,linkedin,paid_social,camp_1,4479,46,169.07
2025-01-17,CMP_1002,APAC_Brand_Search,Paid Social,linkedin,paid_social,camp_2,3321,68,245.86
2025-01-17,CMP_1003,APAC_FeatureY_Search,Paid Search,google,paid_search,camp_3,6058,205,917.86
2025-01-17,CMP_1004,US_FeatureY_Display,Paid Social,linkedin,paid_social,camp_4,3980,57,175.56
2025-01-17,CMP_1005,US_FeatureX_Search,Paid Social,linkedin,paid_social,camp_5,4444,130,1000.98
2025-01-17,CMP_1006,EMEA_Competitor_LinkedIn,Paid Search,google,paid_search,camp_6,6618,214,580.09
2025-01-17,CMP_1007,EMEA_FeatureY_Display,Paid Social,linkedin,paid_social,camp_7,3711,110,468.49
2025-01-17,CMP_1008,EMEA_Brand_Search,Display,gdn,display,camp_8,4494,43,98.22
2025-01-17,CMP_1009,US_FeatureX_Search,Paid Social,linkedin,paid_social,camp_9,2544,43,308.33
2025-01-17,CMP_1010,LATAM_Competitor_LinkedIn,Paid Social,linkedin,paid_social,camp_10,3432,42,305.34
2025-01-17,CMP_1011,LATAM_Brand_LinkedIn,Paid Social,linkedin,paid_social,camp_11,3712,72,238.57
2025-01-17,CMP_1012,LATAM_FeatureX_Display,Display,gdn,display,camp_12,5985,43,91.69
2025-01-17,CMP_1013,APAC_Brand_LinkedIn,Display,gdn,display,camp_13,4626,54,111.12
2025-01-17,CMP_1014,LATAM_Competitor_Display,Display,gdn,display,camp_14,5104,40,35.43
2025-01-17,CMP_1015,LATAM_Competitor_Display,Paid Social,linkedin,paid_social,camp_15,4296,69,341.08
2025-01-17,CMP_1016,APAC_Competitor_Search,Display,gdn,display,camp_16,4286,43,43.95
2025-01-17,CMP_1017,US_Brand_LinkedIn,Display,gdn,display,camp_17,5596,57,54.21
2025-01-17,CMP_1018,APAC_FeatureX_LinkedIn,Paid Social,linkedin,paid_social,camp_18,3694,42,132.48
2025-01-17,CMP_1019,LATAM_Brand_Display,Paid Social,linkedin,paid_social,camp_19,2504,54,168.31
2025-01-18,CMP_1001,EMEA_FeatureY_Search,Paid Social,linkedin,paid_social,camp_1,1915,25,162.34
2025-01-18,CMP_1002,APAC_Brand_Search,Paid Social,linkedin,paid_social,camp_2,2836,78,471.0
2025-01-18,CMP_1003,APAC_FeatureY_Search,Paid Search,google,paid_search,camp_3,2068,93,451.42
2025-01-18,CMP_1004,US_FeatureY_Display,Paid Social,linkedin,paid_social,camp_4,1214,14,87.75
2025-01-18,CMP_1005,US_FeatureX_Search,Paid Social,linkedin,paid_social,camp_5,2366,29,206.46
2025-01-18,CMP_1006,EMEA_Competitor_LinkedIn,Paid Search,google,paid_search,camp_6,2487,52,165.92
2025-01-18,CMP_1007,EMEA_FeatureY_Display,Paid Social,linkedin,paid_social,camp_7,2116,51,254.72
2025-01-18,CMP_1008,EMEA_Brand_Search,Display,gdn,display,camp_8,3096,15,25.74
2025-01-18,CMP_1009,US_FeatureX_Search,Paid Social,linkedin,paid_social,camp_9,1203,17,125.9
2025-01-18,CMP_1010,LATAM_Competitor_LinkedIn,Paid Social,linkedin,paid_social,camp_10,1721,39,232.61
2025-01-18,CMP_1011,LATAM_Brand_LinkedIn,Paid Social,linkedin,paid_social,camp_11,1963,46,268.35
2025-01-18,CMP_1012,LATAM_FeatureX_Display,Display,gdn,display,camp_12,1590,12,18.91
2025-01-18,CMP_1013,APAC_Brand_LinkedIn,Display,gdn,display,camp_13,3075,14,23.23
2025-01-18,CMP_1014,LATAM_Competitor_Display,Display,gdn,display,camp_14,2591,22,18.02
2025-01-18,CMP_1015,LATAM_Competitor_Display,Paid Social,linkedin,paid_social,camp_15,1279,24,103.44
2025-01-18,CMP_1016,APAC_Competitor_Search,Display,gdn,display,camp_16,2630,23,57.18
2025-01-18,CMP_1017,US_Brand_LinkedIn,Display,gdn,display,camp_17,1889,17,25.66
2025-01-18,CMP_1018,APAC_FeatureX_LinkedIn,Paid Social,linkedin,paid_social,camp_18,2050,57,187.77
2025-01-18,CMP_1019,LATAM_Brand_Display,Paid Social,linkedin,paid_social,camp_19,2571,48,376.96
2025-01-19,CMP_1001,EMEA_FeatureY_Search,Paid Social,linkedin,paid_social,camp_1,1101,13,86.06
2025-01-19,CMP_1002,APAC_Brand_Search,Paid Social,linkedin,paid_social,camp_2,2347,36,220.56
2025-01-19,CMP_1003,APAC_FeatureY_Search,Paid Search,google,paid_search,camp_3,3669,145,834.42
2025-01-19,CMP_1004,US_FeatureY_Display,Paid Social,linkedin,paid_social,camp_4,1714,25,137.05
2025-01-19,CMP_1005,US_FeatureX_Search,Paid Social,linkedin,paid_social,camp_5,1913,42,144.71
2025-01-19,CMP_1006,EMEA_Competitor_LinkedIn,Paid Search,google,paid_search,camp_6,3827,90,538.1
2025-01-19,CMP_1007,EMEA_FeatureY_Display,Paid Social,linkedin,paid_social,camp_7,1967,26,175.9
2025-01-19,CMP_1008,EMEA_Brand_Search,Display,gdn,display,camp_8,3048,14,24.91
2025-01-19,CMP_1009,US_FeatureX_Search,Paid Social,linkedin,paid_social,camp_9,2762,39,169.71
2025-01-19,CMP_1010,LATAM_Competitor_LinkedIn,Paid Social,linkedin,paid_social,camp_10,2293,23,131.87
2025-01-19,CMP_1011,LATAM_Brand_LinkedIn,Paid Social,linkedin,paid_social,camp_11,1407,17,98.15
2025-01-19,CMP_1012,LATAM_FeatureX_Display,Display,gdn,display,camp_12,2934,14,26.95
2025-01-19,CMP_1013,APAC_Brand_LinkedIn,Display,gdn,display,camp_13,1504,10,20.61
2025-01-19,CMP_1014,LATAM_Competitor_Display,Display,gdn,display,camp_14,2112,21,25.71
2025-01-19,CMP_1015,LATAM_Competitor_Display,Paid Social,linkedin,paid_social,camp_15,1435,22,148.86
2025-01-19,CMP_1016,APAC_Competitor_Search,Display,gdn,display,camp_16,3358,24,48.87
2025-01-19,CMP_1017,US_Brand_LinkedIn,Display,gdn,display,camp_17,2872,15,27.26
2025-01-19,CMP_1018,APAC_FeatureX_LinkedIn,Paid Social,linkedin,paid_social,camp_18,2252,51,356.87
2025-01-19,CMP_1019,LATAM_Brand_Display,Paid Social,linkedin,paid_social,camp_19,1213,12,85.94
2025-01-20,CMP_1001,EMEA_FeatureY_Search,Paid Social,linkedin,paid_social,camp_1,4076,79,516.36
2025-01-20,CMP_1002,APAC_Brand_Search,Paid Social,linkedin,paid_social,camp_2,3551,93,667.55
2025-01-20,CMP_1003,APAC_FeatureY_Search,Paid Search,google,paid_search,camp_3,5186,137,679.34
2025-01-20,CMP_1004,US_FeatureY_Display,Paid Social,linkedin,paid_social,camp_4,3460,85,304.64
2025-01-20,CMP_1005,US_FeatureX_Search,Paid Social,linkedin,paid_social,camp_5,3016,69,379.03
2025-01-20,CMP_1006,EMEA_Competitor_LinkedIn,Paid Search,google,paid_search,camp_6,6786,289,1580.0
2025-01-20,CMP_1007,EMEA_FeatureY_Display,Paid Social,linkedin,paid_social,camp_7,4177,91,315.97
2025-01-20,CMP_1008,EMEA_Brand_Search,Display,gdn,display,camp_8,4227,34,72.16
2025-01-20,CMP_1009,US_FeatureX_Search,Paid Social,linkedin,paid_social,camp_9,3135,61,422.3
2025-01-20,CMP_1010,LATAM_Competitor_LinkedIn,Paid Social,linkedin,paid_social,camp_10,4606,85,517.31
2025-01-20,CMP_1011,LATAM_Brand_LinkedIn,Paid Social,linkedin,paid_social,camp_11,4310,46,271.64
2025-01-20,CMP_1012,LATAM_FeatureX_Display,Display,gdn,display,camp_12,4708,28,42.61
2025-01-20,CMP_1013,APAC_Brand_LinkedIn,Display,gdn,display,camp_13,3722,43,89.03
2025-01-20,CMP_1014,LATAM_Competitor_Display,Display,gdn,display,camp_14,5359,56,103.54
2025-01-20,CMP_1015,LATAM_Competitor_Display,Paid Social,linkedin,paid_social,camp_15,3687,44,216.8
2025-01-20,CMP_1016,APAC_Competitor_Search,Display,gdn,display,camp_16,4623,26,27.55
2025-01-20,CMP_1017,US_Brand_LinkedIn,Display,gdn,display,camp_17,5395,31,75.28
2025-01-20,CMP_1018,APAC_FeatureX_LinkedIn,Paid Social,linkedin,paid_social,camp_18,4256,90,366.69
2025-01-20,CMP_1019,LATAM_Brand_Display,Paid Social,linkedin,paid_social,camp_19,3499,91,706.4
2025-01-21,CMP_1001,EMEA_FeatureY_Search,Paid Social,linkedin,paid_social,camp_1,4514,118,815.9
2025-01-21,CMP_1002,APAC_Brand_Search,Paid Social,linkedin,paid_social,camp_2,3522,54,330.46
2025-01-21,CMP_1003,APAC_FeatureY_Search,Paid Search,google,paid_search,camp_3,7084,276,1277.5
2025-01-21,CMP_1004,US_FeatureY_Display,Paid Social,linkedin,paid_social,camp_4,3605,65,401.54
2025-01-21,CMP_1005,US_FeatureX_Search,Paid Social,linkedin,paid_social,camp_5,2491,35,269.63
2025-01-21,CMP_1006,EMEA_Competitor_LinkedIn,Paid Search,google,paid_search,camp_6,6603,359,1566.36
2025-01-21,CMP_1007,EMEA_FeatureY_Display,Paid Social,linkedin,paid_social,camp_7,3218,41,274.4
2025-01-21,CMP_1008,EMEA_Brand_Search,Display,gdn,display,camp_8,5215,53,56.78
2025-01-21,CMP_1009,US_FeatureX_Search,Paid Social,linkedin,paid_social,camp_9,3603,77,534.76
2025-01-21,CMP_1010,LATAM_Competitor_LinkedIn,Paid Social,linkedin,paid_social,camp_10,2742,51,360.82
2025-01-21,CMP_1011,LATAM_Brand_LinkedIn,Paid Social,linkedin,paid_social,camp_11,3467,41,182.6
2025-01-21,CMP_1012,LATAM_FeatureX_Display,Display,gdn,display,camp_12,3610,42,76.06
2025-01-21,CMP_1013,APAC_Brand_LinkedIn,Display,gdn,display,camp_13,4352,40,42.17
2025-01-21,CMP_1014,LATAM_Competitor_Display,Display,gdn,display,camp_14,3180,35,62.75
2025-01-21,CMP_1015,LATAM_Competitor_Display,Paid Social,linkedin,paid_social,camp_15,3669,79,249.26
2025-01-21,CMP_1016,APAC_Competitor_Search,Display,gdn,display,camp_16,6151,26,40.34
2025-01-21,CMP_1017,US_Brand_LinkedIn,Display,gdn,display,camp_17,5954,51,65.1
2025-01-21,CMP_1018,APAC_FeatureX_LinkedIn,Paid Social,linkedin,paid_social,camp_18,4232,120,700.69
2025-01-21,CMP_1019,LATAM_Brand_Display,Paid Social,linkedin,paid_social,camp_19,3931,102,363.03
2025-01-22,CMP_1001,EMEA_FeatureY_Search,Paid Social,linkedin,paid_social,camp_1,3411,96,728.71
2025-01-22,CMP_1002,APAC_Brand_Search,Paid Social,linkedin,paid_social,camp_2,3451,79,281.19
2025-01-22,CMP_1003,APAC_FeatureY_Search,Paid Search,google,paid_search,camp_3,5634,137,594.09
2025-01-22,CMP_1004,US_FeatureY_Display,Paid Social,linkedin,paid_social,camp_4,4348,87,317.98
2025-01-22,CMP_1005,US_FeatureX_Search,Paid Social,linkedin,paid_social,camp_5,3714,82,326.99
2025-01-22,CMP_1006,EMEA_Competitor_LinkedIn,Paid Search,google,paid_search,camp_6,6679,205,799.66
2025-01-22,CMP_1007,EMEA_FeatureY_Display,Paid Social,linkedin,paid_social,camp_7,3232,64,242.41
2025-01-22,CMP_1008,EMEA_Brand_Search,Display,gdn,display,camp_8,4869,41,73.97
2025-01-22,CMP_1009,US_FeatureX_Search,Paid Social,linkedin,paid_social,camp_9,3483,35,144.75
2025-01-22,CMP_1010,LATAM_Competitor_LinkedIn,Paid Social,linkedin,paid_social,camp_10,3646,80,466.99
2025-01-22,CMP_1011,LATAM_Brand_LinkedIn,Paid Social,linkedin,paid_social,camp_11,2186,53,285.41
2025-01-22,CMP_1012,LATAM_FeatureX_Display,Display,gdn,display,camp_12,4992,28,32.12
2025-01-22,CMP_1013,APAC_Brand_LinkedIn,Display,gdn,display,camp_13,4675,38,56.02
2025-01-22,CMP_1014,LATAM_Competitor_Display,Display,gdn,display,camp_14,5588,57,46.03
2025-01-22,CMP_1015,LATAM_Competitor_Display,Paid Social,linkedin,paid_social,camp_15,3592,106,415.87
2025-01-22,CMP_1016,APAC_Competitor_Search,Display,gdn,display,camp_16,3260,15,22.54
2025-01-22,CMP_1017,US_Brand_LinkedIn,Display,gdn,display,camp_17,4772,35,34.99
2025-01-22,CMP_1018,APAC_FeatureX_LinkedIn,Paid Social,linkedin,paid_social,camp_18,3318,97,325.4
2025-01-22,CMP_1019,LATAM_Brand_Display,Paid Social,linkedin,paid_social,camp_19,3051,31,160.87
2025-01-23,CMP_1001,EMEA_FeatureY_Search,Paid Social,linkedin,paid_social,camp_1,2988,88,536.13
2025-01-23,CMP_1002,APAC_Brand_Search,Paid Social,linkedin,paid_social,camp_2,3274,77,567.06
2025-01-23,CMP_1003,APAC_FeatureY_Search,Paid Search,google,paid_search,camp_3,7034,212,793.91
2025-01-23,CMP_1004,US_FeatureY_Display,Paid Social,linkedin,paid_social,camp_4,3217,61,396.92
2025-01-23,CMP_1005,US_FeatureX_Search,Paid Social,linkedin,paid_social,camp_5,4208,98,520.9
2025-01-23,CMP_1006,EMEA_Competitor_LinkedIn,Paid Search,google,paid_search,camp_6,6243,210,981.73
2025-01-23,CMP_1007,EMEA_FeatureY_Display,Paid Social,linkedin,paid_social,camp_7,4023,41,236.79
2025-01-23,CMP_1008,EMEA_Brand_Search,Display,gdn,display,camp_8,5144,54,44.59
2025-01-23,CMP_1009,US_FeatureX_Search,Paid Social,linkedin,paid_social,camp_9,3333,73,407.01
2025-01-23,CMP_1010,LATAM_Competitor_LinkedIn,Paid Social,linkedin,paid_social,camp_10,3571,63,313.66
2025-01-23,CMP_1011,LATAM_Brand_LinkedIn,Paid Social,linkedin,paid_social,camp_11,3962,104,503.43
2025-01-23,CMP_1012,LATAM_FeatureX_Display,Display,gdn,display,camp_12,5240,39,71.87
2025-01-23,CMP_1013,APAC_Brand_LinkedIn,Display,gdn,display,camp_13,5778,30,34.75
2025-01-23,CMP_1014,LATAM_Competitor_Display,Display,gdn,display,camp_14,4868,48,78.17
2025-01-23,CMP_1015,LATAM_Competitor_Display,Paid Social,linkedin,paid_social,camp_15,3520,47,214.74
2025-01-23,CMP_1016,APAC_Competitor_Search,Display,gdn,display,camp_16,5508,55,47.33
2025-01-23,CMP_1017,US_Brand_LinkedIn,Display,gdn,display,camp_17,6307,63,118.33
2025-01-23,CMP_1018,APAC_FeatureX_LinkedIn,Paid Social,linkedin,paid_social,camp_18,4281,94,628.74
2025-01-23,CMP_1019,LATAM_Brand_Display,Paid Social,linkedin,paid_social,camp_19,4224,85,497.41
2025-01-24,CMP_1001,EMEA_FeatureY_Search,Paid Social,linkedin,paid_social,camp_1,3100,32,213.81
2025-01-24,CMP_1002,APAC_Brand_Search,Paid Social,linkedin,paid_social,camp_2,2774,51,166.73
2025-01-24,CMP_1003,APAC_FeatureY_Search,Paid Search,google,paid_search,camp_3,4310,201,403.97
2025-01-24,CMP_1004,US_FeatureY_Display,Paid Social,linkedin,paid_social,camp_4,3475,102,502.92
2025-01-24,CMP_1005,US_FeatureX_Search,Paid Social,linkedin,paid_social,camp_5,4266,118,937.27
2025-01-24,CMP_1006,EMEA_Competitor_LinkedIn,Paid Search,google,paid_search,camp_6,5704,145,595.17
2025-01-24,CMP_1007,EMEA_FeatureY_Display,Paid Social,linkedin,paid_social,camp_7,3179,61,413.44
2025-01-24,CMP_1008,EMEA_Brand_Search,Display,gdn,display,camp_8,5559,55,87.18
2025-01-24,CMP_1009,US_FeatureX_Search,Paid Social,linkedin,paid_social,camp_9,3449,73,313.75
2025-01-24,CMP_1010,LATAM_Competitor_LinkedIn,Paid Social,linkedin,paid_social,camp_10,1995,44,280.66
2025-01-24,CMP_1011,LATAM_Brand_LinkedIn,Paid Social,linkedin,paid_social,camp_11,4018,101,384.25
2025-01-24,CMP_1012,LATAM_FeatureX_Display,Display,gdn,display,camp_12,4044,41,68.33
2025-01-24,CMP_1013,APAC_Brand_LinkedIn,Display,gdn,display,camp_13,5344,21,25.09
2025-01-24,CMP_1014,LATAM_Competitor_Display,Display,gdn,display,camp_14,5892,56,125.74
2025-01-24,CMP_1015,LATAM_Competitor_Display,Paid Social,linkedin,paid_social,camp_15,3482,34,256.56
2025-01-24,CMP_1016,APAC_Competitor_Search,Display,gdn,display,camp_16,4795,25,54.57
2025-01-24,CMP_1017,US_Brand_LinkedIn,Display,gdn,display,camp_17,5591,66,60.64
2025-01-24,CMP_1018,APAC_FeatureX_LinkedIn,Paid Social,linkedin,paid_social,camp_18,2638,43,254.13
2025-01-24,CMP_1019,LATAM_Brand_Display,Paid Social,linkedin,paid_social,camp_19,3047,49,349.51
2025-01-25,CMP_1001,EMEA_FeatureY_Search,Paid Social,linkedin,paid_social,camp_1,1630,18,118.74
2025-01-25,CMP_1002,APAC_Brand_Search,Paid Social,linkedin,paid_social,camp_2,2236,48,287.31
2025-01-25,CMP_1003,APAC_FeatureY_Search,Paid Search,google,paid_search,camp_3,3640,195,894.25
2025-01-25,CMP_1004,US_FeatureY_Display,Paid Social,linkedin,paid_social,camp_4,2797,75,467.49
2025-01-25,CMP_1005,US_FeatureX_Search,Paid Social,linkedin,paid_social,camp_5,1511,34,124.08
2025-01-25,CMP_1006,EMEA_Competitor_LinkedIn,Paid Search,google,paid_search,camp_6,3424,146,320.33
2025-01-25,CMP_1007,EMEA_FeatureY_Display,Paid Social,linkedin,paid_social,camp_7,1340,34,188.64
2025-01-25,CMP_1008,EMEA_Brand_Search,Display,gdn,display,camp_8,978,8,11.5
2025-01-25,CMP_1009,US_FeatureX_Search,Paid Social,linkedin,paid_social,camp_9,1645,29,207.74
2025-01-25,CMP_1010,LATAM_Competitor_LinkedIn,Paid Social,linkedin,paid_social,camp_10,2422,68,354.93
2025-01-25,CMP_1011,LATAM_Brand_LinkedIn,Paid Social,linkedin,paid_social,camp_11,1713,24,100.63
2025-01-25,CMP_1012,LATAM_FeatureX_Display,Display,gdn,display,camp_12,1767,17,34.79
2025-01-25,CMP_1013,APAC_Brand_LinkedIn,Display,gdn,display,camp_13,824,4,5.1
2025-01-25,CMP_1014,LATAM_Competitor_Display,Display,gdn,display,camp_14,1368,12,20.33
2025-01-25,CMP_1015,LATAM_Competitor_Display,Paid Social,linkedin,paid_social,camp_15,2202,29,167.95
2025-01-25,CMP_1016,APAC_Competitor_Search,Display,gdn,display,camp_16,4284,40,74.81
2025-01-25,CMP_1017,US_Brand_LinkedIn,Display,gdn,display,camp_17,2934,25,60.0
2025-01-25,CMP_1018,APAC_FeatureX_LinkedIn,Paid Social,linkedin,paid_social,camp_18,2013,39,140.11
2025-01-25,CMP_1019,LATAM_Brand_Display,Paid Social,linkedin,paid_social,camp_19,2288,50,356.17
2025-01-26,CMP_1001,EMEA_FeatureY_Search,Paid Social,linkedin,paid_social,camp_1,2077,47,177.95
2025-01-26,CMP_1002,APAC_Brand_Search,Paid Social,linkedin,paid_social,camp_2,2973,35,121.78
2025-01-26,CMP_1003,APAC_FeatureY_Search,Paid Search,google,paid_search,camp_3,2131,42,205.13
2025-01-26,CMP_1004,US_FeatureY_Display,Paid Social,linkedin,paid_social,camp_4,1795,22,95.17
2025-01-26,CMP_1005,US_FeatureX_Search,Paid Social,linkedin,paid_social,camp_5,2593,39,277.65
2025-01-26,CMP_1006,EMEA_Competitor_LinkedIn,Paid Search,google,paid_search,camp_6,1348,59,146.07
2025-01-26,CMP_1007,EMEA_FeatureY_Display,Paid Social,linkedin,paid_social,camp_7,1991,25,173.73
2025-01-26,CMP_1008,EMEA_Brand_Search,Display,gdn,display,camp_8,2615,26,54.25
2025-01-26,CMP_1009,US_FeatureX_Search,Paid Social,linkedin,paid_social,camp_9,1408,25,161.61
2025-01-26,CMP_1010,LATAM_Competitor_LinkedIn,Paid Social,linkedin,paid_social,camp_10,2020,25,77.13
2025-01-26,CMP_1011,LATAM_Brand_LinkedIn,Paid Social,linkedin,paid_social,camp_11,2439,35,269.39
2025-01-26,CMP_1012,LATAM_FeatureX_Display,Display,gdn,display,camp_12,1974,13,17.58
2025-01-26,CMP_1013,APAC_Brand_LinkedIn,Display,gdn,display,camp_13,1694,14,29.12
2025-01-26,CMP_1014,LATAM_Competitor_Display,Display,gdn,display,camp_14,4314,38,59.21
2025-01-26,CMP_1015,LATAM_Competitor_Display,Paid Social,linkedin,paid_social,camp_15,1940,29,138.66
2025-01-26,CMP_1016,APAC_Competitor_Search,Display,gdn,display,camp_16,1741,16,28.62
2025-01-26,CMP_1017,US_Brand_LinkedIn,Display,gdn,display,camp_17,1503,6,5.86
2025-01-26,CMP_1018,APAC_FeatureX_LinkedIn,Paid Social,linkedin,paid_social,camp_18,1199,18,62.57
2025-01-26,CMP_1019,LATAM_Brand_Display,Paid Social,linkedin,paid_social,camp_19,838,24,149.64
2025-01-27,CMP_1001,EMEA_FeatureY_Search,Paid Social,linkedin,paid_social,camp_1,3422,51,342.66
2025-01-27,CMP_1002,APAC_Brand_Search,Paid Social,linkedin,paid_social,camp_2,3672,103,699.51
2025-01-27,CMP_1003,APAC_FeatureY_Search,Paid Search,google,paid_search,camp_3,4693,95,306.37
2025-01-27,CMP_1004,US_FeatureY_Display,Paid Social,linkedin,paid_social,camp_4,3510,98,461.73
2025-01-27,CMP_1005,US_FeatureX_Search,Paid Social,linkedin,paid_social,camp_5,3357,49,302.96
2025-01-27,CMP_1006,EMEA_Competitor_LinkedIn,Paid Search,google,paid_search,camp_6,6037,350,1568.64
2025-01-27,CMP_1007,EMEA_FeatureY_Display,Paid Social,linkedin,paid_social,camp_7,2881,43,328.8
2025-01-27,CMP_1008,EMEA_Brand_Search,Display,gdn,display,camp_8,3609,42,34.0
2025-01-27,CMP_1009,US_FeatureX_Search,Paid Social,linkedin,paid_social,camp_9,3564,82,613.32
2025-01-27,CMP_1010,LATAM_Competitor_LinkedIn,Paid Social,linkedin,paid_social,camp_10,2463,50,238.57
2025-01-27,CMP_1011,LATAM_Brand_LinkedIn,Paid Social,linkedin,paid_social,camp_11,4272,125,402.43
2025-01-27,CMP_1012,LATAM_FeatureX_Display,Display,gdn,display,camp_12,4397,18,34.33
2025-01-27,CMP_1013,APAC_Brand_LinkedIn,Display,gdn,display,camp_13,4837,47,107.74
2025-01-27,CMP_1014,LATAM_Competitor_Display,Display,gdn,display,camp_14,3996,23,23.69
2025-01-27,CMP_1015,LATAM_Competitor_Display,Paid Social,linkedin,paid_social,camp_15,3907,94,469.21
2025-01-27,CMP_1016,APAC_Competitor_Search,Display,gdn,display,camp_16,5209,26,26.25
2025-01-27,CMP_1017,US_Brand_LinkedIn,Display,gdn,display,camp_17,4744,24,19.25
2025-01-27,CMP_1018,APAC_FeatureX_LinkedIn,Paid Social,linkedin,paid_social,camp_18,2977,30,205.42
2025-01-27,CMP_1019,LATAM_Brand_Display,Paid Social,linkedin,paid_social,camp_19,2794,77,524.51
2025-01-28,CMP_1001,EMEA_FeatureY_Search,Paid Social,linkedin,paid_social,camp_1,2665,63,446.97
2025-01-28,CMP_1002,APAC_Brand_Search,Paid Social,linkedin,paid_social,camp_2,3368,84,388.35
2025-01-28,CMP_1003,APAC_FeatureY_Search,Paid Search,google,paid_search,camp_3,7508,185,536.11
2025-01-28,CMP_1004,US_FeatureY_Display,Paid Social,linkedin,paid_social,camp_4,3663,77,603.71
2025-01-28,CMP_1005,US_FeatureX_Search,Paid Social,linkedin,paid_social,camp_5,3447,88,590.47
2025-01-28,CMP_1006,EMEA_Competitor_LinkedIn,Paid Search,google,paid_search,camp_6,4741,180,711.0
2025-01-28,CMP_1007,EMEA_FeatureY_Display,Paid Social,linkedin,paid_social,camp_7,4257,97,385.27
2025-01-28,CMP_1008,EMEA_Brand_Search,Display,gdn,display,camp_8,3352,36,50.47
2025-01-28,CMP_1009,US_FeatureX_Search,Paid Social,linkedin,paid_social,camp_9,3011,60,363.01
2025-01-28,CMP_1010,LATAM_Competitor_LinkedIn,Paid Social,linkedin,paid_social,camp_10,3690,90,482.49
2025-01-28,CMP_1011,LATAM_Brand_LinkedIn,Paid Social,linkedin,paid_social,camp_11,3426,64,463.45
2025-01-28,CMP_1012,LATAM_FeatureX_Display,Display,gdn,display,camp_12,5738,46,104.84
2025-01-28,CMP_1013,APAC_Brand_LinkedIn,Display,gdn,display,camp_13,5497,39,62.19
2025-01-28,CMP_1014,LATAM_Competitor_Display,Display,gdn,display,camp_14,5574,27,43.65
2025-01-28,CMP_1015,LATAM_Competitor_Display,Paid Social,linkedin,paid_social,camp_15,3499,92,384.35
2025-01-28,CMP_1016,APAC_Competitor_Search,Display,gdn,display,camp_16,4922,23,26.99
2025-01-28,CMP_1017,US_Brand_LinkedIn,Display,gdn,display,camp_17,5851,49,109.95
2025-01-28,CMP_1018,APAC_FeatureX_LinkedIn,Paid Social,linkedin,paid_social,camp_18,3336,91,496.69
2025-01-28,CMP_1019,LATAM_Brand_Display,Paid Social,linkedin,paid_social,camp_19,3628,59,191.41
2025-01-29,CMP_1001,EMEA_FeatureY_Search,Paid Social,linkedin,paid_social,camp_1,3223,35,119.82
2025-01-29,CMP_1002,APAC_Brand_Search,Paid Social,linkedin,paid_social,camp_2,3130,92,548.11
2025-01-29,CMP_1003,APAC_FeatureY_Search,Paid Search,google,paid_search,camp_3,6567,315,1422.11
2025-01-29,CMP_1004,US_FeatureY_Display,Paid Social,linkedin,paid_social,camp_4,3194,37,238.08
2025-01-29,CMP_1005,US_FeatureX_Search,Paid Social,linkedin,paid_social,camp_5,3133,92,420.83
2025-01-29,CMP_1006,EMEA_Competitor_LinkedIn,Paid Search,google,paid_search,camp_6,6609,283,1339.54
2025-01-29,CMP_1007,EMEA_FeatureY_Display,Paid Social,linkedin,paid_social,camp_7,3831,50,328.35
2025-01-29,CMP_1008,EMEA_Brand_Search,Display,gdn,display,camp_8,4519,26,63.42
2025-01-29,CMP_1009,US_FeatureX_Search,Paid Social,linkedin,paid_social,camp_9,2873,82,625.15
2025-01-29,CMP_1010,LATAM_Competitor_LinkedIn,Paid Social,linkedin,paid_social,camp_10,3989,54,284.64
2025-01-29,CMP_1011,LATAM_Brand_LinkedIn,Paid Social,linkedin,paid_social,camp_11,3915,86,600.58
2025-01-29,CMP_1012,LATAM_FeatureX_Display,Display,gdn,display,camp_12,4154,45,76.36
2025-01-29,CMP_1013,APAC_Brand_LinkedIn,Display,gdn,display,camp_13,4977,42,73.0
2025-01-29,CMP_1014,LATAM_Competitor_Display,Display,gdn,display,camp_14,4169,40,97.88
2025-01-29,CMP_1015,LATAM_Competitor_Display,Paid Social,linkedin,paid_social,camp_15,2927,37,139.16
2025-01-29,CMP_1016,APAC_Competitor_Search,Display,gdn,display,camp_16,5090,34,60.67
2025-01-29,CMP_1017,US_Brand_LinkedIn,Display,gdn,display,camp_17,4682,46,110.15
2025-01-29,CMP_1018,APAC_FeatureX_LinkedIn,Paid Social,linkedin,paid_social,camp_18,3180,73,451.47
2025-01-29,CMP_1019,LATAM_Brand_Display,Paid Social,linkedin,paid_social,camp_19,4030,59,431.94
2025-01-30,CMP_1001,EMEA_FeatureY_Search,Paid Social,linkedin,paid_social,camp_1,4358,45,342.02
2025-01-30,CMP_1002,APAC_Brand_Search,Paid Social,linkedin,paid_social,camp_2,4868,131,1047.34
2025-01-30,CMP_1003,APAC_FeatureY_Search,Paid Search,google,paid_search,camp_3,6510,181,622.47
2025-01-30,CMP_1004,US_FeatureY_Display,Paid Social,linkedin,paid_social,camp_4,3654,98,433.28
2025-01-30,CMP_1005,US_FeatureX_Search,Paid Social,linkedin,paid_social,camp_5,3990,62,218.25
2025-01-30,CMP_1006,EMEA_Competitor_LinkedIn,Paid Search,google,paid_search,camp_6,4930,279,1544.4
2025-01-30,CMP_1007,EMEA_FeatureY_Display,Paid Social,linkedin,paid_social,camp_7,3990,42,280.25
2025-01-30,CMP_1008,EMEA_Brand_Search,Display,gdn,display,camp_8,4971,35,69.48
2025-01-30,CMP_1009,US_FeatureX_Search,Paid Social,linkedin,paid_social,camp_9,4446,84,280.95
2025-01-30,CMP_1010,LATAM_Competitor_LinkedIn,Paid Social,linkedin,paid_social,camp_10,2486,55,405.51
2025-01-30,CMP_1011,LATAM_Brand_LinkedIn,Paid Social,linkedin,paid_social,camp_11,3471,93,371.53
2025-01-30,CMP_1012,LATAM_FeatureX_Display,Display,gdn,display,camp_12,4757,56,136.85
2025-01-30,CMP_1013,APAC_Brand_LinkedIn,Display,gdn,display,camp_13,3639,36,37.65
2025-01-30,CMP_1014,LATAM_Competitor_Display,Display,gdn,display,camp_14,5380,64,140.86
2025-01-30,CMP_1015,LATAM_Competitor_Display,Paid Social,linkedin,paid_social,camp_15,3706,94,678.42
2025-01-30,CMP_1016,APAC_Competitor_Search,Display,gdn,display,camp_16,5363,62,66.98
2025-01-30,CMP_1017,US_Brand_LinkedIn,Display,gdn,display,camp_17,5375,29,60.77
2025-01-30,CMP_1018,APAC_FeatureX_LinkedIn,Paid Social,linkedin,paid_social,camp_18,4214,47,348.89
2025-01-30,CMP_1019,LATAM_Brand_Display,Paid Social,linkedin,paid_social,camp_19,4347,95,606.74
2025-01-31,CMP_1001,EMEA_FeatureY_Search,Paid Social,linkedin,paid_social,camp_1,2869,43,139.68
2025-01-31,CMP_1002,APAC_Brand_Search,Paid Social,linkedin,paid_social,camp_2,3850,91,463.56
2025-01-31,CMP_1003,APAC_FeatureY_Search,Paid Search,google,paid_search,camp_3,3821,107,434.52
2025-01-31,CMP_1004,US_FeatureY_Display,Paid Social,linkedin,paid_social,camp_4,4450,63,472.1
2025-01-31,CMP_1005,US_FeatureX_Search,Paid Social,linkedin,paid_social,camp_5,3164,43,240.16
2025-01-31,CMP_1006,EMEA_Competitor_LinkedIn,Paid Search,google,paid_search,camp_6,6728,194,932.67
2025-01-31,CMP_1007,EMEA_FeatureY_Display,Paid Social,linkedin,paid_social,camp_7,3450,68,357.95
2025-01-31,CMP_1008,EMEA_Brand_Search,Display,gdn,display,camp_8,4345,41,84.41
2025-01-31,CMP_1009,US_FeatureX_Search,Paid Social,linkedin,paid_social,camp_9,3524,77,430.24
2025-01-31,CMP_1010,LATAM_Competitor_LinkedIn,Paid Social,linkedin,paid_social,camp_10,3816,95,611.69
2025-01-31,CMP_1011,LATAM_Brand_LinkedIn,Paid Social,linkedin,paid_social,camp_11,3460,88,424.03
2025-01-31,CMP_1012,LATAM_FeatureX_Display,Display,gdn,display,camp_12,4107,41,88.23
2025-01-31,CMP_1013,APAC_Brand_LinkedIn,Display,gdn,display,camp_13,4894,58,143.4
2025-01-31,CMP_1014,LATAM_Competitor_Display,Display,gdn,display,camp_14,3370,36,60.91
2025-01-31,CMP_1015,LATAM_Competitor_Display,Paid Social,linkedin,paid_social,camp_15,2988,60,348.67
2025-01-31,CMP_1016,APAC_Competitor_Search,Display,gdn,display,camp_16,3019,23,42.12
2025-01-31,CMP_1017,US_Brand_LinkedIn,Display,gdn,display,camp_17,4636,48,93.52
2025-01-31,CMP_1018,APAC_FeatureX_LinkedIn,Paid Social,linkedin,paid_social,camp_18,3091,51,154.13
2025-01-31,CMP_1019,LATAM_Brand_Display,Paid Social,linkedin,paid_social,camp_19,3301,66,493.63
2025-02-01,CMP_1001,EMEA_FeatureY_Search,Paid Social,linkedin,paid_social,camp_1,1727,33,114.47
2025-02-01,CMP_1002,APAC_Brand_Search,Paid Social,linkedin,paid_social,camp_2,1837,24,180.2
2025-02-01,CMP_1003,APAC_FeatureY_Search,Paid Search,google,paid_search,camp_3,3701,127,390.49
2025-02-01,CMP_1004,US_FeatureY_Display,Paid Social,linkedin,paid_social,camp_4,2065,41,286.47
2025-02-01,CMP_1005,US_FeatureX_Search,Paid Social,linkedin,paid_social,camp_5,1521,16,61.25
2025-02-01,CMP_1006,EMEA_Competitor_LinkedIn,Paid Search,google,paid_search,camp_6,2767,143,621.09
2025-02-01,CMP_1007,EMEA_FeatureY_Display,Paid Social,linkedin,paid_social,camp_7,1793,27,92.84
2025-02-01,CMP_1008,EMEA_Brand_Search,Display,gdn,display,camp_8,2668,15,19.33
2025-02-01,CMP_1009,US_FeatureX_Search,Paid Social,linkedin,paid_social,camp_9,2091,36,136.18
2025-02-01,CMP_1010,LATAM_Competitor_LinkedIn,Paid Social,linkedin,paid_social,camp_10,1590,36,231.13
2025-02-01,CMP_1011,LATAM_Brand_LinkedIn,Paid Social,linkedin,paid_social,camp_11,1421,25,105.92
2025-02-01,CMP_1012,LATAM_FeatureX_Display,Display,gdn,display,camp_12,1660,12,29.43
2025-02-01,CMP_1013,APAC_Brand_LinkedIn,Display,gdn,display,camp_13,2838,31,75.96
2025-02-01,CMP_1014,LATAM_Competitor_Display,Display,gdn,display,camp_14,2065,19,31.38
2025-02-01,CMP_1015,LATAM_Competitor_Display,Paid Social,linkedin,paid_social,camp_15,2425,56,188.35
2025-02-01,CMP_1016,APAC_Competitor_Search,Display,gdn,display,camp_16,2808,16,28.14
2025-02-01,CMP_1017,US_Brand_LinkedIn,Display,gdn,display,camp_17,2228,10,19.62
2025-02-01,CMP_1018,APAC_FeatureX_LinkedIn,Paid Social,linkedin,paid_social,camp_18,1732,43,132.65
2025-02-01,CMP_1019,LATAM_Brand_Display,Paid Social,linkedin,paid_social,camp_19,1809,25,157.23
2025-02-02,CMP_1001,EMEA_FeatureY_Search,Paid Social,linkedin,paid_social,camp_1,2656,35,152.39
2025-02-02,CMP_1002,APAC_Brand_Search,Paid Social,linkedin,paid_social,camp_2,1919,50,382.17
2025-02-02,CMP_1003,APAC_FeatureY_Search,Paid Search,google,paid_search,camp_3,3863,83,488.59
2025-02-02,CMP_1004,US_FeatureY_Display,Paid Social,linkedin,paid_social,camp_4,1252,19,123.92
2025-02-02,CMP_1005,US_FeatureX_Search,Paid Social,linkedin,paid_social,camp_5,2297,60,424.38
2025-02-02,CMP_1006,EMEA_Competitor_LinkedIn,Paid Search,google,paid_search,camp_6,725,22,56.89
2025-02-02,CMP_1007,EMEA_FeatureY_Display,Paid Social,linkedin,paid_social,camp_7,1918,36,228.59
2025-02-02,CMP_1008,EMEA_Brand_Search,Display,gdn,display,camp_8,1688,10,10.63
2025-02-02,CMP_1009,US_FeatureX_Search,Paid Social,linkedin,paid_social,camp_9,921,12,42.86
2025-02-02,CMP_1010,LATAM_Competitor_LinkedIn,Paid Social,linkedin,paid_social,camp_10,614,17,130.73
2025-02-02,CMP_1011,LATAM_Brand_LinkedIn,Paid Social,linkedin,paid_social,camp_11,1485,42,243.27
2025-02-02,CMP_1012,LATAM_FeatureX_Display,Display,gdn,display,camp_12,3258,15,22.36
2025-02-02,CMP_1013,APAC_Brand_LinkedIn,Display,gdn,display,camp_13,2554,29,71.09
2025-02-02,CMP_1014,LATAM_Competitor_Display,Display,gdn,display,camp_14,3627,15,22.54
2025-02-02,CMP_1015,LATAM_Competitor_Display,Paid Social,linkedin,paid_social,camp_15,2933,35,202.71
2025-02-02,CMP_1016,APAC_Competitor_Search,Display,gdn,display,camp_16,3186,30,53.08
2025-02-02,CMP_1017,US_Brand_LinkedIn,Display,gdn,display,camp_17,1981,20,35.3
2025-02-02,CMP_1018,APAC_FeatureX_LinkedIn,Paid Social,linkedin,paid_social,camp_18,2426,42,219.0
2025-02-02,CMP_1019,LATAM_Brand_Display,Paid Social,linkedin,paid_social,camp_19,1711,19,136.87
2025-02-03,CMP_1001,EMEA_FeatureY_Search,Paid Social,linkedin,paid_social,camp_1,3955,71,443.66
2025-02-03,CMP_1002,APAC_Brand_Search,Paid Social,linkedin,paid_social,camp_2,3004,43,342.34
2025-02-03,CMP_1003,APAC_FeatureY_Search,Paid Search,google,paid_search,camp_3,5085,177,1058.19
2025-02-03,CMP_1004,US_FeatureY_Display,Paid Social,linkedin,paid_social,camp_4,3108,77,285.94
2025-02-03,CMP_1005,US_FeatureX_Search,Paid Social,linkedin,paid_social,camp_5,2917,34,268.93
2025-02-03,CMP_1006,EMEA_Competitor_LinkedIn,Paid Search,google,paid_search,camp_6,5138,196,475.01
2025-02-03,CMP_1007,EMEA_FeatureY_Display,Paid Social,linkedin,paid_social,camp_7,3849,85,498.6
2025-02-03,CMP_1008,EMEA_Brand_Search,Display,gdn,display,camp_8,6345,55,71.77
2025-02-03,CMP_1009,US_FeatureX_Search,Paid Social,linkedin,paid_social,camp_9,3254,62,367.66
2025-02-03,CMP_1010,LATAM_Competitor_LinkedIn,Paid Social,linkedin,paid_social,camp_10,3655,78,564.25
2025-02-03,CMP_1011,LATAM_Brand_LinkedIn,Paid Social,linkedin,paid_social,camp_11,4125,86,566.64
2025-02-03,CMP_1012,LATAM_FeatureX_Display,Display,gdn,display,camp_12,5400,22,43.11
2025-02-03,CMP_1013,APAC_Brand_LinkedIn,Display,gdn,display,camp_13,3432,20,40.14
2025-02-03,CMP_1014,LATAM_Competitor_Display,Display,gdn,display,camp_14,5713,38,88.63
2025-02-03,CMP_1015,LATAM_Competitor_Display,Paid Social,linkedin,paid_social,camp_15,3902,112,502.26
2025-02-03,CMP_1016,APAC_Competitor_Search,Display,gdn,display,camp_16,6568,62,105.54
2025-02-03,CMP_1017,US_Brand_LinkedIn,Display,gdn,display,camp_17,5010,24,37.16
2025-02-03,CMP_1018,APAC_FeatureX_LinkedIn,Paid Social,linkedin,paid_social,camp_18,3527,69,507.77
2025-02-03,CMP_1019,LATAM_Brand_Display,Paid Social,linkedin,paid_social,camp_19,4052,60,450.6
2025-02-04,CMP_1001,EMEA_FeatureY_Search,Paid Social,linkedin,paid_social,camp_1,5076,52,389.01
2025-02-04,CMP_1002,APAC_Brand_Search,Paid Social,linkedin,paid_social,camp_2,3449,68,410.42
2025-02-04,CMP_1003,APAC_FeatureY_Search,Paid Search,google,paid_search,camp_3,7300,311,667.59
2025-02-04,CMP_1004,US_FeatureY_Display,Paid Social,linkedin,paid_social,camp_4,3041,73,569.15
2025-02-04,CMP_1005,US_FeatureX_Search,Paid Social,linkedin,paid_social,camp_5,2740,61,412.77
2025-02-04,CMP_1006,EMEA_Competitor_LinkedIn,Paid Search,google,paid_search,camp_6,5981,197,492.26
2025-02-04,CMP_1007,EMEA_FeatureY_Display,Paid Social,linkedin,paid_social,camp_7,3119,34,175.5
2025-02-04,CMP_1008,EMEA_Brand_Search,Display,gdn,display,camp_8,5287,48,44.36
2025-02-04,CMP_1009,US_FeatureX_Search,Paid Social,linkedin,paid_social,camp_9,3406,61,213.78
2025-02-04,CMP_1010,LATAM_Competitor_LinkedIn,Paid Social,linkedin,paid_social,camp_10,3425,89,420.71
2025-02-04,CMP_1011,LATAM_Brand_LinkedIn,Paid Social,linkedin,paid_social,camp_11,3290,88,538.64
2025-02-04,CMP_1012,LATAM_FeatureX_Display,Display,gdn,display,camp_12,3547,30,60.32
2025-02-04,CMP_1013,APAC_Brand_LinkedIn,Display,gdn,display,camp_13,4244,23,31.27
2025-02-04,CMP_1014,LATAM_Competitor_Display,Display,gdn,display,camp_14,4753,20,27.32
2025-02-04,CMP_1015,LATAM_Competitor_Display,Paid Social,linkedin,paid_social,camp_15,3463,102,795.61
2025-02-04,CMP_1016,APAC_Competitor_Search,Display,gdn,display,camp_16,3876,31,32.94
2025-02-04,CMP_1017,US_Brand_LinkedIn,Display,gdn,display,camp_17,4208,17,35.17
2025-02-04,CMP_1018,APAC_FeatureX_LinkedIn,Paid Social,linkedin,paid_social,camp_18,3451,93,542.07
2025-02-04,CMP_1019,LATAM_Brand_Display,Paid Social,linkedin,paid_social,camp_19,3550,85,538.77
2025-02-05,CMP_1001,EMEA_FeatureY_Search,Paid Social,linkedin,paid_social,camp_1,3866,114,600.35
2025-02-05,CMP_1002,APAC_Brand_Search,Paid Social,linkedin,paid_social,camp_2,3045,38,272.88
2025-02-05,CMP_1003,APAC_FeatureY_Search,Paid Search,google,paid_search,camp_3,7058,173,532.61
2025-02-05,CMP_1004,US_FeatureY_Display,Paid Social,linkedin,paid_social,camp_4,3441,41,171.38
2025-02-05,CMP_1005,US_FeatureX_Search,Paid Social,linkedin,paid_social,camp_5,3715,62,314.34
2025-02-05,CMP_1006,EMEA_Competitor_LinkedIn,Paid Search,google,paid_search,camp_6,6615,157,324.75
2025-02-05,CMP_1007,EMEA_FeatureY_Display,Paid Social,linkedin,paid_social,camp_7,3860,102,375.45
2025-02-05,CMP_1008,EMEA_Brand_Search,Display,gdn,display,camp_8,5544,54,94.68
2025-02-05,CMP_1009,US_FeatureX_Search,Paid Social,linkedin,paid_social,camp_9,3918,82,423.29
2025-02-05,CMP_1010,LATAM_Competitor_LinkedIn,Paid Social,linkedin,paid_social,camp_10,2807,37,192.48
2025-02-05,CMP_1011,LATAM_Brand_LinkedIn,Paid Social,linkedin,paid_social,camp_11,2854,40,253.99
2025-02-05,CMP_1012,LATAM_FeatureX_Display,Display,gdn,display,camp_12,5013,29,42.97
2025-02-05,CMP_1013,APAC_Brand_LinkedIn,Display,gdn,display,camp_13,5455,49,74.92
2025-02-05,CMP_1014,LATAM_Competitor_Display,Display,gdn,display,camp_14,4823,41,36.17
2025-02-05,CMP_1015,LATAM_Competitor_Display,Paid Social,linkedin,paid_social,camp_15,4618,96,718.97
2025-02-05,CMP_1016,APAC_Competitor_Search,Display,gdn,display,camp_16,6228,55,130.55
2025-02-05,CMP_1017,US_Brand_LinkedIn,Display,gdn,display,camp_17,5341,22,54.0
2025-02-05,CMP_1018,APAC_FeatureX_LinkedIn,Paid Social,linkedin,paid_social,camp_18,3428,68,524.52
2025-02-05,CMP_1019,LATAM_Brand_Display,Paid Social,linkedin,paid_social,camp_19,3500,50,273.3
2025-02-06,CMP_1001,EMEA_FeatureY_Search,Paid Social,linkedin,paid_social,camp_1,4237,114,779.58
2025-02-06,CMP_1002,APAC_Brand_Search,Paid Social,linkedin,paid_social,camp_2,3253,61,271.75
2025-02-06,CMP_1003,APAC_FeatureY_Search,Paid Search,google,paid_search,camp_3,6827,399,2192.44
2025-02-06,CMP_1004,US_FeatureY_Display,Paid Social,linkedin,paid_social,camp_4,4626,79,404.38
2025-02-06,CMP_1005,US_FeatureX_Search,Paid Social,linkedin,paid_social,camp_5,3394,59,188.96
2025-02-06,CMP_1006,EMEA_Competitor_LinkedIn,Paid Search,google,paid_search,camp_6,6511,234,1178.49
2025-02-06,CMP_1007,EMEA_FeatureY_Display,Paid Social,linkedin,paid_social,camp_7,3273,64,395.8
2025-02-06,CMP_1008,EMEA_Brand_Search,Display,gdn,display,camp_8,4367,50,91.42
2025-02-06,CMP_1009,US_FeatureX_Search,Paid Social,linkedin,paid_social,camp_9,3335,79,535.51
2025-02-06,CMP_1010,LATAM_Competitor_LinkedIn,Paid Social,linkedin,paid_social,camp_10,3394,64,457.02
2025-02-06,CMP_1011,LATAM_Brand_LinkedIn,Paid Social,linkedin,paid_social,camp_11,3044,33,118.3
2025-02-06,CMP_1012,LATAM_FeatureX_Display,Display,gdn,display,camp_12,6189,49,53.67
2025-02-06,CMP_1013,APAC_Brand_LinkedIn,Display,gdn,display,camp_13,4717,32,40.97
2025-02-06,CMP_1014,LATAM_Competitor_Display,Display,gdn,display,camp_14,3390,19,41.18
2025-02-06,CMP_1015,LATAM_Competitor_Display,Paid Social,linkedin,paid_social,camp_15,4676,80,469.61
2025-02-06,CMP_1016,APAC_Competitor_Search,Display,gdn,display,camp_16,4543,26,48.08
2025-02-06,CMP_1017,US_Brand_LinkedIn,Display,gdn,display,camp_17,4559,24,53.84
2025-02-06,CMP_1018,APAC_FeatureX_LinkedIn,Paid Social,linkedin,paid_social,camp_18,4350,97,605.09
2025-02-06,CMP_1019,LATAM_Brand_Display,Paid Social,linkedin,paid_social,camp_19,4026,107,705.18
2025-02-07,CMP_1001,EMEA_FeatureY_Search,Paid Social,linkedin,paid_social,camp_1,3705,54,405.72
2025-02-07,CMP_1002,APAC_Brand_Search,Paid Social,linkedin,paid_social,camp_2,4063,100,562.5
2025-02-07,CMP_1003,APAC_FeatureY_Search,Paid Search,google,paid_search,camp_3,5139,267,756.13
2025-02-07,CMP_1004,US_FeatureY_Display,Paid Social,linkedin,paid_social,camp_4,3691,97,544.86
2025-02-07,CMP_1005,US_FeatureX_Search,Paid Social,linkedin,paid_social,camp_5,3119,47,157.85
2025-02-07,CMP_1006,EMEA_Competitor_LinkedIn,Paid Search,google,paid_search,camp_6,5260,280,1557.43
2025-02-07,CMP_1007,EMEA_FeatureY_Display,Paid Social,linkedin,paid_social,camp_7,2646,50,302.13
2025-02-07,CMP_1008,EMEA_Brand_Search,Display,gdn,display,camp_8,4526,31,35.37
2025-02-07,CMP_1009,US_FeatureX_Search,Paid Social,linkedin,paid_social,camp_9,2398,47,333.74
2025-02-07,CMP_1010,LATAM_Competitor_LinkedIn,Paid Social,linkedin,paid_social,camp_10,3977,55,301.69
2025-02-07,CMP_1011,LATAM_Brand_LinkedIn,Paid Social,linkedin,paid_social,camp_11,4107,78,511.4
2025-02-07,CMP_1012,LATAM_FeatureX_Display,Display,gdn,display,camp_12,4976,36,88.44
2025-02-07,CMP_1013,APAC_Brand_LinkedIn,Display,gdn,display,camp_13,4344,45,66.64
2025-02-07,CMP_1014,LATAM_Competitor_Display,Display,gdn,display,camp_14,5427,64,151.44
2025-02-07,CMP_1015,LATAM_Competitor_Display,Paid Social,linkedin,paid_social,camp_15,4503,54,210.99
2025-02-07,CMP_1016,APAC_Competitor_Search,Display,gdn,display,camp_16,4810,23,43.19
2025-02-07,CMP_1017,US_Brand_LinkedIn,Display,gdn,display,camp_17,5830,32,70.6
2025-02-07,CMP_1018,APAC_FeatureX_LinkedIn,Paid Social,linkedin,paid_social,camp_18,3998,72,421.29
2025-02-07,CMP_1019,LATAM_Brand_Display,Paid Social,linkedin,paid_social,camp_19,4254,110,388.5
2025-02-08,CMP_1001,EMEA_FeatureY_Search,Paid Social,linkedin,paid_social,camp_1,1369,14,58.43
2025-02-08,CMP_1002,APAC_Brand_Search,Paid Social,linkedin,paid_social,camp_2,1658,49,174.28
2025-02-08,CMP_1003,APAC_FeatureY_Search,Paid Search,google,paid_search,camp_3,3718,150,756.51
2025-02-08,CMP_1004,US_FeatureY_Display,Paid Social,linkedin,paid_social,camp_4,2367,56,187.09
2025-02-08,CMP_1005,US_FeatureX_Search,Paid Social,linkedin,paid_social,camp_5,1850,38,114.02
2025-02-08,CMP_1006,EMEA_Competitor_LinkedIn,Paid Search,google,paid_search,camp_6,3543,89,184.89
2025-02-08,CMP_1007,EMEA_FeatureY_Display,Paid Social,linkedin,paid_social,camp_7,1961,40,283.87
2025-02-08,CMP_1008,EMEA_Brand_Search,Display,gdn,display,camp_8,742,6,10.09
2025-02-08,CMP_1009,US_FeatureX_Search,Paid Social,linkedin,paid_social,camp_9,771,15,119.8
2025-02-08,CMP_1010,LATAM_Competitor_LinkedIn,Paid Social,linkedin,paid_social,camp_10,1023,11,82.69
2025-02-08,CMP_1011,LATAM_Brand_LinkedIn,Paid Social,linkedin,paid_social,camp_11,1721,20,118.54
2025-02-08,CMP_1012,LATAM_FeatureX_Display,Display,gdn,display,camp_12,2737,29,55.97
2025-02-08,CMP_1013,APAC_Brand_LinkedIn,Display,gdn,display,camp_13,2797,20,40.37
2025-02-08,CMP_1014,LATAM_Competitor_Display,Display,gdn,display,camp_14,2275,23,50.38
2025-02-08,CMP_1015,LATAM_Competitor_Display,Paid Social,linkedin,paid_social,camp_15,1535,36,202.33
2025-02-08,CMP_1016,APAC_Competitor_Search,Display,gdn,display,camp_16,2285,20,44.03
2025-02-08,CMP_1017,US_Brand_LinkedIn,Display,gdn,display,camp_17,3020,23,43.02
2025-02-08,CMP_1018,APAC_FeatureX_LinkedIn,Paid Social,linkedin,paid_social,camp_18,1870,54,229.53
2025-02-08,CMP_1019,LATAM_Brand_Display,Paid Social,linkedin,paid_social,camp_19,2111,42,261.51
2025-02-09,CMP_1001,EMEA_FeatureY_Search,Paid Social,linkedin,paid_social,camp_1,2116,46,211.86
2025-02-09,CMP_1002,APAC_Brand_Search,Paid Social,linkedin,paid_social,camp_2,2126,23,95.48
2025-02-09,CMP_1003,APAC_FeatureY_Search,Paid Search,google,paid_search,camp_3,2015,98,302.74
2025-02-09,CMP_1004,US_FeatureY_Display,Paid Social,linkedin,paid_social,camp_4,1955,36,189.42
2025-02-09,CMP_1005,US_FeatureX_Search,Paid Social,linkedin,paid_social,camp_5,1144,29,185.18
2025-02-09,CMP_1006,EMEA_Competitor_LinkedIn,Paid Search,google,paid_search,camp_6,3608,81,219.89
2025-02-09,CMP_1007,EMEA_FeatureY_Display,Paid Social,linkedin,paid_social,camp_7,1997,43,207.67
2025-02-09,CMP_1008,EMEA_Brand_Search,Display,gdn,display,camp_8,3058,24,38.49
2025-02-09,CMP_1009,US_FeatureX_Search,Paid Social,linkedin,paid_social,camp_9,973,16,58.99
2025-02-09,CMP_1010,LATAM_Competitor_LinkedIn,Paid Social,linkedin,paid_social,camp_10,1073,13,57.78
2025-02-09,CMP_1011,LATAM_Brand_LinkedIn,Paid Social,linkedin,paid_social,camp_11,1853,31,243.58
2025-02-09,CMP_1012,LATAM_FeatureX_Display,Display,gdn,display,camp_12,2362,21,37.18
2025-02-09,CMP_1013,APAC_Brand_LinkedIn,Display,gdn,display,camp_13,898,4,3.21
2025-02-09,CMP_1014,LATAM_Competitor_Display,Display,gdn,display,camp_14,1664,12,25.38
2025-02-09,CMP_1015,LATAM_Competitor_Display,Paid Social,linkedin,paid_social,camp_15,1035,18,96.01
2025-02-09,CMP_1016,APAC_Competitor_Search,Display,gdn,display,camp_16,3314,19,29.01
2025-02-09,CMP_1017,US_Brand_LinkedIn,Display,gdn,display,camp_17,2892,19,31.87
2025-02-09,CMP_1018,APAC_FeatureX_LinkedIn,Paid Social,linkedin,paid_social,camp_18,2199,65,290.14
2025-02-09,CMP_1019,LATAM_Brand_Display,Paid Social,linkedin,paid_social,camp_19,2635,78,509.02
2025-02-10,CMP_1001,EMEA_FeatureY_Search,Paid Social,linkedin,paid_social,camp_1,2728,69,493.28
2025-02-10,CMP_1002,APAC_Brand_Search,Paid Social,linkedin,paid_social,camp_2,3309,53,361.2
2025-02-10,CMP_1003,APAC_FeatureY_Search,Paid Search,google,paid_search,camp_3,6378,282,747.17
2025-02-10,CMP_1004,US_FeatureY_Display,Paid Social,linkedin,paid_social,camp_4,3797,105,390.18
2025-02-10,CMP_1005,US_FeatureX_Search,Paid Social,linkedin,paid_social,camp_5,3633,66,450.06
2025-02-10,CMP_1006,EMEA_Competitor_LinkedIn,Paid Search,google,paid_search,camp_6,3678,94,507.83
2025-02-10,CMP_1007,EMEA_FeatureY_Display,Paid Social,linkedin,paid_social,camp_7,2228,59,357.09
2025-02-10,CMP_1008,EMEA_Brand_Search,Display,gdn,display,camp_8,6688,56,80.64
2025-02-10,CMP_1009,US_FeatureX_Search,Paid Social,linkedin,paid_social,camp_9,2960,78,521.56
2025-02-10,CMP_1010,LATAM_Competitor_LinkedIn,Paid Social,linkedin,paid_social,camp_10,4378,47,319.94
2025-02-10,CMP_1011,LATAM_Brand_LinkedIn,Paid Social,linkedin,paid_social,camp_11,3184,91,437.25
2025-02-10,CMP_1012,LATAM_FeatureX_Display,Display,gdn,display,camp_12,4206,30,63.68
2025-02-10,CMP_1013,APAC_Brand_LinkedIn,Display,gdn,display,camp_13,4239,46,90.82
2025-02-10,CMP_1014,LATAM_Competitor_Display,Display,gdn,display,camp_14,5188,58,74.79
2025-02-10,CMP_1015,LATAM_Competitor_Display,Paid Social,linkedin,paid_social,camp_15,3115,35,248.23
2025-02-10,CMP_1016,APAC_Competitor_Search,Display,gdn,display,camp_16,4969,42,94.29
2025-02-10,CMP_1017,US_Brand_LinkedIn,Display,gdn,display,camp_17,4779,27,52.44
2025-02-10,CMP_1018,APAC_FeatureX_LinkedIn,Paid Social,linkedin,paid_social,camp_18,3866,87,686.49
2025-02-10,CMP_1019,LATAM_Brand_Display,Paid Social,linkedin,paid_social,camp_19,3342,62,396.24
2025-02-11,CMP_1001,EMEA_FeatureY_Search,Paid Social,linkedin,paid_social,camp_1,3221,72,356.86
2025-02-11,CMP_1002,APAC_Brand_Search,Paid Social,linkedin,paid_social,camp_2,3985,57,259.23
2025-02-11,CMP_1003,APAC_FeatureY_Search,Paid Search,google,paid_search,camp_3,6450,378,1935.48
2025-02-11,CMP_1004,US_FeatureY_Display,Paid Social,linkedin,paid_social,camp_4,2904,47,355.56
2025-02-11,CMP_1005,US_FeatureX_Search,Paid Social,linkedin,paid_social,camp_5,3965,98,454.61
2025-02-11,CMP_1006,EMEA_Competitor_LinkedIn,Paid Search,google,paid_search,camp_6,6881,237,1373.11
2025-02-11,CMP_1007,EMEA_FeatureY_Display,Paid Social,linkedin,paid_social,camp_7,4532,109,375.33
2025-02-11,CMP_1008,EMEA_Brand_Search,Display,gdn,display,camp_8,4660,46,50.34
2025-02-11,CMP_1009,US_FeatureX_Search,Paid Social,linkedin,paid_social,camp_9,3567,44,278.96
2025-02-11,CMP_1010,LATAM_Competitor_LinkedIn,Paid Social,linkedin,paid_social,camp_10,3205,83,303.83
2025-02-11,CMP_1011,LATAM_Brand_LinkedIn,Paid Social,linkedin,paid_social,camp_11,3655,94,417.64
2025-02-11,CMP_1012,LATAM_FeatureX_Display,Display,gdn,display,camp_12,5984,51,48.3
2025-02-11,CMP_1013,APAC_Brand_LinkedIn,Display,gdn,display,camp_13,3763,24,56.94
2025-02-11,CMP_1014,LATAM_Competitor_Display,Display,gdn,display,camp_14,4851,41,72.43
2025-02-11,CMP_1015,LATAM_Competitor_Display,Paid Social,linkedin,paid_social,camp_15,2938,69,293.49
2025-02-11,CMP_1016,APAC_Competitor_Search,Display,gdn,display,camp_16,4603,35,35.8
2025-02-11,CMP_1017,US_Brand_LinkedIn,Display,gdn,display,camp_17,2570,24,53.12
2025-02-11,CMP_1018,APAC_FeatureX_LinkedIn,Paid Social,linkedin,paid_social,camp_18,3842,68,508.28
2025-02-11,CMP_1019,LATAM_Brand_Display,Paid Social,linkedin,paid_social,camp_19,3897,44,284.02
2025-02-12,CMP_1001,EMEA_FeatureY_Search,Paid Social,linkedin,paid_social,camp_1,3527,78,539.03
2025-02-12,CMP_1002,APAC_Brand_Search,Paid Social,linkedin,paid_social,camp_2,4206,50,198.29
2025-02-12,CMP_1003,APAC_FeatureY_Search,Paid Search,google,paid_search,camp_3,3360,170,507.49
2025-02-12,CMP_1004,US_FeatureY_Display,Paid Social,linkedin,paid_social,camp_4,3480,52,326.08
2025-02-12,CMP_1005,US_FeatureX_Search,Paid Social,linkedin,paid_social,camp_5,3685,42,277.05
2025-02-12,CMP_1006,EMEA_Competitor_LinkedIn,Paid Search,google,paid_search,camp_6,5507,254,770.24
2025-02-12,CMP_1007,EMEA_FeatureY_Display,Paid Social,linkedin,paid_social,camp_7,3947,49,361.19
2025-02-12,CMP_1008,EMEA_Brand_Search,Display,gdn,display,camp_8,4359,45,49.45
2025-02-12,CMP_1009,US_FeatureX_Search,Paid Social,linkedin,paid_social,camp_9,3671,83,603.97
2025-02-12,CMP_1010,LATAM_Competitor_LinkedIn,Paid Social,linkedin,paid_social,camp_10,3204,64,237.72
2025-02-12,CMP_1011,LATAM_Brand_LinkedIn,Paid Social,linkedin,paid_social,camp_11,2708,75,228.94
2025-02-12,CMP_1012,LATAM_FeatureX_Display,Display,gdn,display,camp_12,4203,30,61.87
2025-02-12,CMP_1013,APAC_Brand_LinkedIn,Display,gdn,display,camp_13,5792,36,36.06
2025-02-12,CMP_1014,LATAM_Competitor_Display,Display,gdn,display,camp_14,5525,65,132.69
2025-02-12,CMP_1015,LATAM_Competitor_Display,Paid Social,linkedin,paid_social,camp_15,2672,41,226.86
2025-02-12,CMP_1016,APAC_Competitor_Search,Display,gdn,display,camp_16,3872,42,78.45
2025-02-12,CMP_1017,US_Brand_LinkedIn,Display,gdn,display,camp_17,4376,50,49.54
2025-02-12,CMP_1018,APAC_FeatureX_LinkedIn,Paid Social,linkedin,paid_social,camp_18,3310,34,122.61
2025-02-12,CMP_1019,LATAM_Brand_Display,Paid Social,linkedin,paid_social,camp_19,3555,59,412.02
2025-02-13,CMP_1001,EMEA_FeatureY_Search,Paid Social,linkedin,paid_social,camp_1,3558,104,596.45
2025-02-13,CMP_1002,APAC_Brand_Search,Paid Social,linkedin,paid_social,camp_2,4452,64,207.25
2025-02-13,CMP_1003,APAC_FeatureY_Search,Paid Search,google,paid_search,camp_3,7246,188,946.36
2025-02-13,CMP_1004,US_FeatureY_Display,Paid Social,linkedin,paid_social,camp_4,3543,45,242.06
2025-02-13,CMP_1005,US_FeatureX_Search,Paid Social,linkedin,paid_social,camp_5,4590,128,551.44
2025-02-13,CMP_1006,EMEA_Competitor_LinkedIn,Paid Search,google,paid_search,camp_6,5167,161,877.29
2025-02-13,CMP_1007,EMEA_FeatureY_Display,Paid Social,linkedin,paid_social,camp_7,3187,66,284.19
2025-02-13,CMP_1008,EMEA_Brand_Search,Display,gdn,display,camp_8,5360,23,41.58
2025-02-13,CMP_1009,US_FeatureX_Search,Paid Social,linkedin,paid_social,camp_9,3219,63,342.72
2025-02-13,CMP_1010,LATAM_Competitor_LinkedIn,Paid Social,linkedin,paid_social,camp_10,2919,69,434.22
2025-02-13,CMP_1011,LATAM_Brand_LinkedIn,Paid Social,linkedin,paid_social,camp_11,3169,91,649.44
2025-02-13,CMP_1012,LATAM_FeatureX_Display,Display,gdn,display,camp_12,4989,46,51.19
2025-02-13,CMP_1013,APAC_Brand_LinkedIn,Display,gdn,display,camp_13,6351,64,83.64
2025-02-13,CMP_1014,LATAM_Competitor_Display,Display,gdn,display,camp_14,5594,65,102.87
2025-02-13,CMP_1015,LATAM_Competitor_Display,Paid Social,linkedin,paid_social,camp_15,4332,95,341.7
2025-02-13,CMP_1016,APAC_Competitor_Search,Display,gdn,display,camp_16,5458,24,44.67
2025-02-13,CMP_1017,US_Brand_LinkedIn,Display,gdn,display,camp_17,5527,36,53.9
2025-02-13,CMP_1018,APAC_FeatureX_LinkedIn,Paid Social,linkedin,paid_social,camp_18,3493,98,612.76
2025-02-13,CMP_1019,LATAM_Brand_Display,Paid Social,linkedin,paid_social,camp_19,4645,81,616.53
2025-02-14,CMP_1001,EMEA_FeatureY_Search,Paid Social,linkedin,paid_social,camp_1,3396,71,281.98
2025-02-14,CMP_1002,APAC_Brand_Search,Paid Social,linkedin,paid_social,camp_2,2342,39,223.69
2025-02-14,CMP_1003,APAC_FeatureY_Search,Paid Search,google,paid_search,camp_3,6295,247,699.86
2025-02-14,CMP_1004,US_FeatureY_Display,Paid Social,linkedin,paid_social,camp_4,3725,101,455.66
2025-02-14,CMP_1005,US_FeatureX_Search,Paid Social,linkedin,paid_social,camp_5,4100,91,417.65
2025-02-14,CMP_1006,EMEA_Competitor_LinkedIn,Paid Search,google,paid_search,camp_6,6574,277,1618.75
2025-02-14,CMP_1007,EMEA_FeatureY_Display,Paid Social,linkedin,paid_social,camp_7,3925,111,495.32
2025-02-14,CMP_1008,EMEA_Brand_Search,Display,gdn,display,camp_8,4249,48,64.11
2025-02-14,CMP_1009,US_FeatureX_Search,Paid Social,linkedin,paid_social,camp_9,4155,97,323.24
2025-02-14,CMP_1010,LATAM_Competitor_LinkedIn,Paid Social,linkedin,paid_social,camp_10,4776,119,849.75
2025-02-14,CMP_1011,LATAM_Brand_LinkedIn,Paid Social,linkedin,paid_social,camp_11,3832,98,638.93
2025-02-14,CMP_1012,LATAM_FeatureX_Display,Display,gdn,display,camp_12,4880,53,97.3
2025-02-14,CMP_1013,APAC_Brand_LinkedIn,Display,gdn,display,camp_13,3982,46,81.37
2025-02-14,CMP_1014,LATAM_Competitor_Display,Display,gdn,display,camp_14,3929,22,36.71
2025-02-14,CMP_1015,LATAM_Competitor_Display,Paid Social,linkedin,paid_social,camp_15,3079,34,245.31
2025-02-14,CMP_1016,APAC_Competitor_Search,Display,gdn,display,camp_16,3560,25,21.61
2025-02-14,CMP_1017,US_Brand_LinkedIn,Display,gdn,display,camp_17,5633,52,53.85
2025-02-14,CMP_1018,APAC_FeatureX_LinkedIn,Paid Social,linkedin,paid_social,camp_18,3082,61,255.12
2025-02-14,CMP_1019,LATAM_Brand_Display,Paid Social,linkedin,paid_social,camp_19,3894,60,358.1
2025-02-15,CMP_1001,EMEA_FeatureY_Search,Paid Social,linkedin,paid_social,camp_1,2511,49,312.87
2025-02-15,CMP_1002,APAC_Brand_Search,Paid Social,linkedin,paid_social,camp_2,1817,23,107.16
2025-02-15,CMP_1003,APAC_FeatureY_Search,Paid Search,google,paid_search,camp_3,3108,153,382.46
2025-02-15,CMP_1004,US_FeatureY_Display,Paid Social,linkedin,paid_social,camp_4,1791,37,188.96
2025-02-15,CMP_1005,US_FeatureX_Search,Paid Social,linkedin,paid_social,camp_5,3016,32,141.35
2025-02-15,CMP_1006,EMEA_Competitor_LinkedIn,Paid Search,google,paid_search,camp_6,2074,41,158.35
2025-02-15,CMP_1007,EMEA_FeatureY_Display,Paid Social,linkedin,paid_social,camp_7,1087,26,104.02
2025-02-15,CMP_1008,EMEA_Brand_Search,Display,gdn,display,camp_8,1085,9,10.03
2025-02-15,CMP_1009,US_FeatureX_Search,Paid Social,linkedin,paid_social,camp_9,2148,47,321.75
2025-02-15,CMP_1010,LATAM_Competitor_LinkedIn,Paid Social,linkedin,paid_social,camp_10,1994,45,337.62
2025-02-15,CMP_1011,LATAM_Brand_LinkedIn,Paid Social,linkedin,paid_social,camp_11,898,20,113.6
2025-02-15,CMP_1012,LATAM_FeatureX_Display,Display,gdn,display,camp_12,1683,16,20.31
2025-02-15,CMP_1013,APAC_Brand_LinkedIn,Display,gdn,display,camp_13,1173,7,10.63
2025-02-15,CMP_1014,LATAM_Competitor_Display,Display,gdn,display,camp_14,3131,29,72.13
2025-02-15,CMP_1015,LATAM_Competitor_Display,Paid Social,linkedin,paid_social,camp_15,987,13,76.26
2025-02-15,CMP_1016,APAC_Competitor_Search,Display,gdn,display,camp_16,1290,6,12.13
2025-02-15,CMP_1017,US_Brand_LinkedIn,Display,gdn,display,camp_17,1362,14,20.52
2025-02-15,CMP_1018,APAC_FeatureX_LinkedIn,Paid Social,linkedin,paid_social,camp_18,1323,33,105.08
2025-02-15,CMP_1019,LATAM_Brand_Display,Paid Social,linkedin,paid_social,camp_19,1604,21,118.83
2025-02-16,CMP_1001,EMEA_FeatureY_Search,Paid Social,linkedin,paid_social,camp_1,2265,66,493.99
2025-02-16,CMP_1002,APAC_Brand_Search,Paid Social,linkedin,paid_social,camp_2,2119,60,371.83
2025-02-16,CMP_1003,APAC_FeatureY_Search,Paid Search,google,paid_search,camp_3,2779,83,408.49
2025-02-16,CMP_1004,US_FeatureY_Display,Paid Social,linkedin,paid_social,camp_4,1335,26,96.19
2025-02-16,CMP_1005,US_FeatureX_Search,Paid Social,linkedin,paid_social,camp_5,892,20,128.72
2025-02-16,CMP_1006,EMEA_Competitor_LinkedIn,Paid Search,google,paid_search,camp_6,4286,152,703.26
2025-02-16,CMP_1007,EMEA_FeatureY_Display,Paid Social,linkedin,paid_social,camp_7,1884,47,307.77
2025-02-16,CMP_1008,EMEA_Brand_Search,Display,gdn,display,camp_8,1690,11,10.72
2025-02-16,CMP_1009,US_FeatureX_Search,Paid Social,linkedin,paid_social,camp_9,1679,30,146.37
2025-02-16,CMP_1010,LATAM_Competitor_LinkedIn,Paid Social,linkedin,paid_social,camp_10,815,12,91.79
2025-02-16,CMP_1011,LATAM_Brand_LinkedIn,Paid Social,linkedin,paid_social,camp_11,2102,46,236.51
2025-02-16,CMP_1012,LATAM_FeatureX_Display,Display,gdn,display,camp_12,2595,28,41.5
2025-02-16,CMP_1013,APAC_Brand_LinkedIn,Display,gdn,display,camp_13,3711,40,85.03
2025-02-16,CMP_1014,LATAM_Competitor_Display,Display,gdn,display,camp_14,1708,17,29.88
2025-02-16,CMP_1015,LATAM_Competitor_Display,Paid Social,linkedin,paid_social,camp_15,2261,43,189.21
2025-02-16,CMP_1016,APAC_Competitor_Search,Display,gdn,display,camp_16,2799,13,14.37
2025-02-16,CMP_1017,US_Brand_LinkedIn,Display,gdn,display,camp_17,2827,12,13.35
2025-02-16,CMP_1018,APAC_FeatureX_LinkedIn,Paid Social,linkedin,paid_social,camp_18,2292,65,397.1
2025-02-16,CMP_1019,LATAM_Brand_Display,Paid Social,linkedin,paid_social,camp_19,1311,20,146.19
2025-02-17,CMP_1001,EMEA_FeatureY_Search,Paid Social,linkedin,paid_social,camp_1,3193,45,330.09
2025-02-17,CMP_1002,APAC_Brand_Search,Paid Social,linkedin,paid_social,camp_2,3227,96,422.17
2025-02-17,CMP_1003,APAC_FeatureY_Search,Paid Search,google,paid_search,camp_3,6106,242,1029.09
2025-02-17,CMP_1004,US_FeatureY_Display,Paid Social,linkedin,paid_social,camp_4,3770,40,202.53
2025-02-17,CMP_1005,US_FeatureX_Search,Paid Social,linkedin,paid_social,camp_5,2870,65,435.44
2025-02-17,CMP_1006,EMEA_Competitor_LinkedIn,Paid Search,google,paid_search,camp_6,6824,140,718.05
2025-02-17,CMP_1007,EMEA_FeatureY_Display,Paid Social,linkedin,paid_social,camp_7,4082,121,617.44
2025-02-17,CMP_1008,EMEA_Brand_Search,Display,gdn,display,camp_8,3687,25,59.15
2025-02-17,CMP_1009,US_FeatureX_Search,Paid Social,linkedin,paid_social,camp_9,3316,91,313.43
2025-02-17,CMP_1010,LATAM_Competitor_LinkedIn,Paid Social,linkedin,paid_social,camp_10,3751,76,599.21
2025-02-17,CMP_1011,LATAM_Brand_LinkedIn,Paid Social,linkedin,paid_social,camp_11,4116,112,410.82
2025-02-17,CMP_1012,LATAM_FeatureX_Display,Display,gdn,display,camp_12,4916,36,38.18
2025-02-17,CMP_1013,APAC_Brand_LinkedIn,Display,gdn,display,camp_13,5328,62,69.2
2025-02-17,CMP_1014,LATAM_Competitor_Display,Display,gdn,display,camp_14,4717,43,82.49
2025-02-17,CMP_1015,LATAM_Competitor_Display,Paid Social,linkedin,paid_social,camp_15,3127,47,185.24
2025-02-17,CMP_1016,APAC_Competitor_Search,Display,gdn,display,camp_16,5625,63,127.44
2025-02-17,CMP_1017,US_Brand_LinkedIn,Display,gdn,display,camp_17,6238,72,102.12
2025-02-17,CMP_1018,APAC_FeatureX_LinkedIn,Paid Social,linkedin,paid_social,camp_18,3945,65,395.63
2025-02-17,CMP_1019,LATAM_Brand_Display,Paid Social,linkedin,paid_social,camp_19,3607,66,315.75
2025-02-18,CMP_1001,EMEA_FeatureY_Search,Paid Social,linkedin,paid_social,camp_1,3215,70,341.49
2025-02-18,CMP_1002,APAC_Brand_Search,Paid Social,linkedin,paid_social,camp_2,3056,61,278.19
2025-02-18,CMP_1003,APAC_FeatureY_Search,Paid Search,google,paid_search,camp_3,6955,232,630.05
2025-02-18,CMP_1004,US_FeatureY_Display,Paid Social,linkedin,paid_social,camp_4,3448,54,246.75
2025-02-18,CMP_1005,US_FeatureX_Search,Paid Social,linkedin,paid_social,camp_5,3634,47,305.17
2025-02-18,CMP_1006,EMEA_Competitor_LinkedIn,Paid Search,google,paid_search,camp_6,6007,204,1052.8
2025-02-18,CMP_1007,EMEA_FeatureY_Display,Paid Social,linkedin,paid_social,camp_7,2474,29,120.08
2025-02-18,CMP_1008,EMEA_Brand_Search,Display,gdn,display,camp_8,5435,27,51.52
2025-02-18,CMP_1009,US_FeatureX_Search,Paid Social,linkedin,paid_social,camp_9,4073,105,377.18
2025-02-18,CMP_1010,LATAM_Competitor_LinkedIn,Paid Social,linkedin,paid_social,camp_10,3282,36,278.75
2025-02-18,CMP_1011,LATAM_Brand_LinkedIn,Paid Social,linkedin,paid_social,camp_11,3055,90,709.1
2025-02-18,CMP_1012,LATAM_FeatureX_Display,Display,gdn,display,camp_12,5110,39,65.58
2025-02-18,CMP_1013,APAC_Brand_LinkedIn,Display,gdn,display,camp_13,4418,19,20.08
2025-02-18,CMP_1014,LATAM_Competitor_Display,Display,gdn,display,camp_14,5494,55,46.68
2025-02-18,CMP_1015,LATAM_Competitor_Display,Paid Social,linkedin,paid_social,camp_15,2638,28,145.16
2025-02-18,CMP_1016,APAC_Competitor_Search,Display,gdn,display,camp_16,6243,37,37.31
2025-02-18,CMP_1017,US_Brand_LinkedIn,Display,gdn,display,camp_17,5248,32,46.73
2025-02-18,CMP_1018,APAC_FeatureX_LinkedIn,Paid Social,linkedin,paid_social,camp_18,3703,84,299.89
2025-02-18,CMP_1019,LATAM_Brand_Display,Paid Social,linkedin,paid_social,camp_19,3556,96,755.15
2025-02-19,CMP_1001,EMEA_FeatureY_Search,Paid Social,linkedin,paid_social,camp_1,4796,103,359.51
2025-02-19,CMP_1002,APAC_Brand_Search,Paid Social,linkedin,paid_social,camp_2,3833,43,174.08
2025-02-19,CMP_1003,APAC_FeatureY_Search,Paid Search,google,paid_search,camp_3,6200,338,1222.29
2025-02-19,CMP_1004,US_FeatureY_Display,Paid Social,linkedin,paid_social,camp_4,4136,103,574.53
2025-02-19,CMP_1005,US_FeatureX_Search,Paid Social,linkedin,paid_social,camp_5,3564,58,404.98
2025-02-19,CMP_1006,EMEA_Competitor_LinkedIn,Paid Search,google,paid_search,camp_6,7028,247,741.66
2025-02-19,CMP_1007,EMEA_FeatureY_Display,Paid Social,linkedin,paid_social,camp_7,4220,80,335.96
2025-02-19,CMP_1008,EMEA_Brand_Search,Display,gdn,display,camp_8,4452,50,68.8
2025-02-19,CMP_1009,US_FeatureX_Search,Paid Social,linkedin,paid_social,camp_9,3746,75,508.64
2025-02-19,CMP_1010,LATAM_Competitor_LinkedIn,Paid Social,linkedin,paid_social,camp_10,4284,109,642.36
2025-02-19,CMP_1011,LATAM_Brand_LinkedIn,Paid Social,linkedin,paid_social,camp_11,4612,76,522.66
2025-02-19,CMP_1012,LATAM_FeatureX_Display,Display,gdn,display,camp_12,5028,35,64.67
2025-02-19,CMP_1013,APAC_Brand_LinkedIn,Display,gdn,display,camp_13,4327,47,111.48
2025-02-19,CMP_1014,LATAM_Competitor_Display,Display,gdn,display,camp_14,4878,42,76.02
2025-02-19,CMP_1015,LATAM_Competitor_Display,Paid Social,linkedin,paid_social,camp_15,2669,56,397.05
2025-02-19,CMP_1016,APAC_Competitor_Search,Display,gdn,display,camp_16,3538,41,62.23
2025-02-19,CMP_1017,US_Brand_LinkedIn,Display,gdn,display,camp_17,5095,30,71.73
2025-02-19,CMP_1018,APAC_FeatureX_LinkedIn,Paid Social,linkedin,paid_social,camp_18,3073,75,392.17
2025-02-19,CMP_1019,LATAM_Brand_Display,Paid Social,linkedin,paid_social,camp_19,2633,52,323.9
2025-02-20,CMP_1001,EMEA_FeatureY_Search,Paid Social,linkedin,paid_social,camp_1,3173,51,163.77
2025-02-20,CMP_1002,APAC_Brand_Search,Paid Social,linkedin,paid_social,camp_2,3025,53,328.09
2025-02-20,CMP_1003,APAC_FeatureY_Search,Paid Search,google,paid_search,camp_3,5905,292,959.52
2025-02-20,CMP_1004,US_FeatureY_Display,Paid Social,linkedin,paid_social,camp_4,3780,111,522.35
2025-02-20,CMP_1005,US_FeatureX_Search,Paid Social,linkedin,paid_social,camp_5,4665,139,992.72
2025-02-20,CMP_1006,EMEA_Competitor_LinkedIn,Paid Search,google,paid_search,camp_6,7330,191,1084.26
2025-02-20,CMP_1007,EMEA_FeatureY_Display,Paid Social,linkedin,paid_social,camp_7,2942,77,315.57
2025-02-20,CMP_1008,EMEA_Brand_Search,Display,gdn,display,camp_8,4920,48,116.78
2025-02-20,CMP_1009,US_FeatureX_Search,Paid Social,linkedin,paid_social,camp_9,2797,32,228.14
2025-02-20,CMP_1010,LATAM_Competitor_LinkedIn,Paid Social,linkedin,paid_social,camp_10,3384,77,337.83
2025-02-20,CMP_1011,LATAM_Brand_LinkedIn,Paid Social,linkedin,paid_social,camp_11,3630,39,225.69
2025-02-20,CMP_1012,LATAM_FeatureX_Display,Display,gdn,display,camp_12,5561,46,69.82
2025-02-20,CMP_1013,APAC_Brand_LinkedIn,Display,gdn,display,camp_13,5292,41,82.97
2025-02-20,CMP_1014,LATAM_Competitor_Display,Display,gdn,display,camp_14,4601,43,35.9
2025-02-20,CMP_1015,LATAM_Competitor_Display,Paid Social,linkedin,paid_social,camp_15,2368,67,413.19
2025-02-20,CMP_1016,APAC_Competitor_Search,Display,gdn,display,camp_16,4884,20,45.58
2025-02-20,CMP_1017,US_Brand_LinkedIn,Display,gdn,display,camp_17,5896,60,148.01
2025-02-20,CMP_1018,APAC_FeatureX_LinkedIn,Paid Social,linkedin,paid_social,camp_18,4598,65,263.79
2025-02-20,CMP_1019,LATAM_Brand_Display,Paid Social,linkedin,paid_social,camp_19,3822,67,305.31
2025-02-21,CMP_1001,EMEA_FeatureY_Search,Paid Social,linkedin,paid_social,camp_1,3577,80,457.68
2025-02-21,CMP_1002,APAC_Brand_Search,Paid Social,linkedin,paid_social,camp_2,3690,49,350.24
2025-02-21,CMP_1003,APAC_FeatureY_Search,Paid Search,google,paid_search,camp_3,4563,239,988.99
2025-02-21,CMP_1004,US_FeatureY_Display,Paid Social,linkedin,paid_social,camp_4,4467,55,266.11
2025-02-21,CMP_1005,US_FeatureX_Search,Paid Social,linkedin,paid_social,camp_5,3199,81,518.14
2025-02-21,CMP_1006,EMEA_Competitor_LinkedIn,Paid Search,google,paid_search,camp_6,7893,421,2071.63
2025-02-21,CMP_1007,EMEA_FeatureY_Display,Paid Social,linkedin,paid_social,camp_7,3721,71,504.34
2025-02-21,CMP_1008,EMEA_Brand_Search,Display,gdn,display,camp_8,4007,22,21.69
2025-02-21,CMP_1009,US_FeatureX_Search,Paid Social,linkedin,paid_social,camp_9,3122,44,197.81
2025-02-21,CMP_1010,LATAM_Competitor_LinkedIn,Paid Social,linkedin,paid_social,camp_10,4543,124,721.01
2025-02-21,CMP_1011,LATAM_Brand_LinkedIn,Paid Social,linkedin,paid_social,camp_11,4168,92,652.07
2025-02-21,CMP_1012,LATAM_FeatureX_Display,Display,gdn,display,camp_12,4405,22,20.97
2025-02-21,CMP_1013,APAC_Brand_LinkedIn,Display,gdn,display,camp_13,4567,36,74.55
2025-02-21,CMP_1014,LATAM_Competitor_Display,Display,gdn,display,camp_14,6650,70,163.17
2025-02-21,CMP_1015,LATAM_Competitor_Display,Paid Social,linkedin,paid_social,camp_15,2839,58,432.43
2025-02-21,CMP_1016,APAC_Competitor_Search,Display,gdn,display,camp_16,5405,48,62.35
2025-02-21,CMP_1017,US_Brand_LinkedIn,Display,gdn,display,camp_17,5781,53,102.34
2025-02-21,CMP_1018,APAC_FeatureX_LinkedIn,Paid Social,linkedin,paid_social,camp_18,3858,82,390.45
2025-02-21,CMP_1019,LATAM_Brand_Display,Paid Social,linkedin,paid_social,camp_19,3828,49,286.57
2025-02-22,CMP_1001,EMEA_FeatureY_Search,Paid Social,linkedin,paid_social,camp_1,3121,65,447.12
2025-02-22,CMP_1002,APAC_Brand_Search,Paid Social,linkedin,paid_social,camp_2,2086,52,254.91
2025-02-22,CMP_1003,APAC_FeatureY_Search,Paid Search,google,paid_search,camp_3,2553,105,484.44
2025-02-22,CMP_1004,US_FeatureY_Display,Paid Social,linkedin,paid_social,camp_4,2039,24,177.73
2025-02-22,CMP_1005,US_FeatureX_Search,Paid Social,linkedin,paid_social,camp_5,1068,16,105.26
2025-02-22,CMP_1006,EMEA_Competitor_LinkedIn,Paid Search,google,paid_search,camp_6,3325,121,353.03
2025-02-22,CMP_1007,EMEA_FeatureY_Display,Paid Social,linkedin,paid_social,camp_7,1857,55,182.4
2025-02-22,CMP_1008,EMEA_Brand_Search,Display,gdn,display,camp_8,1070,10,22.4
2025-02-22,CMP_1009,US_FeatureX_Search,Paid Social,linkedin,paid_social,camp_9,1954,36,153.82
2025-02-22,CMP_1010,LATAM_Competitor_LinkedIn,Paid Social,linkedin,paid_social,camp_10,1910,20,85.28
2025-02-22,CMP_1011,LATAM_Brand_LinkedIn,Paid Social,linkedin,paid_social,camp_11,2649,30,184.2
2025-02-22,CMP_1012,LATAM_FeatureX_Display,Display,gdn,display,camp_12,2245,19,35.36
2025-02-22,CMP_1013,APAC_Brand_LinkedIn,Display,gdn,display,camp_13,1003,9,13.81
2025-02-22,CMP_1014,LATAM_Competitor_Display,Display,gdn,display,camp_14,1686,7,13.87
2025-02-22,CMP_1015,LATAM_Competitor_Display,Paid Social,linkedin,paid_social,camp_15,2637,44,172.49
2025-02-22,CMP_1016,APAC_Competitor_Search,Display,gdn,display,camp_16,2933,26,36.97
2025-02-22,CMP_1017,US_Brand_LinkedIn,Display,gdn,display,camp_17,1801,10,23.1
2025-02-22,CMP_1018,APAC_FeatureX_LinkedIn,Paid Social,linkedin,paid_social,camp_18,1109,16,68.36
2025-02-22,CMP_1019,LATAM_Brand_Display,Paid Social,linkedin,paid_social,camp_19,1800,45,186.38
2025-02-23,CMP_1001,EMEA_FeatureY_Search,Paid Social,linkedin,paid_social,camp_1,1342,30,238.67
2025-02-23,CMP_1002,APAC_Brand_Search,Paid Social,linkedin,paid_social,camp_2,1234,14,54.76
2025-02-23,CMP_1003,APAC_FeatureY_Search,Paid Search,google,paid_search,camp_3,3377,145,490.08
2025-02-23,CMP_1004,US_FeatureY_Display,Paid Social,linkedin,paid_social,camp_4,2057,48,343.05
2025-02-23,CMP_1005,US_FeatureX_Search,Paid Social,linkedin,paid_social,camp_5,2497,26,193.82
2025-02-23,CMP_1006,EMEA_Competitor_LinkedIn,Paid Search,google,paid_search,camp_6,1753,63,364.07
2025-02-23,CMP_1007,EMEA_FeatureY_Display,Paid Social,linkedin,paid_social,camp_7,1866,42,147.34
2025-02-23,CMP_1008,EMEA_Brand_Search,Display,gdn,display,camp_8,2885,28,35.72
2025-02-23,CMP_1009,US_FeatureX_Search,Paid Social,linkedin,paid_social,camp_9,74,1,5.07
2025-02-23,CMP_1010,LATAM_Competitor_LinkedIn,Paid Social,linkedin,paid_social,camp_10,978,21,70.12
2025-02-23,CMP_1011,LATAM_Brand_LinkedIn,Paid Social,linkedin,paid_social,camp_11,2130,55,272.16
2025-02-23,CMP_1012,LATAM_FeatureX_Display,Display,gdn,display,camp_12,3792,16,24.69
2025-02-23,CMP_1013,APAC_Brand_LinkedIn,Display,gdn,display,camp_13,2307,11,19.66
2025-02-23,CMP_1014,LATAM_Competitor_Display,Display,gdn,display,camp_14,1440,8,13.66
2025-02-23,CMP_1015,LATAM_Competitor_Display,Paid Social,linkedin,paid_social,camp_15,1584,35,116.65
2025-02-23,CMP_1016,APAC_Competitor_Search,Display,gdn,display,camp_16,2359,15,31.08
2025-02-23,CMP_1017,US_Brand_LinkedIn,Display,gdn,display,camp_17,2967,15,32.05
2025-02-23,CMP_1018,APAC_FeatureX_LinkedIn,Paid Social,linkedin,paid_social,camp_18,1438,40,172.56
2025-02-23,CMP_1019,LATAM_Brand_Display,Paid Social,linkedin,paid_social,camp_19,1242,24,91.92
2025-02-24,CMP_1001,EMEA_FeatureY_Search,Paid Social,linkedin,paid_social,camp_1,2504,50,332.79
2025-02-24,CMP_1002,APAC_Brand_Search,Paid Social,linkedin,paid_social,camp_2,2846,71,402.37
2025-02-24,CMP_1003,APAC_FeatureY_Search,Paid Search,google,paid_search,camp_3,5773,258,1077.17
2025-02-24,CMP_1004,US_FeatureY_Display,Paid Social,linkedin,paid_social,camp_4,3177,78,535.07
2025-02-24,CMP_1005,US_FeatureX_Search,Paid Social,linkedin,paid_social,camp_5,3113,38,194.44
2025-02-24,CMP_1006,EMEA_Competitor_LinkedIn,Paid Search,google,paid_search,camp_6,4812,163,542.06
2025-02-24,CMP_1007,EMEA_FeatureY_Display,Paid Social,linkedin,paid_social,camp_7,4502,102,768.81
2025-02-24,CMP_1008,EMEA_Brand_Search,Display,gdn,display,camp_8,5861,51,81.98
2025-02-24,CMP_1009,US_FeatureX_Search,Paid Social,linkedin,paid_social,camp_9,2163,33,222.38
2025-02-24,CMP_1010,LATAM_Competitor_LinkedIn,Paid Social,linkedin,paid_social,camp_10,3990,82,349.43
2025-02-24,CMP_1011,LATAM_Brand_LinkedIn,Paid Social,linkedin,paid_social,camp_11,3585,67,323.27
2025-02-24,CMP_1012,LATAM_FeatureX_Display,Display,gdn,display,camp_12,3687,27,23.31
2025-02-24,CMP_1013,APAC_Brand_LinkedIn,Display,gdn,display,camp_13,5831,51,43.52
2025-02-24,CMP_1014,LATAM_Competitor_Display,Display,gdn,display,camp_14,5966,42,38.53
2025-02-24,CMP_1015,LATAM_Competitor_Display,Paid Social,linkedin,paid_social,camp_15,3976,90,467.62
2025-02-24,CMP_1016,APAC_Competitor_Search,Display,gdn,display,camp_16,5684,25,38.6
2025-02-24,CMP_1017,US_Brand_LinkedIn,Display,gdn,display,camp_17,4045,31,47.36
2025-02-24,CMP_1018,APAC_FeatureX_LinkedIn,Paid Social,linkedin,paid_social,camp_18,3660,98,410.1
2025-02-24,CMP_1019,LATAM_Brand_Display,Paid Social,linkedin,paid_social,camp_19,2431,41,295.96
2025-02-25,CMP_1001,EMEA_FeatureY_Search,Paid Social,linkedin,paid_social,camp_1,3584,70,277.14
2025-02-25,CMP_1002,APAC_Brand_Search,Paid Social,linkedin,paid_social,camp_2,2766,44,133.63
2025-02-25,CMP_1003,APAC_FeatureY_Search,Paid Search,google,paid_search,camp_3,4732,215,1218.33
2025-02-25,CMP_1004,US_FeatureY_Display,Paid Social,linkedin,paid_social,camp_4,3514,101,793.72
2025-02-25,CMP_1005,US_FeatureX_Search,Paid Social,linkedin,paid_social,camp_5,3089,44,279.1
2025-02-25,CMP_1006,EMEA_Competitor_LinkedIn,Paid Search,google,paid_search,camp_6,4866,218,1136.57
2025-02-25,CMP_1007,EMEA_FeatureY_Display,Paid Social,linkedin,paid_social,camp_7,2818,82,580.2
2025-02-25,CMP_1008,EMEA_Brand_Search,Display,gdn,display,camp_8,4565,50,75.61
2025-02-25,CMP_1009,US_FeatureX_Search,Paid Social,linkedin,paid_social,camp_9,3662,59,387.47
2025-02-25,CMP_1010,LATAM_Competitor_LinkedIn,Paid Social,linkedin,paid_social,camp_10,3497,66,325.07
2025-02-25,CMP_1011,LATAM_Brand_LinkedIn,Paid Social,linkedin,paid_social,camp_11,3559,99,782.08
2025-02-25,CMP_1012,LATAM_FeatureX_Display,Display,gdn,display,camp_12,5028,43,87.85
2025-02-25,CMP_1013,APAC_Brand_LinkedIn,Display,gdn,display,camp_13,4606,24,47.37
2025-02-25,CMP_1014,LATAM_Competitor_Display,Display,gdn,display,camp_14,5183,57,139.55
2025-02-25,CMP_1015,LATAM_Competitor_Display,Paid Social,linkedin,paid_social,camp_15,4160,102,373.07
2025-02-25,CMP_1016,APAC_Competitor_Search,Display,gdn,display,camp_16,4466,40,81.93
2025-02-25,CMP_1017,US_Brand_LinkedIn,Display,gdn,display,camp_17,5162,50,70.65
2025-02-25,CMP_1018,APAC_FeatureX_LinkedIn,Paid Social,linkedin,paid_social,camp_18,4389,73,351.82
2025-02-25,CMP_1019,LATAM_Brand_Display,Paid Social,linkedin,paid_social,camp_19,4194,54,378.67
2025-02-26,CMP_1001,EMEA_FeatureY_Search,Paid Social,linkedin,paid_social,camp_1,3455,61,371.38
2025-02-26,CMP_1002,APAC_Brand_Search,Paid Social,linkedin,paid_social,camp_2,4173,53,253.98
2025-02-26,CMP_1003,APAC_FeatureY_Search,Paid Search,google,paid_search,camp_3,5380,220,762.6
2025-02-26,CMP_1004,US_FeatureY_Display,Paid Social,linkedin,paid_social,camp_4,4104,89,281.55
2025-02-26,CMP_1005,US_FeatureX_Search,Paid Social,linkedin,paid_social,camp_5,3873,73,558.1
2025-02-26,CMP_1006,EMEA_Competitor_LinkedIn,Paid Search,google,paid_search,camp_6,4382,236,608.83
2025-02-26,CMP_1007,EMEA_FeatureY_Display,Paid Social,linkedin,paid_social,camp_7,5121,61,442.52
2025-02-26,CMP_1008,EMEA_Brand_Search,Display,gdn,display,camp_8,5108,38,38.06
2025-02-26,CMP_1009,US_FeatureX_Search,Paid Social,linkedin,paid_social,camp_9,4394,126,515.27
2025-02-26,CMP_1010,LATAM_Competitor_LinkedIn,Paid Social,linkedin,paid_social,camp_10,3870,64,227.56
2025-02-26,CMP_1011,LATAM_Brand_LinkedIn,Paid Social,linkedin,paid_social,camp_11,2963,32,160.15
2025-02-26,CMP_1012,LATAM_FeatureX_Display,Display,gdn,display,camp_12,4595,21,42.8
2025-02-26,CMP_1013,APAC_Brand_LinkedIn,Display,gdn,display,camp_13,3637,40,48.73
2025-02-26,CMP_1014,LATAM_Competitor_Display,Display,gdn,display,camp_14,5286,25,21.64
2025-02-26,CMP_1015,LATAM_Competitor_Display,Paid Social,linkedin,paid_social,camp_15,4016,98,477.84
2025-02-26,CMP_1016,APAC_Competitor_Search,Display,gdn,display,camp_16,4935,33,82.02
2025-02-26,CMP_1017,US_Brand_LinkedIn,Display,gdn,display,camp_17,4825,46,110.95
2025-02-26,CMP_1018,APAC_FeatureX_LinkedIn,Paid Social,linkedin,paid_social,camp_18,3919,43,152.11
2025-02-26,CMP_1019,LATAM_Brand_Display,Paid Social,linkedin,paid_social,camp_19,4195,118,593.31
2025-02-27,CMP_1001,EMEA_FeatureY_Search,Paid Social,linkedin,paid_social,camp_1,3830,106,405.17
2025-02-27,CMP_1002,APAC_Brand_Search,Paid Social,linkedin,paid_social,camp_2,3216,66,362.14
2025-02-27,CMP_1003,APAC_FeatureY_Search,Paid Search,google,paid_search,camp_3,6016,133,279.5
2025-02-27,CMP_1004,US_FeatureY_Display,Paid Social,linkedin,paid_social,camp_4,2884,46,363.53
2025-02-27,CMP_1005,US_FeatureX_Search,Paid Social,linkedin,paid_social,camp_5,4204,112,525.35
2025-02-27,CMP_1006,EMEA_Competitor_LinkedIn,Paid Search,google,paid_search,camp_6,5430,284,1518.08
2025-02-27,CMP_1007,EMEA_FeatureY_Display,Paid Social,linkedin,paid_social,camp_7,3986,102,653.85
2025-02-27,CMP_1008,EMEA_Brand_Search,Display,gdn,display,camp_8,4904,23,38.24
2025-02-27,CMP_1009,US_FeatureX_Search,Paid Social,linkedin,paid_social,camp_9,3034,45,346.7
2025-02-27,CMP_1010,LATAM_Competitor_LinkedIn,Paid Social,linkedin,paid_social,camp_10,4159,84,275.54
2025-02-27,CMP_1011,LATAM_Brand_LinkedIn,Paid Social,linkedin,paid_social,camp_11,3283,64,234.8
2025-02-27,CMP_1012,LATAM_FeatureX_Display,Display,gdn,display,camp_12,4334,34,28.33
2025-02-27,CMP_1013,APAC_Brand_LinkedIn,Display,gdn,display,camp_13,5337,24,53.58
2025-02-27,CMP_1014,LATAM_Competitor_Display,Display,gdn,display,camp_14,4849,34,31.45
2025-02-27,CMP_1015,LATAM_Competitor_Display,Paid Social,linkedin,paid_social,camp_15,3482,76,263.47
2025-02-27,CMP_1016,APAC_Competitor_Search,Display,gdn,display,camp_16,4762,37,56.81
2025-02-27,CMP_1017,US_Brand_LinkedIn,Display,gdn,display,camp_17,3343,24,21.63
2025-02-27,CMP_1018,APAC_FeatureX_LinkedIn,Paid Social,linkedin,paid_social,camp_18,3740,92,581.98
2025-02-27,CMP_1019,LATAM_Brand_Display,Paid Social,linkedin,paid_social,camp_19,2714,39,146.4
2025-02-28,CMP_1001,EMEA_FeatureY_Search,Paid Social,linkedin,paid_social,camp_1,3425,73,505.29
2025-02-28,CMP_1002,APAC_Brand_Search,Paid Social,linkedin,paid_social,camp_2,3337,42,140.96
2025-02-28,CMP_1003,APAC_FeatureY_Search,Paid Search,google,paid_search,camp_3,7222,203,842.74
2025-02-28,CMP_1004,US_FeatureY_Display,Paid Social,linkedin,paid_social,camp_4,4038,101,379.65
2025-02-28,CMP_1005,US_FeatureX_Search,Paid Social,linkedin,paid_social,camp_5,3771,62,354.69
2025-02-28,CMP_1006,EMEA_Competitor_LinkedIn,Paid Search,google,paid_search,camp_6,7133,254,1277.53
2025-02-28,CMP_1007,EMEA_FeatureY_Display,Paid Social,linkedin,paid_social,camp_7,3039,39,135.84
2025-02-28,CMP_1008,EMEA_Brand_Search,Display,gdn,display,camp_8,6616,74,184.92
2025-02-28,CMP_1009,US_FeatureX_Search,Paid Social,linkedin,paid_social,camp_9,4065,93,315.64
2025-02-28,CMP_1010,LATAM_Competitor_LinkedIn,Paid Social,linkedin,paid_social,camp_10,3461,68,267.38
2025-02-28,CMP_1011,LATAM_Brand_LinkedIn,Paid Social,linkedin,paid_social,camp_11,3636,48,191.99
2025-02-28,CMP_1012,LATAM_FeatureX_Display,Display,gdn,display,camp_12,5557,49,97.72
2025-02-28,CMP_1013,APAC_Brand_LinkedIn,Display,gdn,display,camp_13,4673,32,27.57
2025-02-28,CMP_1014,LATAM_Competitor_Display,Display,gdn,display,camp_14,4579,46,52.26
2025-02-28,CMP_1015,LATAM_Competitor_Display,Paid Social,linkedin,paid_social,camp_15,4252,106,824.67
2025-02-28,CMP_1016,APAC_Competitor_Search,Display,gdn,display,camp_16,4416,51,43.26
2025-02-28,CMP_1017,US_Brand_LinkedIn,Display,gdn,display,camp_17,5877,32,30.67
2025-02-28,CMP_1018,APAC_FeatureX_LinkedIn,Paid Social,linkedin,paid_social,camp_18,3132,76,572.99
2025-02-28,CMP_1019,LATAM_Brand_Display,Paid Social,linkedin,paid_social,camp_19,3578,74,582.4
2025-03-01,CMP_1001,EMEA_FeatureY_Search,Paid Social,linkedin,paid_social,camp_1,1119,17,106.74
2025-03-01,CMP_1002,APAC_Brand_Search,Paid Social,linkedin,paid_social,camp_2,2472,49,185.14
2025-03-01,CMP_1003,APAC_FeatureY_Search,Paid Search,google,paid_search,camp_3,3267,156,921.7
2025-03-01,CMP_1004,US_FeatureY_Display,Paid Social,linkedin,paid_social,camp_4,1191,30,171.59
2025-03-01,CMP_1005,US_FeatureX_Search,Paid Social,linkedin,paid_social,camp_5,1697,40,263.95
2025-03-01,CMP_1006,EMEA_Competitor_LinkedIn,Paid Search,google,paid_search,camp_6,3402,169,605.68
2025-03-01,CMP_1007,EMEA_FeatureY_Display,Paid Social,linkedin,paid_social,camp_7,2564,27,90.86
2025-03-01,CMP_1008,EMEA_Brand_Search,Display,gdn,display,camp_8,2807,28,48.07
2025-03-01,CMP_1009,US_FeatureX_Search,Paid Social,linkedin,paid_social,camp_9,1567,34,145.53
2025-03-01,CMP_1010,LATAM_Competitor_LinkedIn,Paid Social,linkedin,paid_social,camp_10,2420,31,97.92
2025-03-01,CMP_1011,LATAM_Brand_LinkedIn,Paid Social,linkedin,paid_social,camp_11,2194,44,297.13
2025-03-01,CMP_1012,LATAM_FeatureX_Display,Display,gdn,display,camp_12,3500,36,29.06
2025-03-01,CMP_1013,APAC_Brand_LinkedIn,Display,gdn,display,camp_13,2819,27,31.59
2025-03-01,CMP_1014,LATAM_Competitor_Display,Display,gdn,display,camp_14,3788,42,66.7
2025-03-01,CMP_1015,LATAM_Competitor_Display,Paid Social,linkedin,paid_social,camp_15,2248,56,405.34
2025-03-01,CMP_1016,APAC_Competitor_Search,Display,gdn,display,camp_16,2236,24,40.72
2025-03-01,CMP_1017,US_Brand_LinkedIn,Display,gdn,display,camp_17,2665,30,40.69
2025-03-01,CMP_1018,APAC_FeatureX_LinkedIn,Paid Social,linkedin,paid_social,camp_18,1878,55,384.4
2025-03-01,CMP_1019,LATAM_Brand_Display,Paid Social,linkedin,paid_social,camp_19,849,23,74.89
2025-03-02,CMP_1001,EMEA_FeatureY_Search,Paid Social,linkedin,paid_social,camp_1,1551,22,163.09
2025-03-02,CMP_1002,APAC_Brand_Search,Paid Social,linkedin,paid_social,camp_2,1981,27,128.61
2025-03-02,CMP_1003,APAC_FeatureY_Search,Paid Search,google,paid_search,camp_3,2385,85,218.04
2025-03-02,CMP_1004,US_FeatureY_Display,Paid Social,linkedin,paid_social,camp_4,1743,27,111.77
2025-03-02,CMP_1005,US_FeatureX_Search,Paid Social,linkedin,paid_social,camp_5,1668,39,119.58
2025-03-02,CMP_1006,EMEA_Competitor_LinkedIn,Paid Search,google,paid_search,camp_6,1417,40,168.59
2025-03-02,CMP_1007,EMEA_FeatureY_Display,Paid Social,linkedin,paid_social,camp_7,1617,22,96.65
2025-03-02,CMP_1008,EMEA_Brand_Search,Display,gdn,display,camp_8,3000,23,19.15
2025-03-02,CMP_1009,US_FeatureX_Search,Paid Social,linkedin,paid_social,camp_9,1202,34,160.77
2025-03-02,CMP_1010,LATAM_Competitor_LinkedIn,Paid Social,linkedin,paid_social,camp_10,2055,31,119.49
2025-03-02,CMP_1011,LATAM_Brand_LinkedIn,Paid Social,linkedin,paid_social,camp_11,1902,45,138.5
2025-03-02,CMP_1012,LATAM_FeatureX_Display,Display,gdn,display,camp_12,4042,35,80.83
2025-03-02,CMP_1013,APAC_Brand_LinkedIn,Display,gdn,display,camp_13,1672,6,6.52
2025-03-02,CMP_1014,LATAM_Competitor_Display,Display,gdn,display,camp_14,1466,15,17.47
2025-03-02,CMP_1015,LATAM_Competitor_Display,Paid Social,linkedin,paid_social,camp_15,1869,18,67.75
2025-03-02,CMP_1016,APAC_Competitor_Search,Display,gdn,display,camp_16,1479,7,13.06
2025-03-02,CMP_1017,US_Brand_LinkedIn,Display,gdn,display,camp_17,2267,10,14.51
2025-03-02,CMP_1018,APAC_FeatureX_LinkedIn,Paid Social,linkedin,paid_social,camp_18,1337,25,127.05
2025-03-02,CMP_1019,LATAM_Brand_Display,Paid Social,linkedin,paid_social,camp_19,3072,70,294.06
2025-03-03,CMP_1001,EMEA_FeatureY_Search,Paid Social,linkedin,paid_social,camp_1,2457,63,255.78
2025-03-03,CMP_1002,APAC_Brand_Search,Paid Social,linkedin,paid_social,camp_2,4735,105,356.86
2025-03-03,CMP_1003,APAC_FeatureY_Search,Paid Search,google,paid_search,camp_3,5415,194,607.76
2025-03-03,CMP_1004,US_FeatureY_Display,Paid Social,linkedin,paid_social,camp_4,3567,94,322.2
2025-03-03,CMP_1005,US_FeatureX_Search,Paid Social,linkedin,paid_social,camp_5,4023,80,454.7
2025-03-03,CMP_1006,EMEA_Competitor_LinkedIn,Paid Search,google,paid_search,camp_6,8541,318,1545.06
2025-03-03,CMP_1007,EMEA_FeatureY_Display,Paid Social,linkedin,paid_social,camp_7,3636,85,628.59
2025-03-03,CMP_1008,EMEA_Brand_Search,Display,gdn,display,camp_8,4545,38,65.28
2025-03-03,CMP_1009,US_FeatureX_Search,Paid Social,linkedin,paid_social,camp_9,3026,42,174.75
2025-03-03,CMP_1010,LATAM_Competitor_LinkedIn,Paid Social,linkedin,paid_social,camp_10,3483,41,317.47
2025-03-03,CMP_1011,LATAM_Brand_LinkedIn,Paid Social,linkedin,paid_social,camp_11,2761,33,240.38
2025-03-03,CMP_1012,LATAM_FeatureX_Display,Display,gdn,display,camp_12,4726,25,22.04
2025-03-03,CMP_1013,APAC_Brand_LinkedIn,Display,gdn,display,camp_13,4306,38,39.17
2025-03-03,CMP_1014,LATAM_Competitor_Display,Display,gdn,display,camp_14,5211,48,86.15
2025-03-03,CMP_1015,LATAM_Competitor_Display,Paid Social,linkedin,paid_social,camp_15,3429,68,270.31
2025-03-03,CMP_1016,APAC_Competitor_Search,Display,gdn,display,camp_16,3575,33,38.09
2025-03-03,CMP_1017,US_Brand_LinkedIn,Display,gdn,display,camp_17,4041,36,80.07
2025-03-03,CMP_1018,APAC_FeatureX_LinkedIn,Paid Social,linkedin,paid_social,camp_18,3820,113,627.25
2025-03-03,CMP_1019,LATAM_Brand_Display,Paid Social,linkedin,paid_social,camp_19,3119,38,164.31
2025-03-04,CMP_1001,EMEA_FeatureY_Search,Paid Social,linkedin,paid_social,camp_1,3238,86,290.0
2025-03-04,CMP_1002,APAC_Brand_Search,Paid Social,linkedin,paid_social,camp_2,3209,72,287.06
2025-03-04,CMP_1003,APAC_FeatureY_Search,Paid Search,google,paid_search,camp_3,6673,241,1330.44
2025-03-04,CMP_1004,US_FeatureY_Display,Paid Social,linkedin,paid_social,camp_4,4308,108,768.76
2025-03-04,CMP_1005,US_FeatureX_Search,Paid Social,linkedin,paid_social,camp_5,4044,46,177.88
2025-03-04,CMP_1006,EMEA_Competitor_LinkedIn,Paid Search,google,paid_search,camp_6,4349,104,429.5
2025-03-04,CMP_1007,EMEA_FeatureY_Display,Paid Social,linkedin,paid_social,camp_7,4190,121,821.38
2025-03-04,CMP_1008,EMEA_Brand_Search,Display,gdn,display,camp_8,4415,40,46.51
2025-03-04,CMP_1009,US_FeatureX_Search,Paid Social,linkedin,paid_social,camp_9,3337,65,221.25
2025-03-04,CMP_1010,LATAM_Competitor_LinkedIn,Paid Social,linkedin,paid_social,camp_10,3142,48,164.54
2025-03-04,CMP_1011,LATAM_Brand_LinkedIn,Paid Social,linkedin,paid_social,camp_11,3946,87,507.39
2025-03-04,CMP_1012,LATAM_FeatureX_Display,Display,gdn,display,camp_12,4960,51,83.68
2025-03-04,CMP_1013,APAC_Brand_LinkedIn,Display,gdn,display,camp_13,6784,37,43.99
2025-03-04,CMP_1014,LATAM_Competitor_Display,Display,gdn,display,camp_14,5046,27,37.27
2025-03-04,CMP_1015,LATAM_Competitor_Display,Paid Social,linkedin,paid_social,camp_15,3734,51,404.6
2025-03-04,CMP_1016,APAC_Competitor_Search,Display,gdn,display,camp_16,4160,36,53.58
2025-03-04,CMP_1017,US_Brand_LinkedIn,Display,gdn,display,camp_17,6163,70,124.77
2025-03-04,CMP_1018,APAC_FeatureX_LinkedIn,Paid Social,linkedin,paid_social,camp_18,2794,45,196.6
2025-03-04,CMP_1019,LATAM_Brand_Display,Paid Social,linkedin,paid_social,camp_19,3161,82,345.62
2025-03-05,CMP_1001,EMEA_FeatureY_Search,Paid Social,linkedin,paid_social,camp_1,3348,77,430.24
2025-03-05,CMP_1002,APAC_Brand_Search,Paid Social,linkedin,paid_social,camp_2,2890,77,514.34
2025-03-05,CMP_1003,APAC_FeatureY_Search,Paid Search,google,paid_search,camp_3,5783,204,941.41
2025-03-05,CMP_1004,US_FeatureY_Display,Paid Social,linkedin,paid_social,camp_4,3741,64,410.95
2025-03-05,CMP_1005,US_FeatureX_Search,Paid Social,linkedin,paid_social,camp_5,4534,76,285.46
2025-03-05,CMP_1006,EMEA_Competitor_LinkedIn,Paid Search,google,paid_search,camp_6,4654,200,1009.91
2025-03-05,CMP_1007,EMEA_FeatureY_Display,Paid Social,linkedin,paid_social,camp_7,3655,87,277.83
2025-03-05,CMP_1008,EMEA_Brand_Search,Display,gdn,display,camp_8,4563,51,86.76
2025-03-05,CMP_1009,US_FeatureX_Search,Paid Social,linkedin,paid_social,camp_9,4523,127,453.54
2025-03-05,CMP_1010,LATAM_Competitor_LinkedIn,Paid Social,linkedin,paid_social,camp_10,4014,76,266.59
2025-03-05,CMP_1011,LATAM_Brand_LinkedIn,Paid Social,linkedin,paid_social,camp_11,3046,91,532.74
2025-03-05,CMP_1012,LATAM_FeatureX_Display,Display,gdn,display,camp_12,4210,22,41.23
2025-03-05,CMP_1013,APAC_Brand_LinkedIn,Display,gdn,display,camp_13,5056,55,98.52
2025-03-05,CMP_1014,LATAM_Competitor_Display,Display,gdn,display,camp_14,4917,57,141.1
2025-03-05,CMP_1015,LATAM_Competitor_Display,Paid Social,linkedin,paid_social,camp_15,2735,78,398.56
2025-03-05,CMP_1016,APAC_Competitor_Search,Display,gdn,display,camp_16,5890,38,37.5
2025-03-05,CMP_1017,US_Brand_LinkedIn,Display,gdn,display,camp_17,5886,46,53.73
2025-03-05,CMP_1018,APAC_FeatureX_LinkedIn,Paid Social,linkedin,paid_social,camp_18,3679,92,729.66
2025-03-05,CMP_1019,LATAM_Brand_Display,Paid Social,linkedin,paid_social,camp_19,3435,60,227.2
2025-03-06,CMP_1001,EMEA_FeatureY_Search,Paid Social,linkedin,paid_social,camp_1,4178,52,367.99
2025-03-06,CMP_1002,APAC_Brand_Search,Paid Social,linkedin,paid_social,camp_2,4126,77,601.83
2025-03-06,CMP_1003,APAC_FeatureY_Search,Paid Search,google,paid_search,camp_3,4582,137,388.16
2025-03-06,CMP_1004,US_FeatureY_Display,Paid Social,linkedin,paid_social,camp_4,4125,100,567.52
2025-03-06,CMP_1005,US_FeatureX_Search,Paid Social,linkedin,paid_social,camp_5,3876,107,632.3
2025-03-06,CMP_1006,EMEA_Competitor_LinkedIn,Paid Search,google,paid_search,camp_6,7953,219,1223.51
2025-03-06,CMP_1007,EMEA_FeatureY_Display,Paid Social,linkedin,paid_social,camp_7,3305,44,213.3
2025-03-06,CMP_1008,EMEA_Brand_Search,Display,gdn,display,camp_8,4319,33,61.29
2025-03-06,CMP_1009,US_FeatureX_Search,Paid Social,linkedin,paid_social,camp_9,3185,70,392.38
2025-03-06,CMP_1010,LATAM_Competitor_LinkedIn,Paid Social,linkedin,paid_social,camp_10,3186,80,304.19
2025-03-06,CMP_1011,LATAM_Brand_LinkedIn,Paid Social,linkedin,paid_social,camp_11,4686,124,960.49
2025-03-06,CMP_1012,LATAM_FeatureX_Display,Display,gdn,display,camp_12,6089,60,64.36
2025-03-06,CMP_1013,APAC_Brand_LinkedIn,Display,gdn,display,camp_13,3240,13,27.68
2025-03-06,CMP_1014,LATAM_Competitor_Display,Display,gdn,display,camp_14,6199,71,115.21
2025-03-06,CMP_1015,LATAM_Competitor_Display,Paid Social,linkedin,paid_social,camp_15,3223,63,244.95
2025-03-06,CMP_1016,APAC_Competitor_Search,Display,gdn,display,camp_16,4423,35,62.07
2025-03-06,CMP_1017,US_Brand_LinkedIn,Display,gdn,display,camp_17,4637,29,57.27
2025-03-06,CMP_1018,APAC_FeatureX_LinkedIn,Paid Social,linkedin,paid_social,camp_18,3658,65,390.12
2025-03-06,CMP_1019,LATAM_Brand_Display,Paid Social,linkedin,paid_social,camp_19,3557,105,645.51
2025-03-07,CMP_1001,EMEA_FeatureY_Search,Paid Social,linkedin,paid_social,camp_1,3567,66,318.44
2025-03-07,CMP_1002,APAC_Brand_Search,Paid Social,linkedin,paid_social,camp_2,2883,36,141.5
2025-03-07,CMP_1003,APAC_FeatureY_Search,Paid Search,google,paid_search,camp_3,6069,329,1307.64
2025-03-07,CMP_1004,US_FeatureY_Display,Paid Social,linkedin,paid_social,camp_4,3700,71,311.57
2025-03-07,CMP_1005,US_FeatureX_Search,Paid Social,linkedin,paid_social,camp_5,4436,54,183.35
2025-03-07,CMP_1006,EMEA_Competitor_LinkedIn,Paid Search,google,paid_search,camp_6,5633,195,1001.62
2025-03-07,CMP_1007,EMEA_FeatureY_Display,Paid Social,linkedin,paid_social,camp_7,2290,33,238.56
2025-03-07,CMP_1008,EMEA_Brand_Search,Display,gdn,display,camp_8,5050,20,40.26
2025-03-07,CMP_1009,US_FeatureX_Search,Paid Social,linkedin,paid_social,camp_9,4537,63,344.94
2025-03-07,CMP_1010,LATAM_Competitor_LinkedIn,Paid Social,linkedin,paid_social,camp_10,3337,68,344.62
2025-03-07,CMP_1011,LATAM_Brand_LinkedIn,Paid Social,linkedin,paid_social,camp_11,3436,69,238.58
2025-03-07,CMP_1012,LATAM_FeatureX_Display,Display,gdn,display,camp_12,3687,17,33.51
2025-03-07,CMP_1013,APAC_Brand_LinkedIn,Display,gdn,display,camp_13,4982,21,26.93
2025-03-07,CMP_1014,LATAM_Competitor_Display,Display,gdn,display,camp_14,3896,41,65.75
2025-03-07,CMP_1015,LATAM_Competitor_Display,Paid Social,linkedin,paid_social,camp_15,3537,80,283.54
2025-03-07,CMP_1016,APAC_Competitor_Search,Display,gdn,display,camp_16,5275,46,40.49
2025-03-07,CMP_1017,US_Brand_LinkedIn,Display,gdn,display,camp_17,5206,42,97.79
2025-03-07,CMP_1018,APAC_FeatureX_LinkedIn,Paid Social,linkedin,paid_social,camp_18,4285,101,669.94
2025-03-07,CMP_1019,LATAM_Brand_Display,Paid Social,linkedin,paid_social,camp_19,3991,71,417.81
2025-03-08,CMP_1001,EMEA_FeatureY_Search,Paid Social,linkedin,paid_social,camp_1,1902,40,303.96
2025-03-08,CMP_1002,APAC_Brand_Search,Paid Social,linkedin,paid_social,camp_2,2378,49,373.63
2025-03-08,CMP_1003,APAC_FeatureY_Search,Paid Search,google,paid_search,camp_3,4633,236,1377.1
2025-03-08,CMP_1004,US_FeatureY_Display,Paid Social,linkedin,paid_social,camp_4,1244,19,127.06
2025-03-08,CMP_1005,US_FeatureX_Search,Paid Social,linkedin,paid_social,camp_5,1257,32,232.77
2025-03-08,CMP_1006,EMEA_Competitor_LinkedIn,Paid Search,google,paid_search,camp_6,2954,150,697.05
2025-03-08,CMP_1007,EMEA_FeatureY_Display,Paid Social,linkedin,paid_social,camp_7,1641,43,182.88
2025-03-08,CMP_1008,EMEA_Brand_Search,Display,gdn,display,camp_8,1447,12,25.08
2025-03-08,CMP_1009,US_FeatureX_Search,Paid Social,linkedin,paid_social,camp_9,1797,45,205.95
2025-03-08,CMP_1010,LATAM_Competitor_LinkedIn,Paid Social,linkedin,paid_social,camp_10,1999,59,421.42
2025-03-08,CMP_1011,LATAM_Brand_LinkedIn,Paid Social,linkedin,paid_social,camp_11,1998,27,138.1
2025-03-08,CMP_1012,LATAM_FeatureX_Display,Display,gdn,display,camp_12,3468,27,34.96
2025-03-08,CMP_1013,APAC_Brand_LinkedIn,Display,gdn,display,camp_13,1925,8,18.39
2025-03-08,CMP_1014,LATAM_Competitor_Display,Display,gdn,display,camp_14,2675,19,20.13
2025-03-08,CMP_1015,LATAM_Competitor_Display,Paid Social,linkedin,paid_social,camp_15,1328,30,217.43
2025-03-08,CMP_1016,APAC_Competitor_Search,Display,gdn,display,camp_16,2385,16,31.6
2025-03-08,CMP_1017,US_Brand_LinkedIn,Display,gdn,display,camp_17,1735,11,22.64
2025-03-08,CMP_1018,APAC_FeatureX_LinkedIn,Paid Social,linkedin,paid_social,camp_18,2036,25,77.72
2025-03-08,CMP_1019,LATAM_Brand_Display,Paid Social,linkedin,paid_social,camp_19,2437,42,245.43
2025-03-09,CMP_1001,EMEA_FeatureY_Search,Paid Social,linkedin,paid_social,camp_1,2003,23,147.84
2025-03-09,CMP_1002,APAC_Brand_Search,Paid Social,linkedin,paid_social,camp_2,1972,48,347.19
2025-03-09,CMP_1003,APAC_FeatureY_Search,Paid Search,google,paid_search,camp_3,2926,128,696.93
2025-03-09,CMP_1004,US_FeatureY_Display,Paid Social,linkedin,paid_social,camp_4,2337,56,364.94
2025-03-09,CMP_1005,US_FeatureX_Search,Paid Social,linkedin,paid_social,camp_5,1427,39,165.32
2025-03-09,CMP_1006,EMEA_Competitor_LinkedIn,Paid Search,google,paid_search,camp_6,2818,101,472.63
2025-03-09,CMP_1007,EMEA_FeatureY_Display,Paid Social,linkedin,paid_social,camp_7,1531,37,269.7
2025-03-09,CMP_1008,EMEA_Brand_Search,Display,gdn,display,camp_8,2999,35,62.27
2025-03-09,CMP_1009,US_FeatureX_Search,Paid Social,linkedin,paid_social,camp_9,1254,29,218.65
2025-03-09,CMP_1010,LATAM_Competitor_LinkedIn,Paid Social,linkedin,paid_social,camp_10,2101,36,115.56
2025-03-09,CMP_1011,LATAM_Brand_LinkedIn,Paid Social,linkedin,paid_social,camp_11,1461,39,306.83
2025-03-09,CMP_1012,LATAM_FeatureX_Display,Display,gdn,display,camp_12,2100,19,39.47
2025-03-09,CMP_1013,APAC_Brand_LinkedIn,Display,gdn,display,camp_13,3130,30,46.71
2025-03-09,CMP_1014,LATAM_Competitor_Display,Display,gdn,display,camp_14,2128,9,17.95
2025-03-09,CMP_1015,LATAM_Competitor_Display,Paid Social,linkedin,paid_social,camp_15,1405,31,109.84
2025-03-09,CMP_1016,APAC_Competitor_Search,Display,gdn,display,camp_16,1861,20,24.69
2025-03-09,CMP_1017,US_Brand_LinkedIn,Display,gdn,display,camp_17,3137,33,61.0
2025-03-09,CMP_1018,APAC_FeatureX_LinkedIn,Paid Social,linkedin,paid_social,camp_18,1953,47,329.52
2025-03-09,CMP_1019,LATAM_Brand_Display,Paid Social,linkedin,paid_social,camp_19,1242,28,159.89
2025-03-10,CMP_1001,EMEA_FeatureY_Search,Paid Social,linkedin,paid_social,camp_1,3010,40,280.08
2025-03-10,CMP_1002,APAC_Brand_Search,Paid Social,linkedin,paid_social,camp_2,3605,75,370.88
2025-03-10,CMP_1003,APAC_FeatureY_Search,Paid Search,google,paid_search,camp_3,7282,172,397.75
2025-03-10,CMP_1004,US_FeatureY_Display,Paid Social,linkedin,paid_social,camp_4,4070,99,320.15
2025-03-10,CMP_1005,US_FeatureX_Search,Paid Social,linkedin,paid_social,camp_5,3194,55,252.52
2025-03-10,CMP_1006,EMEA_Competitor_LinkedIn,Paid Search,google,paid_search,camp_6,4699,215,836.02
2025-03-10,CMP_1007,EMEA_FeatureY_Display,Paid Social,linkedin,paid_social,camp_7,3021,46,290.77
2025-03-10,CMP_1008,EMEA_Brand_Search,Display,gdn,display,camp_8,4417,39,61.8
2025-03-10,CMP_1009,US_FeatureX_Search,Paid Social,linkedin,paid_social,camp_9,4819,118,853.55
2025-03-10,CMP_1010,LATAM_Competitor_LinkedIn,Paid Social,linkedin,paid_social,camp_10,3333,83,566.73
2025-03-10,CMP_1011,LATAM_Brand_LinkedIn,Paid Social,linkedin,paid_social,camp_11,4008,108,566.06
2025-03-10,CMP_1012,LATAM_FeatureX_Display,Display,gdn,display,camp_12,4445,36,64.15
2025-03-10,CMP_1013,APAC_Brand_LinkedIn,Display,gdn,display,camp_13,3705,42,97.05
2025-03-10,CMP_1014,LATAM_Competitor_Display,Display,gdn,display,camp_14,6549,66,117.28
2025-03-10,CMP_1015,LATAM_Competitor_Display,Paid Social,linkedin,paid_social,camp_15,3821,91,535.51
2025-03-10,CMP_1016,APAC_Competitor_Search,Display,gdn,display,camp_16,3864,30,40.34
2025-03-10,CMP_1017,US_Brand_LinkedIn,Display,gdn,display,camp_17,4805,46,63.13
2025-03-10,CMP_1018,APAC_FeatureX_LinkedIn,Paid Social,linkedin,paid_social,camp_18,4322,67,443.01
2025-03-10,CMP_1019,LATAM_Brand_Display,Paid Social,linkedin,paid_social,camp_19,4353,116,466.52
2025-03-11,CMP_1001,EMEA_FeatureY_Search,Paid Social,linkedin,paid_social,camp_1,1451,18,61.12
2025-03-11,CMP_1002,APAC_Brand_Search,Paid Social,linkedin,paid_social,camp_2,3894,116,496.86
2025-03-11,CMP_1003,APAC_FeatureY_Search,Paid Search,google,paid_search,camp_3,4975,259,1475.01
2025-03-11,CMP_1004,US_FeatureY_Display,Paid Social,linkedin,paid_social,camp_4,3013,36,281.29
2025-03-11,CMP_1005,US_FeatureX_Search,Paid Social,linkedin,paid_social,camp_5,2087,50,254.81
2025-03-11,CMP_1006,EMEA_Competitor_LinkedIn,Paid Search,google,paid_search,camp_6,9311,530,2604.29
2025-03-11,CMP_1007,EMEA_FeatureY_Display,Paid Social,linkedin,paid_social,camp_7,4007,108,736.52
2025-03-11,CMP_1008,EMEA_Brand_Search,Display,gdn,display,camp_8,3473,41,36.87
2025-03-11,CMP_1009,US_FeatureX_Search,Paid Social,linkedin,paid_social,camp_9,3350,93,480.35
2025-03-11,CMP_1010,LATAM_Competitor_LinkedIn,Paid Social,linkedin,paid_social,camp_10,4384,96,365.28
2025-03-11,CMP_1011,LATAM_Brand_LinkedIn,Paid Social,linkedin,paid_social,camp_11,4015,70,278.75
2025-03-11,CMP_1012,LATAM_FeatureX_Display,Display,gdn,display,camp_12,6068,33,81.42
2025-03-11,CMP_1013,APAC_Brand_LinkedIn,Display,gdn,display,camp_13,3608,30,49.09
2025-03-11,CMP_1014,LATAM_Competitor_Display,Display,gdn,display,camp_14,6053,33,35.34
2025-03-11,CMP_1015,LATAM_Competitor_Display,Paid Social,linkedin,paid_social,camp_15,4533,87,268.43
2025-03-11,CMP_1016,APAC_Competitor_Search,Display,gdn,display,camp_16,4619,55,118.59
2025-03-11,CMP_1017,US_Brand_LinkedIn,Display,gdn,display,camp_17,5383,25,29.58
2025-03-11,CMP_1018,APAC_FeatureX_LinkedIn,Paid Social,linkedin,paid_social,camp_18,3580,42,184.89
2025-03-11,CMP_1019,LATAM_Brand_Display,Paid Social,linkedin,paid_social,camp_19,3747,53,345.86
2025-03-12,CMP_1001,EMEA_FeatureY_Search,Paid Social,linkedin,paid_social,camp_1,2558,68,542.49
2025-03-12,CMP_1002,APAC_Brand_Search,Paid Social,linkedin,paid_social,camp_2,3971,70,472.74
2025-03-12,CMP_1003,APAC_FeatureY_Search,Paid Search,google,paid_search,camp_3,4749,145,680.34
2025-03-12,CMP_1004,US_FeatureY_Display,Paid Social,linkedin,paid_social,camp_4,3634,47,285.48
2025-03-12,CMP_1005,US_FeatureX_Search,Paid Social,linkedin,paid_social,camp_5,5301,141,537.52
2025-03-12,CMP_1006,EMEA_Competitor_LinkedIn,Paid Search,google,paid_search,camp_6,6175,331,1036.17
2025-03-12,CMP_1007,EMEA_FeatureY_Display,Paid Social,linkedin,paid_social,camp_7,3536,68,393.47
2025-03-12,CMP_1008,EMEA_Brand_Search,Display,gdn,display,camp_8,4463,34,66.16
2025-03-12,CMP_1009,US_FeatureX_Search,Paid Social,linkedin,paid_social,camp_9,2068,28,96.4
2025-03-12,CMP_1010,LATAM_Competitor_LinkedIn,Paid Social,linkedin,paid_social,camp_10,3548,74,536.19
2025-03-12,CMP_1011,LATAM_Brand_LinkedIn,Paid Social,linkedin,paid_social,camp_11,3890,115,761.63
2025-03-12,CMP_1012,LATAM_FeatureX_Display,Display,gdn,display,camp_12,4364,24,33.92
2025-03-12,CMP_1013,APAC_Brand_LinkedIn,Display,gdn,display,camp_13,5078,35,75.98
2025-03-12,CMP_1014,LATAM_Competitor_Display,Display,gdn,display,camp_14,3585,38,49.77
2025-03-12,CMP_1015,LATAM_Competitor_Display,Paid Social,linkedin,paid_social,camp_15,3449,64,259.69
2025-03-12,CMP_1016,APAC_Competitor_Search,Display,gdn,display,camp_16,4478,47,101.15
2025-03-12,CMP_1017,US_Brand_LinkedIn,Display,gdn,display,camp_17,5334,21,42.39
2025-03-12,CMP_1018,APAC_FeatureX_LinkedIn,Paid Social,linkedin,paid_social,camp_18,2735,51,239.62
2025-03-12,CMP_1019,LATAM_Brand_Display,Paid Social,linkedin,paid_social,camp_19,3773,87,339.46
2025-03-13,CMP_1001,EMEA_FeatureY_Search,Paid Social,linkedin,paid_social,camp_1,2943,39,284.05
2025-03-13,CMP_1002,APAC_Brand_Search,Paid Social,linkedin,paid_social,camp_2,3355,40,230.95
2025-03-13,CMP_1003,APAC_FeatureY_Search,Paid Search,google,paid_search,camp_3,5028,299,733.4
2025-03-13,CMP_1004,US_FeatureY_Display,Paid Social,linkedin,paid_social,camp_4,3034,55,375.62
2025-03-13,CMP_1005,US_FeatureX_Search,Paid Social,linkedin,paid_social,camp_5,4719,67,203.95
2025-03-13,CMP_1006,EMEA_Competitor_LinkedIn,Paid Search,google,paid_search,camp_6,6288,195,823.53
2025-03-13,CMP_1007,EMEA_FeatureY_Display,Paid Social,linkedin,paid_social,camp_7,3089,36,278.63
2025-03-13,CMP_1008,EMEA_Brand_Search,Display,gdn,display,camp_8,4314,50,110.91
2025-03-13,CMP_1009,US_FeatureX_Search,Paid Social,linkedin,paid_social,camp_9,3807,67,396.66
2025-03-13,CMP_1010,LATAM_Competitor_LinkedIn,Paid Social,linkedin,paid_social,camp_10,2608,33,229.14
2025-03-13,CMP_1011,LATAM_Brand_LinkedIn,Paid Social,linkedin,paid_social,camp_11,4023,91,373.96
2025-03-13,CMP_1012,LATAM_FeatureX_Display,Display,gdn,display,camp_12,5819,35,51.02
2025-03-13,CMP_1013,APAC_Brand_LinkedIn,Display,gdn,display,camp_13,3678,16,26.34
2025-03-13,CMP_1014,LATAM_Competitor_Display,Display,gdn,display,camp_14,4721,40,94.52
2025-03-13,CMP_1015,LATAM_Competitor_Display,Paid Social,linkedin,paid_social,camp_15,3127,79,628.96
2025-03-13,CMP_1016,APAC_Competitor_Search,Display,gdn,display,camp_16,4314,30,41.3
2025-03-13,CMP_1017,US_Brand_LinkedIn,Display,gdn,display,camp_17,4209,44,54.75
2025-03-13,CMP_1018,APAC_FeatureX_LinkedIn,Paid Social,linkedin,paid_social,camp_18,3284,50,264.68
2025-03-13,CMP_1019,LATAM_Brand_Display,Paid Social,linkedin,paid_social,camp_19,3890,91,396.44
2025-03-14,CMP_1001,EMEA_FeatureY_Search,Paid Social,linkedin,paid_social,camp_1,2625,32,206.17
2025-03-14,CMP_1002,APAC_Brand_Search,Paid Social,linkedin,paid_social,camp_2,3603,46,366.86
2025-03-14,CMP_1003,APAC_FeatureY_Search,Paid Search,google,paid_search,camp_3,5486,202,1204.36
2025-03-14,CMP_1004,US_FeatureY_Display,Paid Social,linkedin,paid_social,camp_4,3409,93,428.6
2025-03-14,CMP_1005,US_FeatureX_Search,Paid Social,linkedin,paid_social,camp_5,2803,47,192.86
2025-03-14,CMP_1006,EMEA_Competitor_LinkedIn,Paid Search,google,paid_search,camp_6,5772,268,930.08
2025-03-14,CMP_1007,EMEA_FeatureY_Display,Paid Social,linkedin,paid_social,camp_7,3767,64,351.09
2025-03-14,CMP_1008,EMEA_Brand_Search,Display,gdn,display,camp_8,4886,25,40.17
2025-03-14,CMP_1009,US_FeatureX_Search,Paid Social,linkedin,paid_social,camp_9,3856,98,424.23
2025-03-14,CMP_1010,LATAM_Competitor_LinkedIn,Paid Social,linkedin,paid_social,camp_10,2473,65,291.28
2025-03-14,CMP_1011,LATAM_Brand_LinkedIn,Paid Social,linkedin,paid_social,camp_11,4634,86,494.3
2025-03-14,CMP_1012,LATAM_FeatureX_Display,Display,gdn,display,camp_12,5101,28,38.93
2025-03-14,CMP_1013,APAC_Brand_LinkedIn,Display,gdn,display,camp_13,5003,51,41.01
2025-03-14,CMP_1014,LATAM_Competitor_Display,Display,gdn,display,camp_14,5467,33,61.75
2025-03-14,CMP_1015,LATAM_Competitor_Display,Paid Social,linkedin,paid_social,camp_15,3529,76,435.76
2025-03-14,CMP_1016,APAC_Competitor_Search,Display,gdn,display,camp_16,5008,58,119.26
2025-03-14,CMP_1017,US_Brand_LinkedIn,Display,gdn,display,camp_17,3132,24,34.41
2025-03-14,CMP_1018,APAC_FeatureX_LinkedIn,Paid Social,linkedin,paid_social,camp_18,3415,38,302.19
2025-03-14,CMP_1019,LATAM_Brand_Display,Paid Social,linkedin,paid_social,camp_19,3400,72,511.74
2025-03-15,CMP_1001,EMEA_FeatureY_Search,Paid Social,linkedin,paid_social,camp_1,3105,32,185.12
2025-03-15,CMP_1002,APAC_Brand_Search,Paid Social,linkedin,paid_social,camp_2,2643,63,346.16
2025-03-15,CMP_1003,APAC_FeatureY_Search,Paid Search,google,paid_search,camp_3,3258,103,361.67
2025-03-15,CMP_1004,US_FeatureY_Display,Paid Social,linkedin,paid_social,camp_4,1253,29,162.67
2025-03-15,CMP_1005,US_FeatureX_Search,Paid Social,linkedin,paid_social,camp_5,684,12,63.91
2025-03-15,CMP_1006,EMEA_Competitor_LinkedIn,Paid Search,google,paid_search,camp_6,2713,149,407.51
2025-03-15,CMP_1007,EMEA_FeatureY_Display,Paid Social,linkedin,paid_social,camp_7,2211,57,248.97
2025-03-15,CMP_1008,EMEA_Brand_Search,Display,gdn,display,camp_8,2087,24,35.47
2025-03-15,CMP_1009,US_FeatureX_Search,Paid Social,linkedin,paid_social,camp_9,2486,54,404.92
2025-03-15,CMP_1010,LATAM_Competitor_LinkedIn,Paid Social,linkedin,paid_social,camp_10,2568,51,231.41
2025-03-15,CMP_1011,LATAM_Brand_LinkedIn,Paid Social,linkedin,paid_social,camp_11,1350,37,286.73
2025-03-15,CMP_1012,LATAM_FeatureX_Display,Display,gdn,display,camp_12,2581,15,15.93
2025-03-15,CMP_1013,APAC_Brand_LinkedIn,Display,gdn,display,camp_13,1751,14,31.05
2025-03-15,CMP_1014,LATAM_Competitor_Display,Display,gdn,display,camp_14,1552,6,12.19
2025-03-15,CMP_1015,LATAM_Competitor_Display,Paid Social,linkedin,paid_social,camp_15,2177,45,211.42
2025-03-15,CMP_1016,APAC_Competitor_Search,Display,gdn,display,camp_16,1561,6,14.76
2025-03-15,CMP_1017,US_Brand_LinkedIn,Display,gdn,display,camp_17,1686,10,22.17
2025-03-15,CMP_1018,APAC_FeatureX_LinkedIn,Paid Social,linkedin,paid_social,camp_18,2112,57,372.19
2025-03-15,CMP_1019,LATAM_Brand_Display,Paid Social,linkedin,paid_social,camp_19,1546,30,126.21
2025-03-16,CMP_1001,EMEA_FeatureY_Search,Paid Social,linkedin,paid_social,camp_1,1957,30,96.35
2025-03-16,CMP_1002,APAC_Brand_Search,Paid Social,linkedin,paid_social,camp_2,2076,24,141.11
2025-03-16,CMP_1003,APAC_FeatureY_Search,Paid Search,google,paid_search,camp_3,2123,95,558.28
2025-03-16,CMP_1004,US_FeatureY_Display,Paid Social,linkedin,paid_social,camp_4,1270,15,110.55
2025-03-16,CMP_1005,US_FeatureX_Search,Paid Social,linkedin,paid_social,camp_5,2883,53,306.83
2025-03-16,CMP_1006,EMEA_Competitor_LinkedIn,Paid Search,google,paid_search,camp_6,4668,133,420.16
2025-03-16,CMP_1007,EMEA_FeatureY_Display,Paid Social,linkedin,paid_social,camp_7,1523,38,188.46
2025-03-16,CMP_1008,EMEA_Brand_Search,Display,gdn,display,camp_8,1671,13,13.76
2025-03-16,CMP_1009,US_FeatureX_Search,Paid Social,linkedin,paid_social,camp_9,2584,28,153.65
2025-03-16,CMP_1010,LATAM_Competitor_LinkedIn,Paid Social,linkedin,paid_social,camp_10,1381,19,73.46
2025-03-16,CMP_1011,LATAM_Brand_LinkedIn,Paid Social,linkedin,paid_social,camp_11,1000,24,164.38
2025-03-16,CMP_1012,LATAM_FeatureX_Display,Display,gdn,display,camp_12,2116,19,20.22
2025-03-16,CMP_1013,APAC_Brand_LinkedIn,Display,gdn,display,camp_13,3174,28,30.99
2025-03-16,CMP_1014,LATAM_Competitor_Display,Display,gdn,display,camp_14,3196,27,26.49
2025-03-16,CMP_1015,LATAM_Competitor_Display,Paid Social,linkedin,paid_social,camp_15,1510,34,244.54
2025-03-16,CMP_1016,APAC_Competitor_Search,Display,gdn,display,camp_16,2153,21,34.47
2025-03-16,CMP_1017,US_Brand_LinkedIn,Display,gdn,display,camp_17,3319,16,17.62
2025-03-16,CMP_1018,APAC_FeatureX_LinkedIn,Paid Social,linkedin,paid_social,camp_18,1775,21,83.43
2025-03-16,CMP_1019,LATAM_Brand_Display,Paid Social,linkedin,paid_social,camp_19,1098,12,92.0
2025-03-17,CMP_1001,EMEA_FeatureY_Search,Paid Social,linkedin,paid_social,camp_1,5233,74,242.4
2025-03-17,CMP_1002,APAC_Brand_Search,Paid Social,linkedin,paid_social,camp_2,3185,64,479.0
2025-03-17,CMP_1003,APAC_FeatureY_Search,Paid Search,google,paid_search,camp_3,7582,435,1408.88
2025-03-17,CMP_1004,US_FeatureY_Display,Paid Social,linkedin,paid_social,camp_4,4184,96,634.4
2025-03-17,CMP_1005,US_FeatureX_Search,Paid Social,linkedin,paid_social,camp_5,3743,70,440.06
2025-03-17,CMP_1006,EMEA_Competitor_LinkedIn,Paid Search,google,paid_search,camp_6,5376,229,486.63
2025-03-17,CMP_1007,EMEA_FeatureY_Display,Paid Social,linkedin,paid_social,camp_7,3027,42,209.21
2025-03-17,CMP_1008,EMEA_Brand_Search,Display,gdn,display,camp_8,5517,61,60.4
2025-03-17,CMP_1009,US_FeatureX_Search,Paid Social,linkedin,paid_social,camp_9,4185,61,336.61
2025-03-17,CMP_1010,LATAM_Competitor_LinkedIn,Paid Social,linkedin,paid_social,camp_10,4441,79,353.13
2025-03-17,CMP_1011,LATAM_Brand_LinkedIn,Paid Social,linkedin,paid_social,camp_11,3942,101,382.62
2025-03-17,CMP_1012,LATAM_FeatureX_Display,Display,gdn,display,camp_12,4695,21,42.74
2025-03-17,CMP_1013,APAC_Brand_LinkedIn,Display,gdn,display,camp_13,4787,39,48.04
2025-03-17,CMP_1014,LATAM_Competitor_Display,Display,gdn,display,camp_14,4574,30,50.84
2025-03-17,CMP_1015,LATAM_Competitor_Display,Paid Social,linkedin,paid_social,camp_15,4613,85,463.85
2025-03-17,CMP_1016,APAC_Competitor_Search,Display,gdn,display,camp_16,4809,35,57.75
2025-03-17,CMP_1017,US_Brand_LinkedIn,Display,gdn,display,camp_17,3881,21,43.23
2025-03-17,CMP_1018,APAC_FeatureX_LinkedIn,Paid Social,linkedin,paid_social,camp_18,4508,90,317.74
2025-03-17,CMP_1019,LATAM_Brand_Display,Paid Social,linkedin,paid_social,camp_19,2956,42,282.42
2025-03-18,CMP_1001,EMEA_FeatureY_Search,Paid Social,linkedin,paid_social,camp_1,2550,49,391.56
2025-03-18,CMP_1002,APAC_Brand_Search,Paid Social,linkedin,paid_social,camp_2,3411,83,644.37
2025-03-18,CMP_1003,APAC_FeatureY_Search,Paid Search,google,paid_search,camp_3,8567,506,2233.43
2025-03-18,CMP_1004,US_FeatureY_Display,Paid Social,linkedin,paid_social,camp_4,3826,68,327.94
2025-03-18,CMP_1005,US_FeatureX_Search,Paid Social,linkedin,paid_social,camp_5,3346,47,287.0
2025-03-18,CMP_1006,EMEA_Competitor_LinkedIn,Paid Search,google,paid_search,camp_6,5418,194,480.81
2025-03-18,CMP_1007,EMEA_FeatureY_Display,Paid Social,linkedin,paid_social,camp_7,3934,55,235.81
2025-03-18,CMP_1008,EMEA_Brand_Search,Display,gdn,display,camp_8,3421,21,35.31
2025-03-18,CMP_1009,US_FeatureX_Search,Paid Social,linkedin,paid_social,camp_9,3128,86,585.57
2025-03-18,CMP_1010,LATAM_Competitor_LinkedIn,Paid Social,linkedin,paid_social,camp_10,3325,43,325.62
2025-03-18,CMP_1011,LATAM_Brand_LinkedIn,Paid Social,linkedin,paid_social,camp_11,3463,100,429.9
2025-03-18,CMP_1012,LATAM_FeatureX_Display,Display,gdn,display,camp_12,4733,31,75.94
2025-03-18,CMP_1013,APAC_Brand_LinkedIn,Display,gdn,display,camp_13,4043,37,74.26
2025-03-18,CMP_1014,LATAM_Competitor_Display,Display,gdn,display,camp_14,4626,26,35.93
2025-03-18,CMP_1015,LATAM_Competitor_Display,Paid Social,linkedin,paid_social,camp_15,3176,60,304.09
2025-03-18,CMP_1016,APAC_Competitor_Search,Display,gdn,display,camp_16,4154,17,35.23
2025-03-18,CMP_1017,US_Brand_LinkedIn,Display,gdn,display,camp_17,4434,18,20.57
2025-03-18,CMP_1018,APAC_FeatureX_LinkedIn,Paid Social,linkedin,paid_social,camp_18,3451,78,449.16
2025-03-18,CMP_1019,LATAM_Brand_Display,Paid Social,linkedin,paid_social,camp_19,4126,81,447.02
2025-03-19,CMP_1001,EMEA_FeatureY_Search,Paid Social,linkedin,paid_social,camp_1,3828,64,465.13
2025-03-19,CMP_1002,APAC_Brand_Search,Paid Social,linkedin,paid_social,camp_2,4171,54,387.68
2025-03-19,CMP_1003,APAC_FeatureY_Search,Paid Search,google,paid_search,camp_3,4559,197,480.21
2025-03-19,CMP_1004,US_FeatureY_Display,Paid Social,linkedin,paid_social,camp_4,4072,74,307.08
2025-03-19,CMP_1005,US_FeatureX_Search,Paid Social,linkedin,paid_social,camp_5,4135,90,513.76
2025-03-19,CMP_1006,EMEA_Competitor_LinkedIn,Paid Search,google,paid_search,camp_6,7078,358,1921.58
2025-03-19,CMP_1007,EMEA_FeatureY_Display,Paid Social,linkedin,paid_social,camp_7,3423,56,191.55
2025-03-19,CMP_1008,EMEA_Brand_Search,Display,gdn,display,camp_8,4508,44,47.24
2025-03-19,CMP_1009,US_FeatureX_Search,Paid Social,linkedin,paid_social,camp_9,3931,115,628.47
2025-03-19,CMP_1010,LATAM_Competitor_LinkedIn,Paid Social,linkedin,paid_social,camp_10,2845,46,270.02
2025-03-19,CMP_1011,LATAM_Brand_LinkedIn,Paid Social,linkedin,paid_social,camp_11,3157,93,445.66
2025-03-19,CMP_1012,LATAM_FeatureX_Display,Display,gdn,display,camp_12,4376,38,56.24
2025-03-19,CMP_1013,APAC_Brand_LinkedIn,Display,gdn,display,camp_13,6760,44,95.04
2025-03-19,CMP_1014,LATAM_Competitor_Display,Display,gdn,display,camp_14,4379,47,87.64
2025-03-19,CMP_1015,LATAM_Competitor_Display,Paid Social,linkedin,paid_social,camp_15,4107,114,791.1
2025-03-19,CMP_1016,APAC_Competitor_Search,Display,gdn,display,camp_16,4449,22,19.77
2025-03-19,CMP_1017,US_Brand_LinkedIn,Display,gdn,display,camp_17,5353,30,69.15
2025-03-19,CMP_1018,APAC_FeatureX_LinkedIn,Paid Social,linkedin,paid_social,camp_18,3942,79,352.89
2025-03-19,CMP_1019,LATAM_Brand_Display,Paid Social,linkedin,paid_social,camp_19,3071,65,464.16
2025-03-20,CMP_1001,EMEA_FeatureY_Search,Paid Social,linkedin,paid_social,camp_1,4568,51,372.03
2025-03-20,CMP_1002,APAC_Brand_Search,Paid Social,linkedin,paid_social,camp_2,3751,41,201.42
2025-03-20,CMP_1003,APAC_FeatureY_Search,Paid Search,google,paid_search,camp_3,5299,170,682.65
2025-03-20,CMP_1004,US_FeatureY_Display,Paid Social,linkedin,paid_social,camp_4,4298,95,400.87
2025-03-20,CMP_1005,US_FeatureX_Search,Paid Social,linkedin,paid_social,camp_5,4117,45,343.04
2025-03-20,CMP_1006,EMEA_Competitor_LinkedIn,Paid Search,google,paid_search,camp_6,5299,315,1224.74
2025-03-20,CMP_1007,EMEA_FeatureY_Display,Paid Social,linkedin,paid_social,camp_7,2915,72,400.21
2025-03-20,CMP_1008,EMEA_Brand_Search,Display,gdn,display,camp_8,4560,29,52.43
2025-03-20,CMP_1009,US_FeatureX_Search,Paid Social,linkedin,paid_social,camp_9,3258,90,329.17
2025-03-20,CMP_1010,LATAM_Competitor_LinkedIn,Paid Social,linkedin,paid_social,camp_10,3869,72,478.02
2025-03-20,CMP_1011,LATAM_Brand_LinkedIn,Paid Social,linkedin,paid_social,camp_11,4027,67,268.93
2025-03-20,CMP_1012,LATAM_FeatureX_Display,Display,gdn,display,camp_12,5323,53,75.23
2025-03-20,CMP_1013,APAC_Brand_LinkedIn,Display,gdn,display,camp_13,4837,24,46.98
2025-03-20,CMP_1014,LATAM_Competitor_Display,Display,gdn,display,camp_14,6026,54,77.75
2025-03-20,CMP_1015,LATAM_Competitor_Display,Paid Social,linkedin,paid_social,camp_15,3421,76,230.29
2025-03-20,CMP_1016,APAC_Competitor_Search,Display,gdn,display,camp_16,6440,42,89.29
2025-03-20,CMP_1017,US_Brand_LinkedIn,Display,gdn,display,camp_17,5712,61,83.08
2025-03-20,CMP_1018,APAC_FeatureX_LinkedIn,Paid Social,linkedin,paid_social,camp_18,4271,108,587.65
2025-03-20,CMP_1019,LATAM_Brand_Display,Paid Social,linkedin,paid_social,camp_19,4502,124,522.76
2025-03-21,CMP_1001,EMEA_FeatureY_Search,Paid Social,linkedin,paid_social,camp_1,3002,76,497.75
2025-03-21,CMP_1002,APAC_Brand_Search,Paid Social,linkedin,paid_social,camp_2,3823,68,424.95
2025-03-21,CMP_1003,APAC_FeatureY_Search,Paid Search,google,paid_search,camp_3,7640,348,826.17
2025-03-21,CMP_1004,US_FeatureY_Display,Paid Social,linkedin,paid_social,camp_4,4179,101,336.7
2025-03-21,CMP_1005,US_FeatureX_Search,Paid Social,linkedin,paid_social,camp_5,4406,108,550.35
2025-03-21,CMP_1006,EMEA_Competitor_LinkedIn,Paid Search,google,paid_search,camp_6,5084,152,434.8
2025-03-21,CMP_1007,EMEA_FeatureY_Display,Paid Social,linkedin,paid_social,camp_7,3631,77,420.3
2025-03-21,CMP_1008,EMEA_Brand_Search,Display,gdn,display,camp_8,5862,36,53.15
2025-03-21,CMP_1009,US_FeatureX_Search,Paid Social,linkedin,paid_social,camp_9,3519,100,486.0
2025-03-21,CMP_1010,LATAM_Competitor_LinkedIn,Paid Social,linkedin,paid_social,camp_10,2475,45,322.16
2025-03-21,CMP_1011,LATAM_Brand_LinkedIn,Paid Social,linkedin,paid_social,camp_11,3517,46,176.96
2025-03-21,CMP_1012,LATAM_FeatureX_Display,Display,gdn,display,camp_12,4101,27,50.88
2025-03-21,CMP_1013,APAC_Brand_LinkedIn,Display,gdn,display,camp_13,4723,50,100.62
2025-03-21,CMP_1014,LATAM_Competitor_Display,Display,gdn,display,camp_14,3810,29,28.64
2025-03-21,CMP_1015,LATAM_Competitor_Display,Paid Social,linkedin,paid_social,camp_15,4126,98,591.69
2025-03-21,CMP_1016,APAC_Competitor_Search,Display,gdn,display,camp_16,6003,66,76.32
2025-03-21,CMP_1017,US_Brand_LinkedIn,Display,gdn,display,camp_17,4354,19,43.53
2025-03-21,CMP_1018,APAC_FeatureX_LinkedIn,Paid Social,linkedin,paid_social,camp_18,4329,100,476.59
2025-03-21,CMP_1019,LATAM_Brand_Display,Paid Social,linkedin,paid_social,camp_19,3733,92,545.77
2025-03-22,CMP_1001,EMEA_FeatureY_Search,Paid Social,linkedin,paid_social,camp_1,3606,41,138.93
2025-03-22,CMP_1002,APAC_Brand_Search,Paid Social,linkedin,paid_social,camp_2,1898,42,244.15
2025-03-22,CMP_1003,APAC_FeatureY_Search,Paid Search,google,paid_search,camp_3,3158,123,278.2
2025-03-22,CMP_1004,US_FeatureY_Display,Paid Social,linkedin,paid_social,camp_4,2090,47,319.78
2025-03-22,CMP_1005,US_FeatureX_Search,Paid Social,linkedin,paid_social,camp_5,2595,37,239.21
2025-03-22,CMP_1006,EMEA_Competitor_LinkedIn,Paid Search,google,paid_search,camp_6,4543,147,799.27
2025-03-22,CMP_1007,EMEA_FeatureY_Display,Paid Social,linkedin,paid_social,camp_7,1243,33,256.09
2025-03-22,CMP_1008,EMEA_Brand_Search,Display,gdn,display,camp_8,3465,25,34.56
2025-03-22,CMP_1009,US_FeatureX_Search,Paid Social,linkedin,paid_social,camp_9,2222,31,237.96
2025-03-22,CMP_1010,LATAM_Competitor_LinkedIn,Paid Social,linkedin,paid_social,camp_10,0,0,0.0
2025-03-22,CMP_1011,LATAM_Brand_LinkedIn,Paid Social,linkedin,paid_social,camp_11,512,15,95.08
2025-03-22,CMP_1012,LATAM_FeatureX_Display,Display,gdn,display,camp_12,2564,15,14.95
2025-03-22,CMP_1013,APAC_Brand_LinkedIn,Display,gdn,display,camp_13,1388,14,26.39
2025-03-22,CMP_1014,LATAM_Competitor_Display,Display,gdn,display,camp_14,2859,15,37.09
2025-03-22,CMP_1015,LATAM_Competitor_Display,Paid Social,linkedin,paid_social,camp_15,3311,98,775.01
2025-03-22,CMP_1016,APAC_Competitor_Search,Display,gdn,display,camp_16,3462,15,17.86
2025-03-22,CMP_1017,US_Brand_LinkedIn,Display,gdn,display,camp_17,2401,27,29.32
2025-03-22,CMP_1018,APAC_FeatureX_LinkedIn,Paid Social,linkedin,paid_social,camp_18,1549,24,170.75
2025-03-22,CMP_1019,LATAM_Brand_Display,Paid Social,linkedin,paid_social,camp_19,1000,17,108.26
2025-03-23,CMP_1001,EMEA_FeatureY_Search,Paid Social,linkedin,paid_social,camp_1,2438,63,318.93
2025-03-23,CMP_1002,APAC_Brand_Search,Paid Social,linkedin,paid_social,camp_2,2660,36,201.45
2025-03-23,CMP_1003,APAC_FeatureY_Search,Paid Search,google,paid_search,camp_3,5771,297,770.92
2025-03-23,CMP_1004,US_FeatureY_Display,Paid Social,linkedin,paid_social,camp_4,2025,53,380.64
2025-03-23,CMP_1005,US_FeatureX_Search,Paid Social,linkedin,paid_social,camp_5,2780,57,448.55
2025-03-23,CMP_1006,EMEA_Competitor_LinkedIn,Paid Search,google,paid_search,camp_6,3800,158,550.37
2025-03-23,CMP_1007,EMEA_FeatureY_Display,Paid Social,linkedin,paid_social,camp_7,2749,53,166.09
2025-03-23,CMP_1008,EMEA_Brand_Search,Display,gdn,display,camp_8,2448,29,37.22
2025-03-23,CMP_1009,US_FeatureX_Search,Paid Social,linkedin,paid_social,camp_9,1535,32,168.3
2025-03-23,CMP_1010,LATAM_Competitor_LinkedIn,Paid Social,linkedin,paid_social,camp_10,2661,76,388.82
2025-03-23,CMP_1011,LATAM_Brand_LinkedIn,Paid Social,linkedin,paid_social,camp_11,1716,40,120.15
2025-03-23,CMP_1012,LATAM_FeatureX_Display,Display,gdn,display,camp_12,3349,39,52.65
2025-03-23,CMP_1013,APAC_Brand_LinkedIn,Display,gdn,display,camp_13,3034,14,33.02
2025-03-23,CMP_1014,LATAM_Competitor_Display,Display,gdn,display,camp_14,1605,8,12.43
2025-03-23,CMP_1015,LATAM_Competitor_Display,Paid Social,linkedin,paid_social,camp_15,1283,37,141.66
2025-03-23,CMP_1016,APAC_Competitor_Search,Display,gdn,display,camp_16,2364,14,28.73
2025-03-23,CMP_1017,US_Brand_LinkedIn,Display,gdn,display,camp_17,4555,21,40.43
2025-03-23,CMP_1018,APAC_FeatureX_LinkedIn,Paid Social,linkedin,paid_social,camp_18,2392,38,228.48
2025-03-23,CMP_1019,LATAM_Brand_Display,Paid Social,linkedin,paid_social,camp_19,1802,44,323.19
2025-03-24,CMP_1001,EMEA_FeatureY_Search,Paid Social,linkedin,paid_social,camp_1,3495,91,624.36
2025-03-24,CMP_1002,APAC_Brand_Search,Paid Social,linkedin,paid_social,camp_2,3771,100,713.36
2025-03-24,CMP_1003,APAC_FeatureY_Search,Paid Search,google,paid_search,camp_3,6895,159,768.23
2025-03-24,CMP_1004,US_FeatureY_Display,Paid Social,linkedin,paid_social,camp_4,4296,93,674.35
2025-03-24,CMP_1005,US_FeatureX_Search,Paid Social,linkedin,paid_social,camp_5,5289,135,1014.1
2025-03-24,CMP_1006,EMEA_Competitor_LinkedIn,Paid Search,google,paid_search,camp_6,6024,279,1527.01
2025-03-24,CMP_1007,EMEA_FeatureY_Display,Paid Social,linkedin,paid_social,camp_7,3161,43,330.86
2025-03-24,CMP_1008,EMEA_Brand_Search,Display,gdn,display,camp_8,5733,43,74.46
2025-03-24,CMP_1009,US_FeatureX_Search,Paid Social,linkedin,paid_social,camp_9,3576,84,299.25
2025-03-24,CMP_1010,LATAM_Competitor_LinkedIn,Paid Social,linkedin,paid_social,camp_10,2921,34,271.32
2025-03-24,CMP_1011,LATAM_Brand_LinkedIn,Paid Social,linkedin,paid_social,camp_11,3923,46,152.33
2025-03-24,CMP_1012,LATAM_FeatureX_Display,Display,gdn,display,camp_12,4358,31,25.33
2025-03-24,CMP_1013,APAC_Brand_LinkedIn,Display,gdn,display,camp_13,4589,30,32.13
2025-03-24,CMP_1014,LATAM_Competitor_Display,Display,gdn,display,camp_14,4217,23,18.96
2025-03-24,CMP_1015,LATAM_Competitor_Display,Paid Social,linkedin,paid_social,camp_15,4278,107,639.68
2025-03-24,CMP_1016,APAC_Competitor_Search,Display,gdn,display,camp_16,4542,25,25.61
2025-03-24,CMP_1017,US_Brand_LinkedIn,Display,gdn,display,camp_17,6570,34,63.56
2025-03-24,CMP_1018,APAC_FeatureX_LinkedIn,Paid Social,linkedin,paid_social,camp_18,3210,80,265.66
2025-03-24,CMP_1019,LATAM_Brand_Display,Paid Social,linkedin,paid_social,camp_19,3291,97,624.49
2025-03-25,CMP_1001,EMEA_FeatureY_Search,Paid Social,linkedin,paid_social,camp_1,2895,59,433.64
2025-03-25,CMP_1002,APAC_Brand_Search,Paid Social,linkedin,paid_social,camp_2,4094,106,366.53
2025-03-25,CMP_1003,APAC_FeatureY_Search,Paid Search,google,paid_search,camp_3,5956,249,972.35
2025-03-25,CMP_1004,US_FeatureY_Display,Paid Social,linkedin,paid_social,camp_4,4450,60,312.77
2025-03-25,CMP_1005,US_FeatureX_Search,Paid Social,linkedin,paid_social,camp_5,5231,106,440.06
2025-03-25,CMP_1006,EMEA_Competitor_LinkedIn,Paid Search,google,paid_search,camp_6,7510,267,1323.47
2025-03-25,CMP_1007,EMEA_FeatureY_Display,Paid Social,linkedin,paid_social,camp_7,3692,70,328.16
2025-03-25,CMP_1008,EMEA_Brand_Search,Display,gdn,display,camp_8,4077,24,49.83
2025-03-25,CMP_1009,US_FeatureX_Search,Paid Social,linkedin,paid_social,camp_9,2960,42,143.14
2025-03-25,CMP_1010,LATAM_Competitor_LinkedIn,Paid Social,linkedin,paid_social,camp_10,3156,50,294.25
2025-03-25,CMP_1011,LATAM_Brand_LinkedIn,Paid Social,linkedin,paid_social,camp_11,4677,136,657.75
2025-03-25,CMP_1012,LATAM_FeatureX_Display,Display,gdn,display,camp_12,6372,28,47.6
2025-03-25,CMP_1013,APAC_Brand_LinkedIn,Display,gdn,display,camp_13,5550,36,63.29
2025-03-25,CMP_1014,LATAM_Competitor_Display,Display,gdn,display,camp_14,5045,50,59.48
2025-03-25,CMP_1015,LATAM_Competitor_Display,Paid Social,linkedin,paid_social,camp_15,4034,63,333.44
2025-03-25,CMP_1016,APAC_Competitor_Search,Display,gdn,display,camp_16,5067,60,127.74
2025-03-25,CMP_1017,US_Brand_LinkedIn,Display,gdn,display,camp_17,4198,48,50.13
2025-03-25,CMP_1018,APAC_FeatureX_LinkedIn,Paid Social,linkedin,paid_social,camp_18,3943,117,620.49
2025-03-25,CMP_1019,LATAM_Brand_Display,Paid Social,linkedin,paid_social,camp_19,2792,70,272.36
2025-03-26,CMP_1001,EMEA_FeatureY_Search,Paid Social,linkedin,paid_social,camp_1,3306,97,574.21
2025-03-26,CMP_1002,APAC_Brand_Search,Paid Social,linkedin,paid_social,camp_2,3885,96,562.53
2025-03-26,CMP_1003,APAC_FeatureY_Search,Paid Search,google,paid_search,camp_3,6326,378,2193.46
2025-03-26,CMP_1004,US_FeatureY_Display,Paid Social,linkedin,paid_social,camp_4,3602,69,318.6
2025-03-26,CMP_1005,US_FeatureX_Search,Paid Social,linkedin,paid_social,camp_5,4090,59,441.8
2025-03-26,CMP_1006,EMEA_Competitor_LinkedIn,Paid Search,google,paid_search,camp_6,5104,154,346.71
2025-03-26,CMP_1007,EMEA_FeatureY_Display,Paid Social,linkedin,paid_social,camp_7,3840,60,204.32
2025-03-26,CMP_1008,EMEA_Brand_Search,Display,gdn,display,camp_8,4598,24,31.77
2025-03-26,CMP_1009,US_FeatureX_Search,Paid Social,linkedin,paid_social,camp_9,2422,46,342.42
2025-03-26,CMP_1010,LATAM_Competitor_LinkedIn,Paid Social,linkedin,paid_social,camp_10,3353,69,361.03
2025-03-26,CMP_1011,LATAM_Brand_LinkedIn,Paid Social,linkedin,paid_social,camp_11,4887,91,338.69
2025-03-26,CMP_1012,LATAM_FeatureX_Display,Display,gdn,display,camp_12,5330,60,51.35
2025-03-26,CMP_1013,APAC_Brand_LinkedIn,Display,gdn,display,camp_13,5916,39,42.53
2025-03-26,CMP_1014,LATAM_Competitor_Display,Display,gdn,display,camp_14,4904,27,26.49
2025-03-26,CMP_1015,LATAM_Competitor_Display,Paid Social,linkedin,paid_social,camp_15,2394,67,290.18
2025-03-26,CMP_1016,APAC_Competitor_Search,Display,gdn,display,camp_16,3922,41,36.92
2025-03-26,CMP_1017,US_Brand_LinkedIn,Display,gdn,display,camp_17,4912,25,57.91
2025-03-26,CMP_1018,APAC_FeatureX_LinkedIn,Paid Social,linkedin,paid_social,camp_18,2474,67,354.01
2025-03-26,CMP_1019,LATAM_Brand_Display,Paid Social,linkedin,paid_social,camp_19,3837,47,295.89
2025-03-27,CMP_1001,EMEA_FeatureY_Search,Paid Social,linkedin,paid_social,camp_1,3043,64,311.44
2025-03-27,CMP_1002,APAC_Brand_Search,Paid Social,linkedin,paid_social,camp_2,3545,52,231.18
2025-03-27,CMP_1003,APAC_FeatureY_Search,Paid Search,google,paid_search,camp_3,6322,302,1323.27
2025-03-27,CMP_1004,US_FeatureY_Display,Paid Social,linkedin,paid_social,camp_4,3563,62,400.72
2025-03-27,CMP_1005,US_FeatureX_Search,Paid Social,linkedin,paid_social,camp_5,3257,74,492.44
2025-03-27,CMP_1006,EMEA_Competitor_LinkedIn,Paid Search,google,paid_search,camp_6,4872,128,570.97
2025-03-27,CMP_1007,EMEA_FeatureY_Display,Paid Social,linkedin,paid_social,camp_7,3348,64,415.16
2025-03-27,CMP_1008,EMEA_Brand_Search,Display,gdn,display,camp_8,4229,32,45.36
2025-03-27,CMP_1009,US_FeatureX_Search,Paid Social,linkedin,paid_social,camp_9,3782,85,621.88
2025-03-27,CMP_1010,LATAM_Competitor_LinkedIn,Paid Social,linkedin,paid_social,camp_10,3500,96,545.74
2025-03-27,CMP_1011,LATAM_Brand_LinkedIn,Paid Social,linkedin,paid_social,camp_11,3146,81,366.04
2025-03-27,CMP_1012,LATAM_FeatureX_Display,Display,gdn,display,camp_12,4729,33,69.46
2025-03-27,CMP_1013,APAC_Brand_LinkedIn,Display,gdn,display,camp_13,3609,20,16.99
2025-03-27,CMP_1014,LATAM_Competitor_Display,Display,gdn,display,camp_14,3999,35,86.44
2025-03-27,CMP_1015,LATAM_Competitor_Display,Paid Social,linkedin,paid_social,camp_15,3305,95,598.8
2025-03-27,CMP_1016,APAC_Competitor_Search,Display,gdn,display,camp_16,5351,33,35.91
2025-03-27,CMP_1017,US_Brand_LinkedIn,Display,gdn,display,camp_17,3725,20,43.54
2025-03-27,CMP_1018,APAC_FeatureX_LinkedIn,Paid Social,linkedin,paid_social,camp_18,3275,74,385.54
2025-03-27,CMP_1019,LATAM_Brand_Display,Paid Social,linkedin,paid_social,camp_19,3506,50,331.1
2025-03-28,CMP_1001,EMEA_FeatureY_Search,Paid Social,linkedin,paid_social,camp_1,2414,41,270.78
2025-03-28,CMP_1002,APAC_Brand_Search,Paid Social,linkedin,paid_social,camp_2,4754,49,327.15
2025-03-28,CMP_1003,APAC_FeatureY_Search,Paid Search,google,paid_search,camp_3,5789,138,531.58
2025-03-28,CMP_1004,US_FeatureY_Display,Paid Social,linkedin,paid_social,camp_4,4259,107,593.49
2025-03-28,CMP_1005,US_FeatureX_Search,Paid Social,linkedin,paid_social,camp_5,3561,104,512.44
2025-03-28,CMP_1006,EMEA_Competitor_LinkedIn,Paid Search,google,paid_search,camp_6,5639,208,879.89
2025-03-28,CMP_1007,EMEA_FeatureY_Display,Paid Social,linkedin,paid_social,camp_7,4157,113,552.78
2025-03-28,CMP_1008,EMEA_Brand_Search,Display,gdn,display,camp_8,5331,27,62.44
2025-03-28,CMP_1009,US_FeatureX_Search,Paid Social,linkedin,paid_social,camp_9,3956,98,750.09
2025-03-28,CMP_1010,LATAM_Competitor_LinkedIn,Paid Social,linkedin,paid_social,camp_10,3367,84,321.92
2025-03-28,CMP_1011,LATAM_Brand_LinkedIn,Paid Social,linkedin,paid_social,camp_11,2618,62,371.11
2025-03-28,CMP_1012,LATAM_FeatureX_Display,Display,gdn,display,camp_12,3691,19,33.91
2025-03-28,CMP_1013,APAC_Brand_LinkedIn,Display,gdn,display,camp_13,3725,20,29.92
2025-03-28,CMP_1014,LATAM_Competitor_Display,Display,gdn,display,camp_14,5035,21,45.5
2025-03-28,CMP_1015,LATAM_Competitor_Display,Paid Social,linkedin,paid_social,camp_15,4240,111,770.78
2025-03-28,CMP_1016,APAC_Competitor_Search,Display,gdn,display,camp_16,6146,41,45.43
2025-03-28,CMP_1017,US_Brand_LinkedIn,Display,gdn,display,camp_17,5047,57,48.99
2025-03-28,CMP_1018,APAC_FeatureX_LinkedIn,Paid Social,linkedin,paid_social,camp_18,3779,73,254.07
2025-03-28,CMP_1019,LATAM_Brand_Display,Paid Social,linkedin,paid_social,camp_19,2370,66,372.91
2025-03-29,CMP_1001,EMEA_FeatureY_Search,Paid Social,linkedin,paid_social,camp_1,2716,50,183.96
2025-03-29,CMP_1002,APAC_Brand_Search,Paid Social,linkedin,paid_social,camp_2,1918,25,115.42
2025-03-29,CMP_1003,APAC_FeatureY_Search,Paid Search,google,paid_search,camp_3,1742,90,479.66
2025-03-29,CMP_1004,US_FeatureY_Display,Paid Social,linkedin,paid_social,camp_4,986,11,37.46
2025-03-29,CMP_1005,US_FeatureX_Search,Paid Social,linkedin,paid_social,camp_5,1968,53,412.37
2025-03-29,CMP_1006,EMEA_Competitor_LinkedIn,Paid Search,google,paid_search,camp_6,3117,75,449.56
2025-03-29,CMP_1007,EMEA_FeatureY_Display,Paid Social,linkedin,paid_social,camp_7,1391,22,130.19
2025-03-29,CMP_1008,EMEA_Brand_Search,Display,gdn,display,camp_8,1924,13,19.65
2025-03-29,CMP_1009,US_FeatureX_Search,Paid Social,linkedin,paid_social,camp_9,1894,21,91.71
2025-03-29,CMP_1010,LATAM_Competitor_LinkedIn,Paid Social,linkedin,paid_social,camp_10,3681,98,574.57
2025-03-29,CMP_1011,LATAM_Brand_LinkedIn,Paid Social,linkedin,paid_social,camp_11,1509,44,284.26
2025-03-29,CMP_1012,LATAM_FeatureX_Display,Display,gdn,display,camp_12,2632,13,20.38
2025-03-29,CMP_1013,APAC_Brand_LinkedIn,Display,gdn,display,camp_13,2996,15,14.02
2025-03-29,CMP_1014,LATAM_Competitor_Display,Display,gdn,display,camp_14,2273,11,20.63
2025-03-29,CMP_1015,LATAM_Competitor_Display,Paid Social,linkedin,paid_social,camp_15,1735,22,143.45
2025-03-29,CMP_1016,APAC_Competitor_Search,Display,gdn,display,camp_16,1830,17,31.91
2025-03-29,CMP_1017,US_Brand_LinkedIn,Display,gdn,display,camp_17,2096,14,30.52
2025-03-29,CMP_1018,APAC_FeatureX_LinkedIn,Paid Social,linkedin,paid_social,camp_18,998,19,65.44
2025-03-29,CMP_1019,LATAM_Brand_Display,Paid Social,linkedin,paid_social,camp_19,1143,16,105.23
2025-03-30,CMP_1001,EMEA_FeatureY_Search,Paid Social,linkedin,paid_social,camp_1,2335,67,249.96
2025-03-30,CMP_1002,APAC_Brand_Search,Paid Social,linkedin,paid_social,camp_2,984,20,106.79
2025-03-30,CMP_1003,APAC_FeatureY_Search,Paid Search,google,paid_search,camp_3,4586,99,241.38
2025-03-30,CMP_1004,US_FeatureY_Display,Paid Social,linkedin,paid_social,camp_4,2279,28,151.22
2025-03-30,CMP_1005,US_FeatureX_Search,Paid Social,linkedin,paid_social,camp_5,2090,34,174.41
2025-03-30,CMP_1006,EMEA_Competitor_LinkedIn,Paid Search,google,paid_search,camp_6,2097,59,302.98
2025-03-30,CMP_1007,EMEA_FeatureY_Display,Paid Social,linkedin,paid_social,camp_7,2527,25,174.03
2025-03-30,CMP_1008,EMEA_Brand_Search,Display,gdn,display,camp_8,2797,28,24.59
2025-03-30,CMP_1009,US_FeatureX_Search,Paid Social,linkedin,paid_social,camp_9,2303,66,235.82
2025-03-30,CMP_1010,LATAM_Competitor_LinkedIn,Paid Social,linkedin,paid_social,camp_10,1272,30,95.21
2025-03-30,CMP_1011,LATAM_Brand_LinkedIn,Paid Social,linkedin,paid_social,camp_11,2120,28,194.8
2025-03-30,CMP_1012,LATAM_FeatureX_Display,Display,gdn,display,camp_12,2292,25,42.12
2025-03-30,CMP_1013,APAC_Brand_LinkedIn,Display,gdn,display,camp_13,2370,21,50.67
2025-03-30,CMP_1014,LATAM_Competitor_Display,Display,gdn,display,camp_14,1398,14,20.23
2025-03-30,CMP_1015,LATAM_Competitor_Display,Paid Social,linkedin,paid_social,camp_15,2183,50,300.51
2025-03-30,CMP_1016,APAC_Competitor_Search,Display,gdn,display,camp_16,1785,13,16.29
2025-03-30,CMP_1017,US_Brand_LinkedIn,Display,gdn,display,camp_17,2247,23,43.15
2025-03-30,CMP_1018,APAC_FeatureX_LinkedIn,Paid Social,linkedin,paid_social,camp_18,2852,63,397.41
2025-03-30,CMP_1019,LATAM_Brand_Display,Paid Social,linkedin,paid_social,camp_19,2657,67,268.45
2025-03-31,CMP_1001,EMEA_FeatureY_Search,Paid Social,linkedin,paid_social,camp_1,4952,131,741.23
2025-03-31,CMP_1002,APAC_Brand_Search,Paid Social,linkedin,paid_social,camp_2,3313,35,162.61
2025-03-31,CMP_1003,APAC_FeatureY_Search,Paid Search,google,paid_search,camp_3,6645,220,746.33
2025-03-31,CMP_1004,US_FeatureY_Display,Paid Social,linkedin,paid_social,camp_4,3961,107,679.88
2025-03-31,CMP_1005,US_FeatureX_Search,Paid Social,linkedin,paid_social,camp_5,3415,65,273.3
2025-03-31,CMP_1006,EMEA_Competitor_LinkedIn,Paid Search,google,paid_search,camp_6,6612,140,293.35
2025-03-31,CMP_1007,EMEA_FeatureY_Display,Paid Social,linkedin,paid_social,camp_7,3943,44,190.44
2025-03-31,CMP_1008,EMEA_Brand_Search,Display,gdn,display,camp_8,5483,32,69.04
2025-03-31,CMP_1009,US_FeatureX_Search,Paid Social,linkedin,paid_social,camp_9,3000,44,289.17
2025-03-31,CMP_1010,LATAM_Competitor_LinkedIn,Paid Social,linkedin,paid_social,camp_10,4633,47,244.99
2025-03-31,CMP_1011,LATAM_Brand_LinkedIn,Paid Social,linkedin,paid_social,camp_11,2835,47,188.16
2025-03-31,CMP_1012,LATAM_FeatureX_Display,Display,gdn,display,camp_12,4278,35,30.46
2025-03-31,CMP_1013,APAC_Brand_LinkedIn,Display,gdn,display,camp_13,4350,21,48.8
2025-03-31,CMP_1014,LATAM_Competitor_Display,Display,gdn,display,camp_14,4406,21,27.2
2025-03-31,CMP_1015,LATAM_Competitor_Display,Paid Social,linkedin,paid_social,camp_15,3743,59,209.67
2025-03-31,CMP_1016,APAC_Competitor_Search,Display,gdn,display,camp_16,5529,25,47.61
2025-03-31,CMP_1017,US_Brand_LinkedIn,Display,gdn,display,camp_17,4268,28,54.11
2025-03-31,CMP_1018,APAC_FeatureX_LinkedIn,Paid Social,linkedin,paid_social,camp_18,3257,81,250.34
2025-03-31,CMP_1019,LATAM_Brand_Display,Paid Social,linkedin,paid_social,camp_19,4133,84,576.54
2025-04-01,CMP_1001,EMEA_FeatureY_Search,Paid Social,linkedin,paid_social,camp_1,5631,154,896.8
2025-04-01,CMP_1002,APAC_Brand_Search,Paid Social,linkedin,paid_social,camp_2,4477,49,197.59
2025-04-01,CMP_1003,APAC_FeatureY_Search,Paid Search,google,paid_search,camp_3,7667,421,1386.7
2025-04-01,CMP_1004,US_FeatureY_Display,Paid Social,linkedin,paid_social,camp_4,3098,92,363.11
2025-04-01,CMP_1005,US_FeatureX_Search,Paid Social,linkedin,paid_social,camp_5,4182,119,729.99
2025-04-01,CMP_1006,EMEA_Competitor_LinkedIn,Paid Search,google,paid_search,camp_6,7753,408,1806.61
2025-04-01,CMP_1007,EMEA_FeatureY_Display,Paid Social,linkedin,paid_social,camp_7,2451,42,270.73
2025-04-01,CMP_1008,EMEA_Brand_Search,Display,gdn,display,camp_8,4514,34,48.72
2025-04-01,CMP_1009,US_FeatureX_Search,Paid Social,linkedin,paid_social,camp_9,2973,42,265.06
2025-04-01,CMP_1010,LATAM_Competitor_LinkedIn,Paid Social,linkedin,paid_social,camp_10,3788,55,428.22
2025-04-01,CMP_1011,LATAM_Brand_LinkedIn,Paid Social,linkedin,paid_social,camp_11,3973,54,421.57
2025-04-01,CMP_1012,LATAM_FeatureX_Display,Display,gdn,display,camp_12,4298,48,87.89
2025-04-01,CMP_1013,APAC_Brand_LinkedIn,Display,gdn,display,camp_13,4952,42,44.36
2025-04-01,CMP_1014,LATAM_Competitor_Display,Display,gdn,display,camp_14,5038,40,38.84
2025-04-01,CMP_1015,LATAM_Competitor_Display,Paid Social,linkedin,paid_social,camp_15,4246,116,499.34
2025-04-01,CMP_1016,APAC_Competitor_Search,Display,gdn,display,camp_16,6089,34,67.23
2025-04-01,CMP_1017,US_Brand_LinkedIn,Display,gdn,display,camp_17,4487,31,29.95
2025-04-01,CMP_1018,APAC_FeatureX_LinkedIn,Paid Social,linkedin,paid_social,camp_18,3583,46,171.04
2025-04-01,CMP_1019,LATAM_Brand_Display,Paid Social,linkedin,paid_social,camp_19,3070,57,201.54
2025-04-02,CMP_1001,EMEA_FeatureY_Search,Paid Social,linkedin,paid_social,camp_1,4330,88,517.31
2025-04-02,CMP_1002,APAC_Brand_Search,Paid Social,linkedin,paid_social,camp_2,3579,48,353.3
2025-04-02,CMP_1003,APAC_FeatureY_Search,Paid Search,google,paid_search,camp_3,6106,141,677.41
2025-04-02,CMP_1004,US_FeatureY_Display,Paid Social,linkedin,paid_social,camp_4,3345,96,480.66
2025-04-02,CMP_1005,US_FeatureX_Search,Paid Social,linkedin,paid_social,camp_5,5741,71,294.12
2025-04-02,CMP_1006,EMEA_Competitor_LinkedIn,Paid Search,google,paid_search,camp_6,4993,145,569.59
2025-04-02,CMP_1007,EMEA_FeatureY_Display,Paid Social,linkedin,paid_social,camp_7,2877,48,310.84
2025-04-02,CMP_1008,EMEA_Brand_Search,Display,gdn,display,camp_8,3769,41,42.34
2025-04-02,CMP_1009,US_FeatureX_Search,Paid Social,linkedin,paid_social,camp_9,3647,81,285.16
2025-04-02,CMP_1010,LATAM_Competitor_LinkedIn,Paid Social,linkedin,paid_social,camp_10,4462,122,724.72
2025-04-02,CMP_1011,LATAM_Brand_LinkedIn,Paid Social,linkedin,paid_social,camp_11,3398,46,322.47
2025-04-02,CMP_1012,LATAM_FeatureX_Display,Display,gdn,display,camp_12,4331,46,86.07
2025-04-02,CMP_1013,APAC_Brand_LinkedIn,Display,gdn,display,camp_13,4868,54,97.89
2025-04-02,CMP_1014,LATAM_Competitor_Display,Display,gdn,display,camp_14,4479,29,62.95
2025-04-02,CMP_1015,LATAM_Competitor_Display,Paid Social,linkedin,paid_social,camp_15,2599,43,176.56
2025-04-02,CMP_1016,APAC_Competitor_Search,Display,gdn,display,camp_16,3681,41,45.21
2025-04-02,CMP_1017,US_Brand_LinkedIn,Display,gdn,display,camp_17,4422,40,56.12
2025-04-02,CMP_1018,APAC_FeatureX_LinkedIn,Paid Social,linkedin,paid_social,camp_18,3602,72,311.85
2025-04-02,CMP_1019,LATAM_Brand_Display,Paid Social,linkedin,paid_social,camp_19,3383,57,293.52
2025-04-03,CMP_1001,EMEA_FeatureY_Search,Paid Social,linkedin,paid_social,camp_1,4373,112,540.27
2025-04-03,CMP_1002,APAC_Brand_Search,Paid Social,linkedin,paid_social,camp_2,3715,72,551.9
2025-04-03,CMP_1003,APAC_FeatureY_Search,Paid Search,google,paid_search,camp_3,8308,453,2534.87
2025-04-03,CMP_1004,US_FeatureY_Display,Paid Social,linkedin,paid_social,camp_4,4008,103,330.44
2025-04-03,CMP_1005,US_FeatureX_Search,Paid Social,linkedin,paid_social,camp_5,4810,126,619.75
2025-04-03,CMP_1006,EMEA_Competitor_LinkedIn,Paid Search,google,paid_search,camp_6,7479,227,719.6
2025-04-03,CMP_1007,EMEA_FeatureY_Display,Paid Social,linkedin,paid_social,camp_7,3894,74,370.62
2025-04-03,CMP_1008,EMEA_Brand_Search,Display,gdn,display,camp_8,3921,36,78.85
2025-04-03,CMP_1009,US_FeatureX_Search,Paid Social,linkedin,paid_social,camp_9,3875,66,426.28
2025-04-03,CMP_1010,LATAM_Competitor_LinkedIn,Paid Social,linkedin,paid_social,camp_10,4444,116,514.33
2025-04-03,CMP_1011,LATAM_Brand_LinkedIn,Paid Social,linkedin,paid_social,camp_11,3063,66,444.15
2025-04-03,CMP_1012,LATAM_FeatureX_Display,Display,gdn,display,camp_12,4874,44,74.24
2025-04-03,CMP_1013,APAC_Brand_LinkedIn,Display,gdn,display,camp_13,4782,44,94.04
2025-04-03,CMP_1014,LATAM_Competitor_Display,Display,gdn,display,camp_14,3929,33,61.78
2025-04-03,CMP_1015,LATAM_Competitor_Display,Paid Social,linkedin,paid_social,camp_15,3343,57,365.19
2025-04-03,CMP_1016,APAC_Competitor_Search,Display,gdn,display,camp_16,4718,41,72.25
2025-04-03,CMP_1017,US_Brand_LinkedIn,Display,gdn,display,camp_17,3304,17,33.97
2025-04-03,CMP_1018,APAC_FeatureX_LinkedIn,Paid Social,linkedin,paid_social,camp_18,3087,66,378.13
2025-04-03,CMP_1019,LATAM_Brand_Display,Paid Social,linkedin,paid_social,camp_19,4235,60,283.12
2025-04-04,CMP_1001,EMEA_FeatureY_Search,Paid Social,linkedin,paid_social,camp_1,4010,59,239.95
2025-04-04,CMP_1002,APAC_Brand_Search,Paid Social,linkedin,paid_social,camp_2,3386,39,265.83
2025-04-04,CMP_1003,APAC_FeatureY_Search,Paid Search,google,paid_search,camp_3,6198,162,725.01
2025-04-04,CMP_1004,US_FeatureY_Display,Paid Social,linkedin,paid_social,camp_4,4244,126,730.12
2025-04-04,CMP_1005,US_FeatureX_Search,Paid Social,linkedin,paid_social,camp_5,4831,122,785.5
2025-04-04,CMP_1006,EMEA_Competitor_LinkedIn,Paid Search,google,paid_search,camp_6,5890,295,1662.76
2025-04-04,CMP_1007,EMEA_FeatureY_Display,Paid Social,linkedin,paid_social,camp_7,3138,51,212.75
2025-04-04,CMP_1008,EMEA_Brand_Search,Display,gdn,display,camp_8,5137,21,42.06
2025-04-04,CMP_1009,US_FeatureX_Search,Paid Social,linkedin,paid_social,camp_9,3661,68,450.96
2025-04-04,CMP_1010,LATAM_Competitor_LinkedIn,Paid Social,linkedin,paid_social,camp_10,3392,37,164.59
2025-04-04,CMP_1011,LATAM_Brand_LinkedIn,Paid Social,linkedin,paid_social,camp_11,2476,28,205.94
2025-04-04,CMP_1012,LATAM_FeatureX_Display,Display,gdn,display,camp_12,3914,35,38.97
2025-04-04,CMP_1013,APAC_Brand_LinkedIn,Display,gdn,display,camp_13,4134,23,33.86
2025-04-04,CMP_1014,LATAM_Competitor_Display,Display,gdn,display,camp_14,4231,40,98.17
2025-04-04,CMP_1015,LATAM_Competitor_Display,Paid Social,linkedin,paid_social,camp_15,4351,113,372.42
2025-04-04,CMP_1016,APAC_Competitor_Search,Display,gdn,display,camp_16,2711,12,10.52
2025-04-04,CMP_1017,US_Brand_LinkedIn,Display,gdn,display,camp_17,5724,55,67.45
2025-04-04,CMP_1018,APAC_FeatureX_LinkedIn,Paid Social,linkedin,paid_social,camp_18,3117,65,387.76
2025-04-04,CMP_1019,LATAM_Brand_Display,Paid Social,linkedin,paid_social,camp_19,3026,73,371.49
2025-04-05,CMP_1001,EMEA_FeatureY_Search,Paid Social,linkedin,paid_social,camp_1,1658,23,136.68
2025-04-05,CMP_1002,APAC_Brand_Search,Paid Social,linkedin,paid_social,camp_2,1395,16,98.58
2025-04-05,CMP_1003,APAC_FeatureY_Search,Paid Search,google,paid_search,camp_3,2587,130,584.71
2025-04-05,CMP_1004,US_FeatureY_Display,Paid Social,linkedin,paid_social,camp_4,1481,36,181.97
2025-04-05,CMP_1005,US_FeatureX_Search,Paid Social,linkedin,paid_social,camp_5,1055,27,117.7
2025-04-05,CMP_1006,EMEA_Competitor_LinkedIn,Paid Search,google,paid_search,camp_6,3227,143,688.96
2025-04-05,CMP_1007,EMEA_FeatureY_Display,Paid Social,linkedin,paid_social,camp_7,2582,26,81.28
2025-04-05,CMP_1008,EMEA_Brand_Search,Display,gdn,display,camp_8,3031,18,31.24
2025-04-05,CMP_1009,US_FeatureX_Search,Paid Social,linkedin,paid_social,camp_9,2298,53,408.86
2025-04-05,CMP_1010,LATAM_Competitor_LinkedIn,Paid Social,linkedin,paid_social,camp_10,2370,32,119.62
2025-04-05,CMP_1011,LATAM_Brand_LinkedIn,Paid Social,linkedin,paid_social,camp_11,2489,57,298.7
2025-04-05,CMP_1012,LATAM_FeatureX_Display,Display,gdn,display,camp_12,1953,12,16.57
2025-04-05,CMP_1013,APAC_Brand_LinkedIn,Display,gdn,display,camp_13,1951,8,18.09
2025-04-05,CMP_1014,LATAM_Competitor_Display,Display,gdn,display,camp_14,3622,41,101.28
2025-04-05,CMP_1015,LATAM_Competitor_Display,Paid Social,linkedin,paid_social,camp_15,1202,21,149.68
2025-04-05,CMP_1016,APAC_Competitor_Search,Display,gdn,display,camp_16,2804,23,22.14
2025-04-05,CMP_1017,US_Brand_LinkedIn,Display,gdn,display,camp_17,1934,8,6.72
2025-04-05,CMP_1018,APAC_FeatureX_LinkedIn,Paid Social,linkedin,paid_social,camp_18,2794,83,259.07
2025-04-05,CMP_1019,LATAM_Brand_Display,Paid Social,linkedin,paid_social,camp_19,613,18,63.47
2025-04-06,CMP_1001,EMEA_FeatureY_Search,Paid Social,linkedin,paid_social,camp_1,1831,19,98.78
2025-04-06,CMP_1002,APAC_Brand_Search,Paid Social,linkedin,paid_social,camp_2,1816,26,150.82
2025-04-06,CMP_1003,APAC_FeatureY_Search,Paid Search,google,paid_search,camp_3,2227,129,280.17
2025-04-06,CMP_1004,US_FeatureY_Display,Paid Social,linkedin,paid_social,camp_4,1728,34,132.76
2025-04-06,CMP_1005,US_FeatureX_Search,Paid Social,linkedin,paid_social,camp_5,2409,56,321.42
2025-04-06,CMP_1006,EMEA_Competitor_LinkedIn,Paid Search,google,paid_search,camp_6,3567,126,303.33
2025-04-06,CMP_1007,EMEA_FeatureY_Display,Paid Social,linkedin,paid_social,camp_7,1953,24,132.24
2025-04-06,CMP_1008,EMEA_Brand_Search,Display,gdn,display,camp_8,1846,19,20.7
2025-04-06,CMP_1009,US_FeatureX_Search,Paid Social,linkedin,paid_social,camp_9,1856,40,187.72
2025-04-06,CMP_1010,LATAM_Competitor_LinkedIn,Paid Social,linkedin,paid_social,camp_10,2075,36,221.82
2025-04-06,CMP_1011,LATAM_Brand_LinkedIn,Paid Social,linkedin,paid_social,camp_11,2001,36,155.04
2025-04-06,CMP_1012,LATAM_FeatureX_Display,Display,gdn,display,camp_12,3179,28,51.56
2025-04-06,CMP_1013,APAC_Brand_LinkedIn,Display,gdn,display,camp_13,2183,22,21.9
2025-04-06,CMP_1014,LATAM_Competitor_Display,Display,gdn,display,camp_14,2170,14,23.99
2025-04-06,CMP_1015,LATAM_Competitor_Display,Paid Social,linkedin,paid_social,camp_15,1520,26,198.85
2025-04-06,CMP_1016,APAC_Competitor_Search,Display,gdn,display,camp_16,2673,21,23.03
2025-04-06,CMP_1017,US_Brand_LinkedIn,Display,gdn,display,camp_17,2839,31,59.5
2025-04-06,CMP_1018,APAC_FeatureX_LinkedIn,Paid Social,linkedin,paid_social,camp_18,1001,12,49.61
2025-04-06,CMP_1019,LATAM_Brand_Display,Paid Social,linkedin,paid_social,camp_19,1390,23,111.02
2025-04-07,CMP_1001,EMEA_FeatureY_Search,Paid Social,linkedin,paid_social,camp_1,3929,81,637.89
2025-04-07,CMP_1002,APAC_Brand_Search,Paid Social,linkedin,paid_social,camp_2,4480,65,255.34
2025-04-07,CMP_1003,APAC_FeatureY_Search,Paid Search,google,paid_search,camp_3,4554,129,452.69
2025-04-07,CMP_1004,US_FeatureY_Display,Paid Social,linkedin,paid_social,camp_4,4497,101,411.44
2025-04-07,CMP_1005,US_FeatureX_Search,Paid Social,linkedin,paid_social,camp_5,3625,100,468.24
2025-04-07,CMP_1006,EMEA_Competitor_LinkedIn,Paid Search,google,paid_search,camp_6,7104,393,1435.91
2025-04-07,CMP_1007,EMEA_FeatureY_Display,Paid Social,linkedin,paid_social,camp_7,5407,138,592.09
2025-04-07,CMP_1008,EMEA_Brand_Search,Display,gdn,display,camp_8,4528,40,77.15
2025-04-07,CMP_1009,US_FeatureX_Search,Paid Social,linkedin,paid_social,camp_9,4567,117,360.99
2025-04-07,CMP_1010,LATAM_Competitor_LinkedIn,Paid Social,linkedin,paid_social,camp_10,3530,69,543.85
2025-04-07,CMP_1011,LATAM_Brand_LinkedIn,Paid Social,linkedin,paid_social,camp_11,3291,84,617.33
2025-04-07,CMP_1012,LATAM_FeatureX_Display,Display,gdn,display,camp_12,3663,16,21.09
2025-04-07,CMP_1013,APAC_Brand_LinkedIn,Display,gdn,display,camp_13,4645,38,81.11
2025-04-07,CMP_1014,LATAM_Competitor_Display,Display,gdn,display,camp_14,4896,23,55.17
2025-04-07,CMP_1015,LATAM_Competitor_Display,Paid Social,linkedin,paid_social,camp_15,3372,41,192.3
2025-04-07,CMP_1016,APAC_Competitor_Search,Display,gdn,display,camp_16,3719,34,31.86
2025-04-07,CMP_1017,US_Brand_LinkedIn,Display,gdn,display,camp_17,5483,39,69.73
2025-04-07,CMP_1018,APAC_FeatureX_LinkedIn,Paid Social,linkedin,paid_social,camp_18,4175,66,396.26
2025-04-07,CMP_1019,LATAM_Brand_Display,Paid Social,linkedin,paid_social,camp_19,3639,80,615.35
2025-04-08,CMP_1001,EMEA_FeatureY_Search,Paid Social,linkedin,paid_social,camp_1,3929,89,281.53
2025-04-08,CMP_1002,APAC_Brand_Search,Paid Social,linkedin,paid_social,camp_2,2737,36,195.85
2025-04-08,CMP_1003,APAC_FeatureY_Search,Paid Search,google,paid_search,camp_3,8250,260,1002.88
2025-04-08,CMP_1004,US_FeatureY_Display,Paid Social,linkedin,paid_social,camp_4,3058,59,182.67
2025-04-08,CMP_1005,US_FeatureX_Search,Paid Social,linkedin,paid_social,camp_5,3442,85,643.61
2025-04-08,CMP_1006,EMEA_Competitor_LinkedIn,Paid Search,google,paid_search,camp_6,4362,206,884.49
2025-04-08,CMP_1007,EMEA_FeatureY_Display,Paid Social,linkedin,paid_social,camp_7,3874,89,366.25
2025-04-08,CMP_1008,EMEA_Brand_Search,Display,gdn,display,camp_8,5693,25,58.29
2025-04-08,CMP_1009,US_FeatureX_Search,Paid Social,linkedin,paid_social,camp_9,4439,77,387.52
2025-04-08,CMP_1010,LATAM_Competitor_LinkedIn,Paid Social,linkedin,paid_social,camp_10,4369,109,349.68
2025-04-08,CMP_1011,LATAM_Brand_LinkedIn,Paid Social,linkedin,paid_social,camp_11,3632,41,224.08
2025-04-08,CMP_1012,LATAM_FeatureX_Display,Display,gdn,display,camp_12,4382,51,96.6
2025-04-08,CMP_1013,APAC_Brand_LinkedIn,Display,gdn,display,camp_13,4160,30,34.85
2025-04-08,CMP_1014,LATAM_Competitor_Display,Display,gdn,display,camp_14,5179,53,100.66
2025-04-08,CMP_1015,LATAM_Competitor_Display,Paid Social,linkedin,paid_social,camp_15,2754,81,575.3
2025-04-08,CMP_1016,APAC_Competitor_Search,Display,gdn,display,camp_16,4983,42,65.3
2025-04-08,CMP_1017,US_Brand_LinkedIn,Display,gdn,display,camp_17,4071,45,104.64
2025-04-08,CMP_1018,APAC_FeatureX_LinkedIn,Paid Social,linkedin,paid_social,camp_18,3458,53,344.74
2025-04-08,CMP_1019,LATAM_Brand_Display,Paid Social,linkedin,paid_social,camp_19,3271,42,210.83
2025-04-09,CMP_1001,EMEA_FeatureY_Search,Paid Social,linkedin,paid_social,camp_1,3842,85,334.19
2025-04-09,CMP_1002,APAC_Brand_Search,Paid Social,linkedin,paid_social,camp_2,4297,120,503.84
2025-04-09,CMP_1003,APAC_FeatureY_Search,Paid Search,google,paid_search,camp_3,6119,190,1026.68
2025-04-09,CMP_1004,US_FeatureY_Display,Paid Social,linkedin,paid_social,camp_4,3760,48,275.18
2025-04-09,CMP_1005,US_FeatureX_Search,Paid Social,linkedin,paid_social,camp_5,3696,92,733.98
2025-04-09,CMP_1006,EMEA_Competitor_LinkedIn,Paid Search,google,paid_search,camp_6,7107,218,543.17
2025-04-09,CMP_1007,EMEA_FeatureY_Display,Paid Social,linkedin,paid_social,camp_7,3584,47,208.16
2025-04-09,CMP_1008,EMEA_Brand_Search,Display,gdn,display,camp_8,6153,69,115.19
2025-04-09,CMP_1009,US_FeatureX_Search,Paid Social,linkedin,paid_social,camp_9,3916,100,581.23
2025-04-09,CMP_1010,LATAM_Competitor_LinkedIn,Paid Social,linkedin,paid_social,camp_10,3020,43,298.56
2025-04-09,CMP_1011,LATAM_Brand_LinkedIn,Paid Social,linkedin,paid_social,camp_11,2535,46,228.13
2025-04-09,CMP_1012,LATAM_FeatureX_Display,Display,gdn,display,camp_12,5250,43,74.48
2025-04-09,CMP_1013,APAC_Brand_LinkedIn,Display,gdn,display,camp_13,4730,39,33.43
2025-04-09,CMP_1014,LATAM_Competitor_Display,Display,gdn,display,camp_14,5486,61,122.06
2025-04-09,CMP_1015,LATAM_Competitor_Display,Paid Social,linkedin,paid_social,camp_15,3342,87,317.79
2025-04-09,CMP_1016,APAC_Competitor_Search,Display,gdn,display,camp_16,5687,35,61.82
2025-04-09,CMP_1017,US_Brand_LinkedIn,Display,gdn,display,camp_17,6731,35,86.54
2025-04-09,CMP_1018,APAC_FeatureX_LinkedIn,Paid Social,linkedin,paid_social,camp_18,3487,103,552.35
2025-04-09,CMP_1019,LATAM_Brand_Display,Paid Social,linkedin,paid_social,camp_19,3525,37,233.58
2025-04-10,CMP_1001,EMEA_FeatureY_Search,Paid Social,linkedin,paid_social,camp_1,4892,111,812.59
2025-04-10,CMP_1002,APAC_Brand_Search,Paid Social,linkedin,paid_social,camp_2,3566,102,617.13
2025-04-10,CMP_1003,APAC_FeatureY_Search,Paid Search,google,paid_search,camp_3,6403,140,836.74
2025-04-10,CMP_1004,US_FeatureY_Display,Paid Social,linkedin,paid_social,camp_4,4306,128,956.61
2025-04-10,CMP_1005,US_FeatureX_Search,Paid Social,linkedin,paid_social,camp_5,3691,82,400.7
2025-04-10,CMP_1006,EMEA_Competitor_LinkedIn,Paid Search,google,paid_search,camp_6,7239,424,1384.08
2025-04-10,CMP_1007,EMEA_FeatureY_Display,Paid Social,linkedin,paid_social,camp_7,3408,54,269.03
2025-04-10,CMP_1008,EMEA_Brand_Search,Display,gdn,display,camp_8,5117,49,109.62
2025-04-10,CMP_1009,US_FeatureX_Search,Paid Social,linkedin,paid_social,camp_9,3657,109,741.86
2025-04-10,CMP_1010,LATAM_Competitor_LinkedIn,Paid Social,linkedin,paid_social,camp_10,3265,76,370.13
2025-04-10,CMP_1011,LATAM_Brand_LinkedIn,Paid Social,linkedin,paid_social,camp_11,3307,60,236.56
2025-04-10,CMP_1012,LATAM_FeatureX_Display,Display,gdn,display,camp_12,2807,25,27.35
2025-04-10,CMP_1013,APAC_Brand_LinkedIn,Display,gdn,display,camp_13,5461,34,45.06
2025-04-10,CMP_1014,LATAM_Competitor_Display,Display,gdn,display,camp_14,4949,55,79.79
2025-04-10,CMP_1015,LATAM_Competitor_Display,Paid Social,linkedin,paid_social,camp_15,2783,39,258.22
2025-04-10,CMP_1016,APAC_Competitor_Search,Display,gdn,display,camp_16,3912,25,38.66
2025-04-10,CMP_1017,US_Brand_LinkedIn,Display,gdn,display,camp_17,6377,47,113.65
2025-04-10,CMP_1018,APAC_FeatureX_LinkedIn,Paid Social,linkedin,paid_social,camp_18,3325,95,664.24
2025-04-10,CMP_1019,LATAM_Brand_Display,Paid Social,linkedin,paid_social,camp_19,3524,50,341.95
2025-04-11,CMP_1001,EMEA_FeatureY_Search,Paid Social,linkedin,paid_social,camp_1,3686,68,316.92
2025-04-11,CMP_1002,APAC_Brand_Search,Paid Social,linkedin,paid_social,camp_2,3033,55,346.82
2025-04-11,CMP_1003,APAC_FeatureY_Search,Paid Search,google,paid_search,camp_3,7365,252,1364.45
2025-04-11,CMP_1004,US_FeatureY_Display,Paid Social,linkedin,paid_social,camp_4,4003,117,712.31
2025-04-11,CMP_1005,US_FeatureX_Search,Paid Social,linkedin,paid_social,camp_5,3746,81,473.25
2025-04-11,CMP_1006,EMEA_Competitor_LinkedIn,Paid Search,google,paid_search,camp_6,4177,110,227.24
2025-04-11,CMP_1007,EMEA_FeatureY_Display,Paid Social,linkedin,paid_social,camp_7,3552,89,553.58
2025-04-11,CMP_1008,EMEA_Brand_Search,Display,gdn,display,camp_8,5173,37,87.42
2025-04-11,CMP_1009,US_FeatureX_Search,Paid Social,linkedin,paid_social,camp_9,4208,116,850.49
2025-04-11,CMP_1010,LATAM_Competitor_LinkedIn,Paid Social,linkedin,paid_social,camp_10,3925,101,685.43
2025-04-11,CMP_1011,LATAM_Brand_LinkedIn,Paid Social,linkedin,paid_social,camp_11,3375,93,564.97
2025-04-11,CMP_1012,LATAM_FeatureX_Display,Display,gdn,display,camp_12,5387,57,75.08
2025-04-11,CMP_1013,APAC_Brand_LinkedIn,Display,gdn,display,camp_13,5006,36,51.62
2025-04-11,CMP_1014,LATAM_Competitor_Display,Display,gdn,display,camp_14,4954,35,84.63
2025-04-11,CMP_1015,LATAM_Competitor_Display,Paid Social,linkedin,paid_social,camp_15,3386,93,591.05
2025-04-11,CMP_1016,APAC_Competitor_Search,Display,gdn,display,camp_16,5613,29,62.09
2025-04-11,CMP_1017,US_Brand_LinkedIn,Display,gdn,display,camp_17,4333,47,91.77
2025-04-11,CMP_1018,APAC_FeatureX_LinkedIn,Paid Social,linkedin,paid_social,camp_18,4334,83,459.04
2025-04-11,CMP_1019,LATAM_Brand_Display,Paid Social,linkedin,paid_social,camp_19,3819,76,415.86
2025-04-12,CMP_1001,EMEA_FeatureY_Search,Paid Social,linkedin,paid_social,camp_1,1491,19,113.99
2025-04-12,CMP_1002,APAC_Brand_Search,Paid Social,linkedin,paid_social,camp_2,2220,49,177.25
2025-04-12,CMP_1003,APAC_FeatureY_Search,Paid Search,google,paid_search,camp_3,3502,87,376.06
2025-04-12,CMP_1004,US_FeatureY_Display,Paid Social,linkedin,paid_social,camp_4,2089,52,255.74
2025-04-12,CMP_1005,US_FeatureX_Search,Paid Social,linkedin,paid_social,camp_5,879,19,150.23
2025-04-12,CMP_1006,EMEA_Competitor_LinkedIn,Paid Search,google,paid_search,camp_6,1802,48,281.92
2025-04-12,CMP_1007,EMEA_FeatureY_Display,Paid Social,linkedin,paid_social,camp_7,1158,25,141.3
2025-04-12,CMP_1008,EMEA_Brand_Search,Display,gdn,display,camp_8,1126,4,9.22
2025-04-12,CMP_1009,US_FeatureX_Search,Paid Social,linkedin,paid_social,camp_9,1691,41,154.16
2025-04-12,CMP_1010,LATAM_Competitor_LinkedIn,Paid Social,linkedin,paid_social,camp_10,1062,24,149.92
2025-04-12,CMP_1011,LATAM_Brand_LinkedIn,Paid Social,linkedin,paid_social,camp_11,2442,62,265.76
2025-04-12,CMP_1012,LATAM_FeatureX_Display,Display,gdn,display,camp_12,1629,11,19.49
2025-04-12,CMP_1013,APAC_Brand_LinkedIn,Display,gdn,display,camp_13,2705,12,21.95
2025-04-12,CMP_1014,LATAM_Competitor_Display,Display,gdn,display,camp_14,2564,19,39.69
2025-04-12,CMP_1015,LATAM_Competitor_Display,Paid Social,linkedin,paid_social,camp_15,2273,49,199.61
2025-04-12,CMP_1016,APAC_Competitor_Search,Display,gdn,display,camp_16,1144,6,5.58
2025-04-12,CMP_1017,US_Brand_LinkedIn,Display,gdn,display,camp_17,2422,25,53.33
2025-04-12,CMP_1018,APAC_FeatureX_LinkedIn,Paid Social,linkedin,paid_social,camp_18,1639,21,118.53
2025-04-12,CMP_1019,LATAM_Brand_Display,Paid Social,linkedin,paid_social,camp_19,1555,43,167.61
2025-04-13,CMP_1001,EMEA_FeatureY_Search,Paid Social,linkedin,paid_social,camp_1,1687,17,67.59
2025-04-13,CMP_1002,APAC_Brand_Search,Paid Social,linkedin,paid_social,camp_2,950,20,74.11
2025-04-13,CMP_1003,APAC_FeatureY_Search,Paid Search,google,paid_search,camp_3,4323,95,361.5
2025-04-13,CMP_1004,US_FeatureY_Display,Paid Social,linkedin,paid_social,camp_4,2958,54,429.6
2025-04-13,CMP_1005,US_FeatureX_Search,Paid Social,linkedin,paid_social,camp_5,2290,53,406.35
2025-04-13,CMP_1006,EMEA_Competitor_LinkedIn,Paid Search,google,paid_search,camp_6,4280,145,585.91
2025-04-13,CMP_1007,EMEA_FeatureY_Display,Paid Social,linkedin,paid_social,camp_7,2434,57,369.37
2025-04-13,CMP_1008,EMEA_Brand_Search,Display,gdn,display,camp_8,4274,33,40.56
2025-04-13,CMP_1009,US_FeatureX_Search,Paid Social,linkedin,paid_social,camp_9,2200,65,493.26
2025-04-13,CMP_1010,LATAM_Competitor_LinkedIn,Paid Social,linkedin,paid_social,camp_10,2536,60,219.73
2025-04-13,CMP_1011,LATAM_Brand_LinkedIn,Paid Social,linkedin,paid_social,camp_11,1395,26,190.05
2025-04-13,CMP_1012,LATAM_FeatureX_Display,Display,gdn,display,camp_12,1814,15,33.6
2025-04-13,CMP_1013,APAC_Brand_LinkedIn,Display,gdn,display,camp_13,4199,39,63.47
2025-04-13,CMP_1014,LATAM_Competitor_Display,Display,gdn,display,camp_14,2791,18,38.97
2025-04-13,CMP_1015,LATAM_Competitor_Display,Paid Social,linkedin,paid_social,camp_15,1951,38,267.12
2025-04-13,CMP_1016,APAC_Competitor_Search,Display,gdn,display,camp_16,2586,21,49.28
2025-04-13,CMP_1017,US_Brand_LinkedIn,Display,gdn,display,camp_17,1459,11,27.18
2025-04-13,CMP_1018,APAC_FeatureX_LinkedIn,Paid Social,linkedin,paid_social,camp_18,1204,26,136.83
2025-04-13,CMP_1019,LATAM_Brand_Display,Paid Social,linkedin,paid_social,camp_19,1355,27,103.21
2025-04-14,CMP_1001,EMEA_FeatureY_Search,Paid Social,linkedin,paid_social,camp_1,3548,94,480.85
2025-04-14,CMP_1002,APAC_Brand_Search,Paid Social,linkedin,paid_social,camp_2,3393,74,419.2
2025-04-14,CMP_1003,APAC_FeatureY_Search,Paid Search,google,paid_search,camp_3,6204,164,964.73
2025-04-14,CMP_1004,US_FeatureY_Display,Paid Social,linkedin,paid_social,camp_4,3822,68,261.06
2025-04-14,CMP_1005,US_FeatureX_Search,Paid Social,linkedin,paid_social,camp_5,3550,92,434.26
2025-04-14,CMP_1006,EMEA_Competitor_LinkedIn,Paid Search,google,paid_search,camp_6,6024,357,1666.36
2025-04-14,CMP_1007,EMEA_FeatureY_Display,Paid Social,linkedin,paid_social,camp_7,3659,92,534.07
2025-04-14,CMP_1008,EMEA_Brand_Search,Display,gdn,display,camp_8,3624,24,59.38
2025-04-14,CMP_1009,US_FeatureX_Search,Paid Social,linkedin,paid_social,camp_9,4210,50,170.27
2025-04-14,CMP_1010,LATAM_Competitor_LinkedIn,Paid Social,linkedin,paid_social,camp_10,4211,46,158.57
2025-04-14,CMP_1011,LATAM_Brand_LinkedIn,Paid Social,linkedin,paid_social,camp_11,4133,100,332.88
2025-04-14,CMP_1012,LATAM_FeatureX_Display,Display,gdn,display,camp_12,4655,31,60.09
2025-04-14,CMP_1013,APAC_Brand_LinkedIn,Display,gdn,display,camp_13,4720,36,53.49
2025-04-14,CMP_1014,LATAM_Competitor_Display,Display,gdn,display,camp_14,4337,50,111.9
2025-04-14,CMP_1015,LATAM_Competitor_Display,Paid Social,linkedin,paid_social,camp_15,3744,61,312.53
2025-04-14,CMP_1016,APAC_Competitor_Search,Display,gdn,display,camp_16,5459,56,115.52
2025-04-14,CMP_1017,US_Brand_LinkedIn,Display,gdn,display,camp_17,3990,32,71.49
2025-04-14,CMP_1018,APAC_FeatureX_LinkedIn,Paid Social,linkedin,paid_social,camp_18,4110,87,624.9
2025-04-14,CMP_1019,LATAM_Brand_Display,Paid Social,linkedin,paid_social,camp_19,3655,104,607.18
2025-04-15,CMP_1001,EMEA_FeatureY_Search,Paid Social,linkedin,paid_social,camp_1,3085,86,287.15
2025-04-15,CMP_1002,APAC_Brand_Search,Paid Social,linkedin,paid_social,camp_2,2353,42,262.1
2025-04-15,CMP_1003,APAC_FeatureY_Search,Paid Search,google,paid_search,camp_3,6075,323,1181.31
2025-04-15,CMP_1004,US_FeatureY_Display,Paid Social,linkedin,paid_social,camp_4,3536,97,662.91
2025-04-15,CMP_1005,US_FeatureX_Search,Paid Social,linkedin,paid_social,camp_5,5631,156,792.26
2025-04-15,CMP_1006,EMEA_Competitor_LinkedIn,Paid Search,google,paid_search,camp_6,7463,279,675.87
2025-04-15,CMP_1007,EMEA_FeatureY_Display,Paid Social,linkedin,paid_social,camp_7,3011,72,506.71
2025-04-15,CMP_1008,EMEA_Brand_Search,Display,gdn,display,camp_8,1984,17,39.57
2025-04-15,CMP_1009,US_FeatureX_Search,Paid Social,linkedin,paid_social,camp_9,3278,38,262.12
2025-04-15,CMP_1010,LATAM_Competitor_LinkedIn,Paid Social,linkedin,paid_social,camp_10,2991,53,343.27
2025-04-15,CMP_1011,LATAM_Brand_LinkedIn,Paid Social,linkedin,paid_social,camp_11,2829,65,222.86
2025-04-15,CMP_1012,LATAM_FeatureX_Display,Display,gdn,display,camp_12,4453,36,67.32
2025-04-15,CMP_1013,APAC_Brand_LinkedIn,Display,gdn,display,camp_13,5041,20,43.35
2025-04-15,CMP_1014,LATAM_Competitor_Display,Display,gdn,display,camp_14,6078,33,56.27
2025-04-15,CMP_1015,LATAM_Competitor_Display,Paid Social,linkedin,paid_social,camp_15,3943,117,526.53
2025-04-15,CMP_1016,APAC_Competitor_Search,Display,gdn,display,camp_16,6074,63,121.95
2025-04-15,CMP_1017,US_Brand_LinkedIn,Display,gdn,display,camp_17,5718,42,88.64
2025-04-15,CMP_1018,APAC_FeatureX_LinkedIn,Paid Social,linkedin,paid_social,camp_18,2613,28,172.72
2025-04-15,CMP_1019,LATAM_Brand_Display,Paid Social,linkedin,paid_social,camp_19,4048,113,469.02
2025-04-16,CMP_1001,EMEA_FeatureY_Search,Paid Social,linkedin,paid_social,camp_1,3282,75,384.62
2025-04-16,CMP_1002,APAC_Brand_Search,Paid Social,linkedin,paid_social,camp_2,2219,62,394.53
2025-04-16,CMP_1003,APAC_FeatureY_Search,Paid Search,google,paid_search,camp_3,4623,241,645.24
2025-04-16,CMP_1004,US_FeatureY_Display,Paid Social,linkedin,paid_social,camp_4,3322,55,412.79
2025-04-16,CMP_1005,US_FeatureX_Search,Paid Social,linkedin,paid_social,camp_5,3709,84,306.87
2025-04-16,CMP_1006,EMEA_Competitor_LinkedIn,Paid Search,google,paid_search,camp_6,6087,287,1161.28
2025-04-16,CMP_1007,EMEA_FeatureY_Display,Paid Social,linkedin,paid_social,camp_7,2749,64,412.85
2025-04-16,CMP_1008,EMEA_Brand_Search,Display,gdn,display,camp_8,5064,35,30.38
2025-04-16,CMP_1009,US_FeatureX_Search,Paid Social,linkedin,paid_social,camp_9,3555,85,636.1
2025-04-16,CMP_1010,LATAM_Competitor_LinkedIn,Paid Social,linkedin,paid_social,camp_10,3515,74,589.3
2025-04-16,CMP_1011,LATAM_Brand_LinkedIn,Paid Social,linkedin,paid_social,camp_11,3529,41,236.03
2025-04-16,CMP_1012,LATAM_FeatureX_Display,Display,gdn,display,camp_12,5519,37,62.64
2025-04-16,CMP_1013,APAC_Brand_LinkedIn,Display,gdn,display,camp_13,4436,41,91.25
2025-04-16,CMP_1014,LATAM_Competitor_Display,Display,gdn,display,camp_14,4471,18,41.26
2025-04-16,CMP_1015,LATAM_Competitor_Display,Paid Social,linkedin,paid_social,camp_15,3907,111,599.7
2025-04-16,CMP_1016,APAC_Competitor_Search,Display,gdn,display,camp_16,4683,54,44.48
2025-04-16,CMP_1017,US_Brand_LinkedIn,Display,gdn,display,camp_17,5783,68,60.79
2025-04-16,CMP_1018,APAC_FeatureX_LinkedIn,Paid Social,linkedin,paid_social,camp_18,3584,57,239.65
2025-04-16,CMP_1019,LATAM_Brand_Display,Paid Social,linkedin,paid_social,camp_19,3498,55,180.76
2025-04-17,CMP_1001,EMEA_FeatureY_Search,Paid Social,linkedin,paid_social,camp_1,3396,58,282.81
2025-04-17,CMP_1002,APAC_Brand_Search,Paid Social,linkedin,paid_social,camp_2,3369,70,281.65
2025-04-17,CMP_1003,APAC_FeatureY_Search,Paid Search,google,paid_search,camp_3,5680,252,1145.03
2025-04-17,CMP_1004,US_FeatureY_Display,Paid Social,linkedin,paid_social,camp_4,3429,79,411.26
2025-04-17,CMP_1005,US_FeatureX_Search,Paid Social,linkedin,paid_social,camp_5,3695,53,218.76
2025-04-17,CMP_1006,EMEA_Competitor_LinkedIn,Paid Search,google,paid_search,camp_6,6144,213,1128.56
2025-04-17,CMP_1007,EMEA_FeatureY_Display,Paid Social,linkedin,paid_social,camp_7,2751,39,119.56
2025-04-17,CMP_1008,EMEA_Brand_Search,Display,gdn,display,camp_8,4777,20,30.91
2025-04-17,CMP_1009,US_FeatureX_Search,Paid Social,linkedin,paid_social,camp_9,3899,107,830.62
2025-04-17,CMP_1010,LATAM_Competitor_LinkedIn,Paid Social,linkedin,paid_social,camp_10,3820,110,516.69
2025-04-17,CMP_1011,LATAM_Brand_LinkedIn,Paid Social,linkedin,paid_social,camp_11,3388,47,268.49
2025-04-17,CMP_1012,LATAM_FeatureX_Display,Display,gdn,display,camp_12,4032,35,74.27
2025-04-17,CMP_1013,APAC_Brand_LinkedIn,Display,gdn,display,camp_13,5810,50,78.95
2025-04-17,CMP_1014,LATAM_Competitor_Display,Display,gdn,display,camp_14,6081,53,59.84
2025-04-17,CMP_1015,LATAM_Competitor_Display,Paid Social,linkedin,paid_social,camp_15,3892,109,513.65
2025-04-17,CMP_1016,APAC_Competitor_Search,Display,gdn,display,camp_16,5605,51,101.04
2025-04-17,CMP_1017,US_Brand_LinkedIn,Display,gdn,display,camp_17,4851,33,77.45
2025-04-17,CMP_1018,APAC_FeatureX_LinkedIn,Paid Social,linkedin,paid_social,camp_18,3852,75,257.83
2025-04-17,CMP_1019,LATAM_Brand_Display,Paid Social,linkedin,paid_social,camp_19,3818,48,159.8
2025-04-18,CMP_1001,EMEA_FeatureY_Search,Paid Social,linkedin,paid_social,camp_1,3332,63,375.44
2025-04-18,CMP_1002,APAC_Brand_Search,Paid Social,linkedin,paid_social,camp_2,3872,43,229.38
2025-04-18,CMP_1003,APAC_FeatureY_Search,Paid Search,google,paid_search,camp_3,7244,386,859.98
2025-04-18,CMP_1004,US_FeatureY_Display,Paid Social,linkedin,paid_social,camp_4,2670,70,379.32
2025-04-18,CMP_1005,US_FeatureX_Search,Paid Social,linkedin,paid_social,camp_5,3028,50,199.17
2025-04-18,CMP_1006,EMEA_Competitor_LinkedIn,Paid Search,google,paid_search,camp_6,5884,213,1237.51
2025-04-18,CMP_1007,EMEA_FeatureY_Display,Paid Social,linkedin,paid_social,camp_7,3682,37,173.13
2025-04-18,CMP_1008,EMEA_Brand_Search,Display,gdn,display,camp_8,4675,52,118.42
2025-04-18,CMP_1009,US_FeatureX_Search,Paid Social,linkedin,paid_social,camp_9,4123,61,456.07
2025-04-18,CMP_1010,LATAM_Competitor_LinkedIn,Paid Social,linkedin,paid_social,camp_10,2562,54,254.84
2025-04-18,CMP_1011,LATAM_Brand_LinkedIn,Paid Social,linkedin,paid_social,camp_11,3248,34,227.06
2025-04-18,CMP_1012,LATAM_FeatureX_Display,Display,gdn,display,camp_12,5112,57,123.82
2025-04-18,CMP_1013,APAC_Brand_LinkedIn,Display,gdn,display,camp_13,5553,57,77.41
2025-04-18,CMP_1014,LATAM_Competitor_Display,Display,gdn,display,camp_14,5351,38,40.33
2025-04-18,CMP_1015,LATAM_Competitor_Display,Paid Social,linkedin,paid_social,camp_15,3957,74,396.6
2025-04-18,CMP_1016,APAC_Competitor_Search,Display,gdn,display,camp_16,4609,34,63.07
2025-04-18,CMP_1017,US_Brand_LinkedIn,Display,gdn,display,camp_17,4454,19,46.74
2025-04-18,CMP_1018,APAC_FeatureX_LinkedIn,Paid Social,linkedin,paid_social,camp_18,3624,63,472.42
2025-04-18,CMP_1019,LATAM_Brand_Display,Paid Social,linkedin,paid_social,camp_19,3283,52,228.03
2025-04-19,CMP_1001,EMEA_FeatureY_Search,Paid Social,linkedin,paid_social,camp_1,1505,41,316.0
2025-04-19,CMP_1002,APAC_Brand_Search,Paid Social,linkedin,paid_social,camp_2,2043,52,253.46
2025-04-19,CMP_1003,APAC_FeatureY_Search,Paid Search,google,paid_search,camp_3,2235,106,301.03
2025-04-19,CMP_1004,US_FeatureY_Display,Paid Social,linkedin,paid_social,camp_4,1069,23,129.74
2025-04-19,CMP_1005,US_FeatureX_Search,Paid Social,linkedin,paid_social,camp_5,1665,33,242.97
2025-04-19,CMP_1006,EMEA_Competitor_LinkedIn,Paid Search,google,paid_search,camp_6,3004,101,475.47
2025-04-19,CMP_1007,EMEA_FeatureY_Display,Paid Social,linkedin,paid_social,camp_7,1892,48,147.83
2025-04-19,CMP_1008,EMEA_Brand_Search,Display,gdn,display,camp_8,2673,22,41.76
2025-04-19,CMP_1009,US_FeatureX_Search,Paid Social,linkedin,paid_social,camp_9,1640,36,258.59
2025-04-19,CMP_1010,LATAM_Competitor_LinkedIn,Paid Social,linkedin,paid_social,camp_10,1368,29,217.28
2025-04-19,CMP_1011,LATAM_Brand_LinkedIn,Paid Social,linkedin,paid_social,camp_11,3082,35,195.26
2025-04-19,CMP_1012,LATAM_FeatureX_Display,Display,gdn,display,camp_12,2257,14,20.76
2025-04-19,CMP_1013,APAC_Brand_LinkedIn,Display,gdn,display,camp_13,3403,20,27.43
2025-04-19,CMP_1014,LATAM_Competitor_Display,Display,gdn,display,camp_14,2752,28,69.7
2025-04-19,CMP_1015,LATAM_Competitor_Display,Paid Social,linkedin,paid_social,camp_15,2265,27,159.13
2025-04-19,CMP_1016,APAC_Competitor_Search,Display,gdn,display,camp_16,2345,13,17.56
2025-04-19,CMP_1017,US_Brand_LinkedIn,Display,gdn,display,camp_17,3103,15,12.25
2025-04-19,CMP_1018,APAC_FeatureX_LinkedIn,Paid Social,linkedin,paid_social,camp_18,1694,20,72.58
2025-04-19,CMP_1019,LATAM_Brand_Display,Paid Social,linkedin,paid_social,camp_19,2099,53,312.87
2025-04-20,CMP_1001,EMEA_FeatureY_Search,Paid Social,linkedin,paid_social,camp_1,2679,70,306.9
2025-04-20,CMP_1002,APAC_Brand_Search,Paid Social,linkedin,paid_social,camp_2,1080,25,178.9
2025-04-20,CMP_1003,APAC_FeatureY_Search,Paid Search,google,paid_search,camp_3,2299,110,462.0
2025-04-20,CMP_1004,US_FeatureY_Display,Paid Social,linkedin,paid_social,camp_4,1292,29,108.39
2025-04-20,CMP_1005,US_FeatureX_Search,Paid Social,linkedin,paid_social,camp_5,2353,28,179.48
2025-04-20,CMP_1006,EMEA_Competitor_LinkedIn,Paid Search,google,paid_search,camp_6,1723,53,314.64
2025-04-20,CMP_1007,EMEA_FeatureY_Display,Paid Social,linkedin,paid_social,camp_7,1236,22,110.62
2025-04-20,CMP_1008,EMEA_Brand_Search,Display,gdn,display,camp_8,1896,11,26.37
2025-04-20,CMP_1009,US_FeatureX_Search,Paid Social,linkedin,paid_social,camp_9,2206,48,255.85
2025-04-20,CMP_1010,LATAM_Competitor_LinkedIn,Paid Social,linkedin,paid_social,camp_10,1010,18,126.91
2025-04-20,CMP_1011,LATAM_Brand_LinkedIn,Paid Social,linkedin,paid_social,camp_11,3185,79,273.93
2025-04-20,CMP_1012,LATAM_FeatureX_Display,Display,gdn,display,camp_12,859,4,3.23
2025-04-20,CMP_1013,APAC_Brand_LinkedIn,Display,gdn,display,camp_13,3133,27,49.11
2025-04-20,CMP_1014,LATAM_Competitor_Display,Display,gdn,display,camp_14,2069,22,31.89
2025-04-20,CMP_1015,LATAM_Competitor_Display,Paid Social,linkedin,paid_social,camp_15,2236,42,127.24
2025-04-20,CMP_1016,APAC_Competitor_Search,Display,gdn,display,camp_16,2290,23,53.7
2025-04-20,CMP_1017,US_Brand_LinkedIn,Display,gdn,display,camp_17,3093,30,31.36
2025-04-20,CMP_1018,APAC_FeatureX_LinkedIn,Paid Social,linkedin,paid_social,camp_18,2171,61,411.78
2025-04-20,CMP_1019,LATAM_Brand_Display,Paid Social,linkedin,paid_social,camp_19,1029,16,104.02
2025-04-21,CMP_1001,EMEA_FeatureY_Search,Paid Social,linkedin,paid_social,camp_1,3792,91,286.32
2025-04-21,CMP_1002,APAC_Brand_Search,Paid Social,linkedin,paid_social,camp_2,3143,61,242.24
2025-04-21,CMP_1003,APAC_FeatureY_Search,Paid Search,google,paid_search,camp_3,5398,304,835.1
2025-04-21,CMP_1004,US_FeatureY_Display,Paid Social,linkedin,paid_social,camp_4,3418,39,158.87
2025-04-21,CMP_1005,US_FeatureX_Search,Paid Social,linkedin,paid_social,camp_5,4777,141,665.16
2025-04-21,CMP_1006,EMEA_Competitor_LinkedIn,Paid Search,google,paid_search,camp_6,7307,425,1118.06
2025-04-21,CMP_1007,EMEA_FeatureY_Display,Paid Social,linkedin,paid_social,camp_7,4159,118,796.9
2025-04-21,CMP_1008,EMEA_Brand_Search,Display,gdn,display,camp_8,4938,31,61.75
2025-04-21,CMP_1009,US_FeatureX_Search,Paid Social,linkedin,paid_social,camp_9,4142,90,273.84
2025-04-21,CMP_1010,LATAM_Competitor_LinkedIn,Paid Social,linkedin,paid_social,camp_10,3697,62,275.11
2025-04-21,CMP_1011,LATAM_Brand_LinkedIn,Paid Social,linkedin,paid_social,camp_11,3860,61,252.17
2025-04-21,CMP_1012,LATAM_FeatureX_Display,Display,gdn,display,camp_12,5173,36,71.18
2025-04-21,CMP_1013,APAC_Brand_LinkedIn,Display,gdn,display,camp_13,4430,50,116.51
2025-04-21,CMP_1014,LATAM_Competitor_Display,Display,gdn,display,camp_14,4575,33,27.03
2025-04-21,CMP_1015,LATAM_Competitor_Display,Paid Social,linkedin,paid_social,camp_15,4090,87,284.0
2025-04-21,CMP_1016,APAC_Competitor_Search,Display,gdn,display,camp_16,4380,41,33.68
2025-04-21,CMP_1017,US_Brand_LinkedIn,Display,gdn,display,camp_17,5332,57,92.33
2025-04-21,CMP_1018,APAC_FeatureX_LinkedIn,Paid Social,linkedin,paid_social,camp_18,2837,60,470.1
2025-04-21,CMP_1019,LATAM_Brand_Display,Paid Social,linkedin,paid_social,camp_19,3653,38,262.79
2025-04-22,CMP_1001,EMEA_FeatureY_Search,Paid Social,linkedin,paid_social,camp_1,3985,40,231.31
2025-04-22,CMP_1002,APAC_Brand_Search,Paid Social,linkedin,paid_social,camp_2,2650,57,323.82
2025-04-22,CMP_1003,APAC_FeatureY_Search,Paid Search,google,paid_search,camp_3,7085,192,696.09
2025-04-22,CMP_1004,US_FeatureY_Display,Paid Social,linkedin,paid_social,camp_4,3836,90,618.5
2025-04-22,CMP_1005,US_FeatureX_Search,Paid Social,linkedin,paid_social,camp_5,3391,43,170.76
2025-04-22,CMP_1006,EMEA_Competitor_LinkedIn,Paid Search,google,paid_search,camp_6,4090,141,383.23
2025-04-22,CMP_1007,EMEA_FeatureY_Display,Paid Social,linkedin,paid_social,camp_7,2922,86,418.48
2025-04-22,CMP_1008,EMEA_Brand_Search,Display,gdn,display,camp_8,4276,37,32.81
2025-04-22,CMP_1009,US_FeatureX_Search,Paid Social,linkedin,paid_social,camp_9,4391,106,524.99
2025-04-22,CMP_1010,LATAM_Competitor_LinkedIn,Paid Social,linkedin,paid_social,camp_10,3983,39,144.82
2025-04-22,CMP_1011,LATAM_Brand_LinkedIn,Paid Social,linkedin,paid_social,camp_11,3330,61,196.05
2025-04-22,CMP_1012,LATAM_FeatureX_Display,Display,gdn,display,camp_12,5295,27,55.18
2025-04-22,CMP_1013,APAC_Brand_LinkedIn,Display,gdn,display,camp_13,5045,36,69.35
2025-04-22,CMP_1014,LATAM_Competitor_Display,Display,gdn,display,camp_14,5516,30,60.61
2025-04-22,CMP_1015,LATAM_Competitor_Display,Paid Social,linkedin,paid_social,camp_15,3212,81,314.19
2025-04-22,CMP_1016,APAC_Competitor_Search,Display,gdn,display,camp_16,4434,24,44.2
2025-04-22,CMP_1017,US_Brand_LinkedIn,Display,gdn,display,camp_17,4074,38,69.26
2025-04-22,CMP_1018,APAC_FeatureX_LinkedIn,Paid Social,linkedin,paid_social,camp_18,3121,81,557.68
2025-04-22,CMP_1019,LATAM_Brand_Display,Paid Social,linkedin,paid_social,camp_19,4410,111,571.32
2025-04-23,CMP_1001,EMEA_FeatureY_Search,Paid Social,linkedin,paid_social,camp_1,2861,34,162.7
2025-04-23,CMP_1002,APAC_Brand_Search,Paid Social,linkedin,paid_social,camp_2,2652,47,176.07
2025-04-23,CMP_1003,APAC_FeatureY_Search,Paid Search,google,paid_search,camp_3,5881,253,780.12
2025-04-23,CMP_1004,US_FeatureY_Display,Paid Social,linkedin,paid_social,camp_4,3802,96,460.15
2025-04-23,CMP_1005,US_FeatureX_Search,Paid Social,linkedin,paid_social,camp_5,3304,57,253.53
2025-04-23,CMP_1006,EMEA_Competitor_LinkedIn,Paid Search,google,paid_search,camp_6,6180,287,1338.58
2025-04-23,CMP_1007,EMEA_FeatureY_Display,Paid Social,linkedin,paid_social,camp_7,5285,109,636.41
2025-04-23,CMP_1008,EMEA_Brand_Search,Display,gdn,display,camp_8,4508,34,76.3
2025-04-23,CMP_1009,US_FeatureX_Search,Paid Social,linkedin,paid_social,camp_9,3974,107,653.87
2025-04-23,CMP_1010,LATAM_Competitor_LinkedIn,Paid Social,linkedin,paid_social,camp_10,3891,98,522.6
2025-04-23,CMP_1011,LATAM_Brand_LinkedIn,Paid Social,linkedin,paid_social,camp_11,3857,71,292.52
2025-04-23,CMP_1012,LATAM_FeatureX_Display,Display,gdn,display,camp_12,4921,48,49.27
2025-04-23,CMP_1013,APAC_Brand_LinkedIn,Display,gdn,display,camp_13,5105,56,62.68
2025-04-23,CMP_1014,LATAM_Competitor_Display,Display,gdn,display,camp_14,3670,36,49.77
2025-04-23,CMP_1015,LATAM_Competitor_Display,Paid Social,linkedin,paid_social,camp_15,3859,105,777.5
2025-04-23,CMP_1016,APAC_Competitor_Search,Display,gdn,display,camp_16,5969,58,87.54
2025-04-23,CMP_1017,US_Brand_LinkedIn,Display,gdn,display,camp_17,4860,34,66.43
2025-04-23,CMP_1018,APAC_FeatureX_LinkedIn,Paid Social,linkedin,paid_social,camp_18,4171,44,292.77
2025-04-23,CMP_1019,LATAM_Brand_Display,Paid Social,linkedin,paid_social,camp_19,4611,92,479.62
2025-04-24,CMP_1001,EMEA_FeatureY_Search,Paid Social,linkedin,paid_social,camp_1,3907,102,684.81
2025-04-24,CMP_1002,APAC_Brand_Search,Paid Social,linkedin,paid_social,camp_2,4009,65,225.46
2025-04-24,CMP_1003,APAC_FeatureY_Search,Paid Search,google,paid_search,camp_3,5778,216,830.25
2025-04-24,CMP_1004,US_FeatureY_Display,Paid Social,linkedin,paid_social,camp_4,3133,68,291.83
2025-04-24,CMP_1005,US_FeatureX_Search,Paid Social,linkedin,paid_social,camp_5,3787,53,345.89
2025-04-24,CMP_1006,EMEA_Competitor_LinkedIn,Paid Search,google,paid_search,camp_6,5173,108,424.57
2025-04-24,CMP_1007,EMEA_FeatureY_Display,Paid Social,linkedin,paid_social,camp_7,4598,99,754.48
2025-04-24,CMP_1008,EMEA_Brand_Search,Display,gdn,display,camp_8,4785,24,26.85
2025-04-24,CMP_1009,US_FeatureX_Search,Paid Social,linkedin,paid_social,camp_9,3063,38,171.8
2025-04-24,CMP_1010,LATAM_Competitor_LinkedIn,Paid Social,linkedin,paid_social,camp_10,3668,102,708.56
2025-04-24,CMP_1011,LATAM_Brand_LinkedIn,Paid Social,linkedin,paid_social,camp_11,3763,73,296.54
2025-04-24,CMP_1012,LATAM_FeatureX_Display,Display,gdn,display,camp_12,4468,53,84.65
2025-04-24,CMP_1013,APAC_Brand_LinkedIn,Display,gdn,display,camp_13,5706,67,115.36
2025-04-24,CMP_1014,LATAM_Competitor_Display,Display,gdn,display,camp_14,5023,28,36.02
2025-04-24,CMP_1015,LATAM_Competitor_Display,Paid Social,linkedin,paid_social,camp_15,4151,101,640.5
2025-04-24,CMP_1016,APAC_Competitor_Search,Display,gdn,display,camp_16,2948,19,17.9
2025-04-24,CMP_1017,US_Brand_LinkedIn,Display,gdn,display,camp_17,5339,52,127.3
2025-04-24,CMP_1018,APAC_FeatureX_LinkedIn,Paid Social,linkedin,paid_social,camp_18,3288,76,513.26
2025-04-24,CMP_1019,LATAM_Brand_Display,Paid Social,linkedin,paid_social,camp_19,2850,71,512.21
2025-04-25,CMP_1001,EMEA_FeatureY_Search,Paid Social,linkedin,paid_social,camp_1,3511,42,312.97
2025-04-25,CMP_1002,APAC_Brand_Search,Paid Social,linkedin,paid_social,camp_2,4086,107,820.13
2025-04-25,CMP_1003,APAC_FeatureY_Search,Paid Search,google,paid_search,camp_3,6005,227,921.01
2025-04-25,CMP_1004,US_FeatureY_Display,Paid Social,linkedin,paid_social,camp_4,3837,38,249.44
2025-04-25,CMP_1005,US_FeatureX_Search,Paid Social,linkedin,paid_social,camp_5,4213,75,535.16
2025-04-25,CMP_1006,EMEA_Competitor_LinkedIn,Paid Search,google,paid_search,camp_6,5551,200,549.47
2025-04-25,CMP_1007,EMEA_FeatureY_Display,Paid Social,linkedin,paid_social,camp_7,4333,88,323.15
2025-04-25,CMP_1008,EMEA_Brand_Search,Display,gdn,display,camp_8,5485,47,49.69
2025-04-25,CMP_1009,US_FeatureX_Search,Paid Social,linkedin,paid_social,camp_9,3146,43,262.04
2025-04-25,CMP_1010,LATAM_Competitor_LinkedIn,Paid Social,linkedin,paid_social,camp_10,2247,31,192.69
2025-04-25,CMP_1011,LATAM_Brand_LinkedIn,Paid Social,linkedin,paid_social,camp_11,3147,37,127.89
2025-04-25,CMP_1012,LATAM_FeatureX_Display,Display,gdn,display,camp_12,4609,46,84.99
2025-04-25,CMP_1013,APAC_Brand_LinkedIn,Display,gdn,display,camp_13,5288,50,78.04
2025-04-25,CMP_1014,LATAM_Competitor_Display,Display,gdn,display,camp_14,5276,46,43.94
2025-04-25,CMP_1015,LATAM_Competitor_Display,Paid Social,linkedin,paid_social,camp_15,4517,89,614.41
2025-04-25,CMP_1016,APAC_Competitor_Search,Display,gdn,display,camp_16,3471,14,25.4
2025-04-25,CMP_1017,US_Brand_LinkedIn,Display,gdn,display,camp_17,4604,22,47.85
2025-04-25,CMP_1018,APAC_FeatureX_LinkedIn,Paid Social,linkedin,paid_social,camp_18,2714,42,202.38
2025-04-25,CMP_1019,LATAM_Brand_Display,Paid Social,linkedin,paid_social,camp_19,2958,44,267.67
2025-04-26,CMP_1001,EMEA_FeatureY_Search,Paid Social,linkedin,paid_social,camp_1,1656,37,210.77
2025-04-26,CMP_1002,APAC_Brand_Search,Paid Social,linkedin,paid_social,camp_2,311,8,39.11
2025-04-26,CMP_1003,APAC_FeatureY_Search,Paid Search,google,paid_search,camp_3,2801,100,202.04
2025-04-26,CMP_1004,US_FeatureY_Display,Paid Social,linkedin,paid_social,camp_4,964,13,88.62
2025-04-26,CMP_1005,US_FeatureX_Search,Paid Social,linkedin,paid_social,camp_5,1461,16,107.56
2025-04-26,CMP_1006,EMEA_Competitor_LinkedIn,Paid Search,google,paid_search,camp_6,1272,73,379.64
2025-04-26,CMP_1007,EMEA_FeatureY_Display,Paid Social,linkedin,paid_social,camp_7,845,25,141.75
2025-04-26,CMP_1008,EMEA_Brand_Search,Display,gdn,display,camp_8,1021,6,6.41
2025-04-26,CMP_1009,US_FeatureX_Search,Paid Social,linkedin,paid_social,camp_9,2708,69,401.04
2025-04-26,CMP_1010,LATAM_Competitor_LinkedIn,Paid Social,linkedin,paid_social,camp_10,2760,77,336.32
2025-04-26,CMP_1011,LATAM_Brand_LinkedIn,Paid Social,linkedin,paid_social,camp_11,1580,32,113.98
2025-04-26,CMP_1012,LATAM_FeatureX_Display,Display,gdn,display,camp_12,2443,28,34.99
2025-04-26,CMP_1013,APAC_Brand_LinkedIn,Display,gdn,display,camp_13,2889,32,78.41
2025-04-26,CMP_1014,LATAM_Competitor_Display,Display,gdn,display,camp_14,1975,17,39.63
2025-04-26,CMP_1015,LATAM_Competitor_Display,Paid Social,linkedin,paid_social,camp_15,2285,44,257.43
2025-04-26,CMP_1016,APAC_Competitor_Search,Display,gdn,display,camp_16,2752,27,58.33
2025-04-26,CMP_1017,US_Brand_LinkedIn,Display,gdn,display,camp_17,2746,21,23.32
2025-04-26,CMP_1018,APAC_FeatureX_LinkedIn,Paid Social,linkedin,paid_social,camp_18,1587,34,111.76
2025-04-26,CMP_1019,LATAM_Brand_Display,Paid Social,linkedin,paid_social,camp_19,2220,53,391.94
2025-04-27,CMP_1001,EMEA_FeatureY_Search,Paid Social,linkedin,paid_social,camp_1,2064,53,307.15
2025-04-27,CMP_1002,APAC_Brand_Search,Paid Social,linkedin,paid_social,camp_2,2370,64,307.46
2025-04-27,CMP_1003,APAC_FeatureY_Search,Paid Search,google,paid_search,camp_3,2549,100,428.43
2025-04-27,CMP_1004,US_FeatureY_Display,Paid Social,linkedin,paid_social,camp_4,2622,26,121.79
2025-04-27,CMP_1005,US_FeatureX_Search,Paid Social,linkedin,paid_social,camp_5,1561,28,100.88
2025-04-27,CMP_1006,EMEA_Competitor_LinkedIn,Paid Search,google,paid_search,camp_6,4345,172,1031.26
2025-04-27,CMP_1007,EMEA_FeatureY_Display,Paid Social,linkedin,paid_social,camp_7,2808,76,407.85
2025-04-27,CMP_1008,EMEA_Brand_Search,Display,gdn,display,camp_8,4588,42,75.15
2025-04-27,CMP_1009,US_FeatureX_Search,Paid Social,linkedin,paid_social,camp_9,549,14,64.49
2025-04-27,CMP_1010,LATAM_Competitor_LinkedIn,Paid Social,linkedin,paid_social,camp_10,2712,75,390.35
2025-04-27,CMP_1011,LATAM_Brand_LinkedIn,Paid Social,linkedin,paid_social,camp_11,2168,64,455.68
2025-04-27,CMP_1012,LATAM_FeatureX_Display,Display,gdn,display,camp_12,1690,15,14.13
2025-04-27,CMP_1013,APAC_Brand_LinkedIn,Display,gdn,display,camp_13,2118,23,53.48
2025-04-27,CMP_1014,LATAM_Competitor_Display,Display,gdn,display,camp_14,3818,34,53.71
2025-04-27,CMP_1015,LATAM_Competitor_Display,Paid Social,linkedin,paid_social,camp_15,2396,47,148.14
2025-04-27,CMP_1016,APAC_Competitor_Search,Display,gdn,display,camp_16,3617,36,61.76
2025-04-27,CMP_1017,US_Brand_LinkedIn,Display,gdn,display,camp_17,4710,56,61.15
2025-04-27,CMP_1018,APAC_FeatureX_LinkedIn,Paid Social,linkedin,paid_social,camp_18,2032,24,152.06
2025-04-27,CMP_1019,LATAM_Brand_Display,Paid Social,linkedin,paid_social,camp_19,2019,58,359.7
2025-04-28,CMP_1001,EMEA_FeatureY_Search,Paid Social,linkedin,paid_social,camp_1,4330,85,637.37
2025-04-28,CMP_1002,APAC_Brand_Search,Paid Social,linkedin,paid_social,camp_2,4233,83,581.45
2025-04-28,CMP_1003,APAC_FeatureY_Search,Paid Search,google,paid_search,camp_3,5937,326,1360.72
2025-04-28,CMP_1004,US_FeatureY_Display,Paid Social,linkedin,paid_social,camp_4,3547,95,289.89
2025-04-28,CMP_1005,US_FeatureX_Search,Paid Social,linkedin,paid_social,camp_5,3227,86,567.49
2025-04-28,CMP_1006,EMEA_Competitor_LinkedIn,Paid Search,google,paid_search,camp_6,6463,141,507.71
2025-04-28,CMP_1007,EMEA_FeatureY_Display,Paid Social,linkedin,paid_social,camp_7,3715,75,325.88
2025-04-28,CMP_1008,EMEA_Brand_Search,Display,gdn,display,camp_8,4300,44,55.46
2025-04-28,CMP_1009,US_FeatureX_Search,Paid Social,linkedin,paid_social,camp_9,3283,58,268.26
2025-04-28,CMP_1010,LATAM_Competitor_LinkedIn,Paid Social,linkedin,paid_social,camp_10,3808,63,326.7
2025-04-28,CMP_1011,LATAM_Brand_LinkedIn,Paid Social,linkedin,paid_social,camp_11,3378,35,175.68
2025-04-28,CMP_1012,LATAM_FeatureX_Display,Display,gdn,display,camp_12,5249,40,77.04
2025-04-28,CMP_1013,APAC_Brand_LinkedIn,Display,gdn,display,camp_13,3772,32,30.7
2025-04-28,CMP_1014,LATAM_Competitor_Display,Display,gdn,display,camp_14,4868,38,82.97
2025-04-28,CMP_1015,LATAM_Competitor_Display,Paid Social,linkedin,paid_social,camp_15,3873,114,713.78
2025-04-28,CMP_1016,APAC_Competitor_Search,Display,gdn,display,camp_16,4829,47,109.95
2025-04-28,CMP_1017,US_Brand_LinkedIn,Display,gdn,display,camp_17,5086,38,45.04
2025-04-28,CMP_1018,APAC_FeatureX_LinkedIn,Paid Social,linkedin,paid_social,camp_18,3703,95,338.24
2025-04-28,CMP_1019,LATAM_Brand_Display,Paid Social,linkedin,paid_social,camp_19,3794,75,255.37
2025-04-29,CMP_1001,EMEA_FeatureY_Search,Paid Social,linkedin,paid_social,camp_1,4730,112,565.76
2025-04-29,CMP_1002,APAC_Brand_Search,Paid Social,linkedin,paid_social,camp_2,3406,79,489.9
2025-04-29,CMP_1003,APAC_FeatureY_Search,Paid Search,google,paid_search,camp_3,5710,254,1094.28
2025-04-29,CMP_1004,US_FeatureY_Display,Paid Social,linkedin,paid_social,camp_4,4430,59,367.75
2025-04-29,CMP_1005,US_FeatureX_Search,Paid Social,linkedin,paid_social,camp_5,3649,62,424.96
2025-04-29,CMP_1006,EMEA_Competitor_LinkedIn,Paid Search,google,paid_search,camp_6,4975,166,665.58
2025-04-29,CMP_1007,EMEA_FeatureY_Display,Paid Social,linkedin,paid_social,camp_7,3113,61,371.68
2025-04-29,CMP_1008,EMEA_Brand_Search,Display,gdn,display,camp_8,5125,27,66.47
2025-04-29,CMP_1009,US_FeatureX_Search,Paid Social,linkedin,paid_social,camp_9,2805,80,384.95
2025-04-29,CMP_1010,LATAM_Competitor_LinkedIn,Paid Social,linkedin,paid_social,camp_10,2649,42,187.9
2025-04-29,CMP_1011,LATAM_Brand_LinkedIn,Paid Social,linkedin,paid_social,camp_11,3737,91,437.18
2025-04-29,CMP_1012,LATAM_FeatureX_Display,Display,gdn,display,camp_12,5947,61,76.5
2025-04-29,CMP_1013,APAC_Brand_LinkedIn,Display,gdn,display,camp_13,5407,33,49.51
2025-04-29,CMP_1014,LATAM_Competitor_Display,Display,gdn,display,camp_14,3434,24,54.65
2025-04-29,CMP_1015,LATAM_Competitor_Display,Paid Social,linkedin,paid_social,camp_15,4355,103,649.19
2025-04-29,CMP_1016,APAC_Competitor_Search,Display,gdn,display,camp_16,4557,38,51.27
2025-04-29,CMP_1017,US_Brand_LinkedIn,Display,gdn,display,camp_17,4052,25,27.95
2025-04-29,CMP_1018,APAC_FeatureX_LinkedIn,Paid Social,linkedin,paid_social,camp_18,4172,103,675.91
2025-04-29,CMP_1019,LATAM_Brand_Display,Paid Social,linkedin,paid_social,camp_19,3486,46,340.25
2025-04-30,CMP_1001,EMEA_FeatureY_Search,Paid Social,linkedin,paid_social,camp_1,4006,41,143.42
2025-04-30,CMP_1002,APAC_Brand_Search,Paid Social,linkedin,paid_social,camp_2,2424,48,346.51
2025-04-30,CMP_1003,APAC_FeatureY_Search,Paid Search,google,paid_search,camp_3,6738,301,1785.19
2025-04-30,CMP_1004,US_FeatureY_Display,Paid Social,linkedin,paid_social,camp_4,1751,22,151.86
2025-04-30,CMP_1005,US_FeatureX_Search,Paid Social,linkedin,paid_social,camp_5,4473,100,360.0
2025-04-30,CMP_1006,EMEA_Competitor_LinkedIn,Paid Search,google,paid_search,camp_6,6082,285,846.82
2025-04-30,CMP_1007,EMEA_FeatureY_Display,Paid Social,linkedin,paid_social,camp_7,3876,52,170.65
2025-04-30,CMP_1008,EMEA_Brand_Search,Display,gdn,display,camp_8,4479,24,56.87
2025-04-30,CMP_1009,US_FeatureX_Search,Paid Social,linkedin,paid_social,camp_9,4590,83,463.4
2025-04-30,CMP_1010,LATAM_Competitor_LinkedIn,Paid Social,linkedin,paid_social,camp_10,4100,70,319.15
2025-04-30,CMP_1011,LATAM_Brand_LinkedIn,Paid Social,linkedin,paid_social,camp_11,2863,67,354.22
2025-04-30,CMP_1012,LATAM_FeatureX_Display,Display,gdn,display,camp_12,4983,25,43.15
2025-04-30,CMP_1013,APAC_Brand_LinkedIn,Display,gdn,display,camp_13,5342,23,23.17
2025-04-30,CMP_1014,LATAM_Competitor_Display,Display,gdn,display,camp_14,6267,38,78.25
2025-04-30,CMP_1015,LATAM_Competitor_Display,Paid Social,linkedin,paid_social,camp_15,3510,64,255.25
2025-04-30,CMP_1016,APAC_Competitor_Search,Display,gdn,display,camp_16,5020,33,30.11
2025-04-30,CMP_1017,US_Brand_LinkedIn,Display,gdn,display,camp_17,6498,49,98.55
2025-04-30,CMP_1018,APAC_FeatureX_LinkedIn,Paid Social,linkedin,paid_social,camp_18,4266,126,420.98
2025-04-30,CMP_1019,LATAM_Brand_Display,Paid Social,linkedin,paid_social,camp_19,2701,72,300.5
2025-05-01,CMP_1001,EMEA_FeatureY_Search,Paid Social,linkedin,paid_social,camp_1,3305,47,196.35
2025-05-01,CMP_1002,APAC_Brand_Search,Paid Social,linkedin,paid_social,camp_2,3599,53,217.05
2025-05-01,CMP_1003,APAC_FeatureY_Search,Paid Search,google,paid_search,camp_3,7731,183,1039.86
2025-05-01,CMP_1004,US_FeatureY_Display,Paid Social,linkedin,paid_social,camp_4,3716,56,234.78
2025-05-01,CMP_1005,US_FeatureX_Search,Paid Social,linkedin,paid_social,camp_5,2268,49,244.58
2025-05-01,CMP_1006,EMEA_Competitor_LinkedIn,Paid Search,google,paid_search,camp_6,6014,278,815.3
2025-05-01,CMP_1007,EMEA_FeatureY_Display,Paid Social,linkedin,paid_social,camp_7,3672,50,392.2
2025-05-01,CMP_1008,EMEA_Brand_Search,Display,gdn,display,camp_8,5202,37,30.3
2025-05-01,CMP_1009,US_FeatureX_Search,Paid Social,linkedin,paid_social,camp_9,2830,59,350.05
2025-05-01,CMP_1010,LATAM_Competitor_LinkedIn,Paid Social,linkedin,paid_social,camp_10,3705,104,771.99
2025-05-01,CMP_1011,LATAM_Brand_LinkedIn,Paid Social,linkedin,paid_social,camp_11,2984,43,143.86
2025-05-01,CMP_1012,LATAM_FeatureX_Display,Display,gdn,display,camp_12,5740,59,74.16
2025-05-01,CMP_1013,APAC_Brand_LinkedIn,Display,gdn,display,camp_13,4371,49,122.17
2025-05-01,CMP_1014,LATAM_Competitor_Display,Display,gdn,display,camp_14,3232,34,31.3
2025-05-01,CMP_1015,LATAM_Competitor_Display,Paid Social,linkedin,paid_social,camp_15,3505,101,403.5
2025-05-01,CMP_1016,APAC_Competitor_Search,Display,gdn,display,camp_16,5024,41,60.4
2025-05-01,CMP_1017,US_Brand_LinkedIn,Display,gdn,display,camp_17,4572,38,94.92
2025-05-01,CMP_1018,APAC_FeatureX_LinkedIn,Paid Social,linkedin,paid_social,camp_18,3534,71,373.22
2025-05-01,CMP_1019,LATAM_Brand_Display,Paid Social,linkedin,paid_social,camp_19,3286,49,391.12
2025-05-02,CMP_1001,EMEA_FeatureY_Search,Paid Social,linkedin,paid_social,camp_1,3795,68,362.56
2025-05-02,CMP_1002,APAC_Brand_Search,Paid Social,linkedin,paid_social,camp_2,2197,45,149.38
2025-05-02,CMP_1003,APAC_FeatureY_Search,Paid Search,google,paid_search,camp_3,4434,170,969.19
2025-05-02,CMP_1004,US_FeatureY_Display,Paid Social,linkedin,paid_social,camp_4,3754,67,447.88
2025-05-02,CMP_1005,US_FeatureX_Search,Paid Social,linkedin,paid_social,camp_5,5031,138,1051.07
2025-05-02,CMP_1006,EMEA_Competitor_LinkedIn,Paid Search,google,paid_search,camp_6,6122,260,607.11
2025-05-02,CMP_1007,EMEA_FeatureY_Display,Paid Social,linkedin,paid_social,camp_7,2912,41,326.92
2025-05-02,CMP_1008,EMEA_Brand_Search,Display,gdn,display,camp_8,6621,55,113.55
2025-05-02,CMP_1009,US_FeatureX_Search,Paid Social,linkedin,paid_social,camp_9,4273,118,478.88
2025-05-02,CMP_1010,LATAM_Competitor_LinkedIn,Paid Social,linkedin,paid_social,camp_10,3817,83,485.98
2025-05-02,CMP_1011,LATAM_Brand_LinkedIn,Paid Social,linkedin,paid_social,camp_11,3051,78,592.15
2025-05-02,CMP_1012,LATAM_FeatureX_Display,Display,gdn,display,camp_12,5615,53,54.09
2025-05-02,CMP_1013,APAC_Brand_LinkedIn,Display,gdn,display,camp_13,5579,63,105.85
2025-05-02,CMP_1014,LATAM_Competitor_Display,Display,gdn,display,camp_14,4583,53,96.5
2025-05-02,CMP_1015,LATAM_Competitor_Display,Paid Social,linkedin,paid_social,camp_15,4047,55,174.14
2025-05-02,CMP_1016,APAC_Competitor_Search,Display,gdn,display,camp_16,5723,35,66.23
2025-05-02,CMP_1017,US_Brand_LinkedIn,Display,gdn,display,camp_17,5566,26,63.64
2025-05-02,CMP_1018,APAC_FeatureX_LinkedIn,Paid Social,linkedin,paid_social,camp_18,4589,94,451.4
2025-05-02,CMP_1019,LATAM_Brand_Display,Paid Social,linkedin,paid_social,camp_19,2821,83,256.66
2025-05-03,CMP_1001,EMEA_FeatureY_Search,Paid Social,linkedin,paid_social,camp_1,1735,25,161.1
2025-05-03,CMP_1002,APAC_Brand_Search,Paid Social,linkedin,paid_social,camp_2,1198,32,171.44
2025-05-03,CMP_1003,APAC_FeatureY_Search,Paid Search,google,paid_search,camp_3,1470,83,258.32
2025-05-03,CMP_1004,US_FeatureY_Display,Paid Social,linkedin,paid_social,camp_4,2027,21,137.95
2025-05-03,CMP_1005,US_FeatureX_Search,Paid Social,linkedin,paid_social,camp_5,2617,57,266.8
2025-05-03,CMP_1006,EMEA_Competitor_LinkedIn,Paid Search,google,paid_search,camp_6,5100,184,813.94
2025-05-03,CMP_1007,EMEA_FeatureY_Display,Paid Social,linkedin,paid_social,camp_7,2200,46,252.66
2025-05-03,CMP_1008,EMEA_Brand_Search,Display,gdn,display,camp_8,2592,26,43.63
2025-05-03,CMP_1009,US_FeatureX_Search,Paid Social,linkedin,paid_social,camp_9,2190,52,182.33
2025-05-03,CMP_1010,LATAM_Competitor_LinkedIn,Paid Social,linkedin,paid_social,camp_10,1051,11,80.49
2025-05-03,CMP_1011,LATAM_Brand_LinkedIn,Paid Social,linkedin,paid_social,camp_11,2968,34,265.09
2025-05-03,CMP_1012,LATAM_FeatureX_Display,Display,gdn,display,camp_12,2007,17,39.12
2025-05-03,CMP_1013,APAC_Brand_LinkedIn,Display,gdn,display,camp_13,1968,21,21.47
2025-05-03,CMP_1014,LATAM_Competitor_Display,Display,gdn,display,camp_14,2037,20,32.46
2025-05-03,CMP_1015,LATAM_Competitor_Display,Paid Social,linkedin,paid_social,camp_15,1179,15,56.39
2025-05-03,CMP_1016,APAC_Competitor_Search,Display,gdn,display,camp_16,1585,6,10.72
2025-05-03,CMP_1017,US_Brand_LinkedIn,Display,gdn,display,camp_17,2745,11,24.12
2025-05-03,CMP_1018,APAC_FeatureX_LinkedIn,Paid Social,linkedin,paid_social,camp_18,1773,24,82.33
2025-05-03,CMP_1019,LATAM_Brand_Display,Paid Social,linkedin,paid_social,camp_19,2088,32,114.34
2025-05-04,CMP_1001,EMEA_FeatureY_Search,Paid Social,linkedin,paid_social,camp_1,1634,47,322.99
2025-05-04,CMP_1002,APAC_Brand_Search,Paid Social,linkedin,paid_social,camp_2,2664,64,437.56
2025-05-04,CMP_1003,APAC_FeatureY_Search,Paid Search,google,paid_search,camp_3,3414,197,1081.72
2025-05-04,CMP_1004,US_FeatureY_Display,Paid Social,linkedin,paid_social,camp_4,2203,63,430.79
2025-05-04,CMP_1005,US_FeatureX_Search,Paid Social,linkedin,paid_social,camp_5,2015,35,242.67
2025-05-04,CMP_1006,EMEA_Competitor_LinkedIn,Paid Search,google,paid_search,camp_6,4097,190,997.23
2025-05-04,CMP_1007,EMEA_FeatureY_Display,Paid Social,linkedin,paid_social,camp_7,1730,17,89.69
2025-05-04,CMP_1008,EMEA_Brand_Search,Display,gdn,display,camp_8,2417,22,48.12
2025-05-04,CMP_1009,US_FeatureX_Search,Paid Social,linkedin,paid_social,camp_9,1656,42,153.87
2025-05-04,CMP_1010,LATAM_Competitor_LinkedIn,Paid Social,linkedin,paid_social,camp_10,384,5,39.79
2025-05-04,CMP_1011,LATAM_Brand_LinkedIn,Paid Social,linkedin,paid_social,camp_11,1113,15,64.39
2025-05-04,CMP_1012,LATAM_FeatureX_Display,Display,gdn,display,camp_12,2661,14,13.7
2025-05-04,CMP_1013,APAC_Brand_LinkedIn,Display,gdn,display,camp_13,1939,21,25.04
2025-05-04,CMP_1014,LATAM_Competitor_Display,Display,gdn,display,camp_14,3834,20,45.77
2025-05-04,CMP_1015,LATAM_Competitor_Display,Paid Social,linkedin,paid_social,camp_15,2787,45,191.96
2025-05-04,CMP_1016,APAC_Competitor_Search,Display,gdn,display,camp_16,1904,15,26.07
2025-05-04,CMP_1017,US_Brand_LinkedIn,Display,gdn,display,camp_17,2679,22,22.21
2025-05-04,CMP_1018,APAC_FeatureX_LinkedIn,Paid Social,linkedin,paid_social,camp_18,759,17,99.2
2025-05-04,CMP_1019,LATAM_Brand_Display,Paid Social,linkedin,paid_social,camp_19,2225,66,344.65
2025-05-05,CMP_1001,EMEA_FeatureY_Search,Paid Social,linkedin,paid_social,camp_1,4168,111,387.97
2025-05-05,CMP_1002,APAC_Brand_Search,Paid Social,linkedin,paid_social,camp_2,3856,41,250.74
2025-05-05,CMP_1003,APAC_FeatureY_Search,Paid Search,google,paid_search,camp_3,5820,173,567.43
2025-05-05,CMP_1004,US_FeatureY_Display,Paid Social,linkedin,paid_social,camp_4,2095,26,191.87
2025-05-05,CMP_1005,US_FeatureX_Search,Paid Social,linkedin,paid_social,camp_5,4228,65,404.49
2025-05-05,CMP_1006,EMEA_Competitor_LinkedIn,Paid Search,google,paid_search,camp_6,8083,387,969.61
2025-05-05,CMP_1007,EMEA_FeatureY_Display,Paid Social,linkedin,paid_social,camp_7,3596,106,673.44
2025-05-05,CMP_1008,EMEA_Brand_Search,Display,gdn,display,camp_8,4921,30,49.69
2025-05-05,CMP_1009,US_FeatureX_Search,Paid Social,linkedin,paid_social,camp_9,4303,44,331.21
2025-05-05,CMP_1010,LATAM_Competitor_LinkedIn,Paid Social,linkedin,paid_social,camp_10,3228,45,336.24
2025-05-05,CMP_1011,LATAM_Brand_LinkedIn,Paid Social,linkedin,paid_social,camp_11,4285,86,272.33
2025-05-05,CMP_1012,LATAM_FeatureX_Display,Display,gdn,display,camp_12,4851,47,51.69
2025-05-05,CMP_1013,APAC_Brand_LinkedIn,Display,gdn,display,camp_13,4116,47,40.16
2025-05-05,CMP_1014,LATAM_Competitor_Display,Display,gdn,display,camp_14,5182,39,38.26
2025-05-05,CMP_1015,LATAM_Competitor_Display,Paid Social,linkedin,paid_social,camp_15,3460,62,365.75
2025-05-05,CMP_1016,APAC_Competitor_Search,Display,gdn,display,camp_16,5627,59,126.99
2025-05-05,CMP_1017,US_Brand_LinkedIn,Display,gdn,display,camp_17,5906,26,45.41
2025-05-05,CMP_1018,APAC_FeatureX_LinkedIn,Paid Social,linkedin,paid_social,camp_18,3964,104,371.69
2025-05-05,CMP_1019,LATAM_Brand_Display,Paid Social,linkedin,paid_social,camp_19,2826,47,339.49
2025-05-06,CMP_1001,EMEA_FeatureY_Search,Paid Social,linkedin,paid_social,camp_1,3730,41,277.6
2025-05-06,CMP_1002,APAC_Brand_Search,Paid Social,linkedin,paid_social,camp_2,3082,63,482.16
2025-05-06,CMP_1003,APAC_FeatureY_Search,Paid Search,google,paid_search,camp_3,6231,362,1319.08
2025-05-06,CMP_1004,US_FeatureY_Display,Paid Social,linkedin,paid_social,camp_4,2880,86,518.44
2025-05-06,CMP_1005,US_FeatureX_Search,Paid Social,linkedin,paid_social,camp_5,3811,65,488.85
2025-05-06,CMP_1006,EMEA_Competitor_LinkedIn,Paid Search,google,paid_search,camp_6,7247,401,1172.31
2025-05-06,CMP_1007,EMEA_FeatureY_Display,Paid Social,linkedin,paid_social,camp_7,3780,89,403.37
2025-05-06,CMP_1008,EMEA_Brand_Search,Display,gdn,display,camp_8,6775,63,142.55
2025-05-06,CMP_1009,US_FeatureX_Search,Paid Social,linkedin,paid_social,camp_9,3935,63,468.31
2025-05-06,CMP_1010,LATAM_Competitor_LinkedIn,Paid Social,linkedin,paid_social,camp_10,3872,93,522.41
2025-05-06,CMP_1011,LATAM_Brand_LinkedIn,Paid Social,linkedin,paid_social,camp_11,2987,81,551.46
2025-05-06,CMP_1012,LATAM_FeatureX_Display,Display,gdn,display,camp_12,4467,33,60.59
2025-05-06,CMP_1013,APAC_Brand_LinkedIn,Display,gdn,display,camp_13,4653,19,22.31
2025-05-06,CMP_1014,LATAM_Competitor_Display,Display,gdn,display,camp_14,4746,49,98.73
2025-05-06,CMP_1015,LATAM_Competitor_Display,Paid Social,linkedin,paid_social,camp_15,3628,66,246.29
2025-05-06,CMP_1016,APAC_Competitor_Search,Display,gdn,display,camp_16,4494,28,54.57
2025-05-06,CMP_1017,US_Brand_LinkedIn,Display,gdn,display,camp_17,5483,27,57.64
2025-05-06,CMP_1018,APAC_FeatureX_LinkedIn,Paid Social,linkedin,paid_social,camp_18,4300,45,192.81
2025-05-06,CMP_1019,LATAM_Brand_Display,Paid Social,linkedin,paid_social,camp_19,2970,50,337.97
2025-05-07,CMP_1001,EMEA_FeatureY_Search,Paid Social,linkedin,paid_social,camp_1,3976,45,315.58
2025-05-07,CMP_1002,APAC_Brand_Search,Paid Social,linkedin,paid_social,camp_2,3886,49,313.47
2025-05-07,CMP_1003,APAC_FeatureY_Search,Paid Search,google,paid_search,camp_3,5925,183,384.66
2025-05-07,CMP_1004,US_FeatureY_Display,Paid Social,linkedin,paid_social,camp_4,3933,85,270.26
2025-05-07,CMP_1005,US_FeatureX_Search,Paid Social,linkedin,paid_social,camp_5,3164,39,307.19
2025-05-07,CMP_1006,EMEA_Competitor_LinkedIn,Paid Search,google,paid_search,camp_6,6876,178,925.99
2025-05-07,CMP_1007,EMEA_FeatureY_Display,Paid Social,linkedin,paid_social,camp_7,4688,111,506.5
2025-05-07,CMP_1008,EMEA_Brand_Search,Display,gdn,display,camp_8,4312,19,28.18
2025-05-07,CMP_1009,US_FeatureX_Search,Paid Social,linkedin,paid_social,camp_9,4074,110,743.74
2025-05-07,CMP_1010,LATAM_Competitor_LinkedIn,Paid Social,linkedin,paid_social,camp_10,4686,107,546.87
2025-05-07,CMP_1011,LATAM_Brand_LinkedIn,Paid Social,linkedin,paid_social,camp_11,2873,30,109.96
2025-05-07,CMP_1012,LATAM_FeatureX_Display,Display,gdn,display,camp_12,3951,22,53.11
2025-05-07,CMP_1013,APAC_Brand_LinkedIn,Display,gdn,display,camp_13,4420,20,31.48
2025-05-07,CMP_1014,LATAM_Competitor_Display,Display,gdn,display,camp_14,3674,36,84.79
2025-05-07,CMP_1015,LATAM_Competitor_Display,Paid Social,linkedin,paid_social,camp_15,3833,39,298.7
2025-05-07,CMP_1016,APAC_Competitor_Search,Display,gdn,display,camp_16,4861,23,47.29
2025-05-07,CMP_1017,US_Brand_LinkedIn,Display,gdn,display,camp_17,3714,25,36.78
2025-05-07,CMP_1018,APAC_FeatureX_LinkedIn,Paid Social,linkedin,paid_social,camp_18,3317,62,396.69
2025-05-07,CMP_1019,LATAM_Brand_Display,Paid Social,linkedin,paid_social,camp_19,2669,51,210.45
2025-05-08,CMP_1001,EMEA_FeatureY_Search,Paid Social,linkedin,paid_social,camp_1,2775,60,208.81
2025-05-08,CMP_1002,APAC_Brand_Search,Paid Social,linkedin,paid_social,camp_2,3530,96,499.65
2025-05-08,CMP_1003,APAC_FeatureY_Search,Paid Search,google,paid_search,camp_3,4387,161,413.04
2025-05-08,CMP_1004,US_FeatureY_Display,Paid Social,linkedin,paid_social,camp_4,4095,81,572.56
2025-05-08,CMP_1005,US_FeatureX_Search,Paid Social,linkedin,paid_social,camp_5,4354,67,318.14
2025-05-08,CMP_1006,EMEA_Competitor_LinkedIn,Paid Search,google,paid_search,camp_6,5685,307,912.47
2025-05-08,CMP_1007,EMEA_FeatureY_Display,Paid Social,linkedin,paid_social,camp_7,3211,52,159.39
2025-05-08,CMP_1008,EMEA_Brand_Search,Display,gdn,display,camp_8,5383,31,76.63
2025-05-08,CMP_1009,US_FeatureX_Search,Paid Social,linkedin,paid_social,camp_9,3600,36,223.41
2025-05-08,CMP_1010,LATAM_Competitor_LinkedIn,Paid Social,linkedin,paid_social,camp_10,3836,47,375.85
2025-05-08,CMP_1011,LATAM_Brand_LinkedIn,Paid Social,linkedin,paid_social,camp_11,3094,81,425.76
2025-05-08,CMP_1012,LATAM_FeatureX_Display,Display,gdn,display,camp_12,4901,21,17.36
2025-05-08,CMP_1013,APAC_Brand_LinkedIn,Display,gdn,display,camp_13,3728,40,75.83
2025-05-08,CMP_1014,LATAM_Competitor_Display,Display,gdn,display,camp_14,4717,53,105.65
2025-05-08,CMP_1015,LATAM_Competitor_Display,Paid Social,linkedin,paid_social,camp_15,4602,91,634.46
2025-05-08,CMP_1016,APAC_Competitor_Search,Display,gdn,display,camp_16,5182,54,123.75
2025-05-08,CMP_1017,US_Brand_LinkedIn,Display,gdn,display,camp_17,4426,47,69.89
2025-05-08,CMP_1018,APAC_FeatureX_LinkedIn,Paid Social,linkedin,paid_social,camp_18,3375,55,363.86
2025-05-08,CMP_1019,LATAM_Brand_Display,Paid Social,linkedin,paid_social,camp_19,3586,83,493.37
2025-05-09,CMP_1001,EMEA_FeatureY_Search,Paid Social,linkedin,paid_social,camp_1,3157,74,370.97
2025-05-09,CMP_1002,APAC_Brand_Search,Paid Social,linkedin,paid_social,camp_2,2908,57,407.53
2025-05-09,CMP_1003,APAC_FeatureY_Search,Paid Search,google,paid_search,camp_3,5282,252,1200.6
2025-05-09,CMP_1004,US_FeatureY_Display,Paid Social,linkedin,paid_social,camp_4,4670,85,351.44
2025-05-09,CMP_1005,US_FeatureX_Search,Paid Social,linkedin,paid_social,camp_5,4586,68,208.97
2025-05-09,CMP_1006,EMEA_Competitor_LinkedIn,Paid Search,google,paid_search,camp_6,6942,354,1309.45
2025-05-09,CMP_1007,EMEA_FeatureY_Display,Paid Social,linkedin,paid_social,camp_7,3912,71,493.81
2025-05-09,CMP_1008,EMEA_Brand_Search,Display,gdn,display,camp_8,3051,20,22.55
2025-05-09,CMP_1009,US_FeatureX_Search,Paid Social,linkedin,paid_social,camp_9,4361,74,296.24
2025-05-09,CMP_1010,LATAM_Competitor_LinkedIn,Paid Social,linkedin,paid_social,camp_10,3252,38,148.65
2025-05-09,CMP_1011,LATAM_Brand_LinkedIn,Paid Social,linkedin,paid_social,camp_11,2714,65,250.5
2025-05-09,CMP_1012,LATAM_FeatureX_Display,Display,gdn,display,camp_12,5436,40,84.12
2025-05-09,CMP_1013,APAC_Brand_LinkedIn,Display,gdn,display,camp_13,4593,30,28.77
2025-05-09,CMP_1014,LATAM_Competitor_Display,Display,gdn,display,camp_14,4775,43,75.11
2025-05-09,CMP_1015,LATAM_Competitor_Display,Paid Social,linkedin,paid_social,camp_15,3790,103,787.39
2025-05-09,CMP_1016,APAC_Competitor_Search,Display,gdn,display,camp_16,5994,67,158.8
2025-05-09,CMP_1017,US_Brand_LinkedIn,Display,gdn,display,camp_17,4716,26,44.88
2025-05-09,CMP_1018,APAC_FeatureX_LinkedIn,Paid Social,linkedin,paid_social,camp_18,4045,113,467.23
2025-05-09,CMP_1019,LATAM_Brand_Display,Paid Social,linkedin,paid_social,camp_19,3565,48,159.48
2025-05-10,CMP_1001,EMEA_FeatureY_Search,Paid Social,linkedin,paid_social,camp_1,810,9,31.4
2025-05-10,CMP_1002,APAC_Brand_Search,Paid Social,linkedin,paid_social,camp_2,1658,48,190.55
2025-05-10,CMP_1003,APAC_FeatureY_Search,Paid Search,google,paid_search,camp_3,3139,165,439.44
2025-05-10,CMP_1004,US_FeatureY_Display,Paid Social,linkedin,paid_social,camp_4,1336,30,220.49
2025-05-10,CMP_1005,US_FeatureX_Search,Paid Social,linkedin,paid_social,camp_5,1553,35,170.63
2025-05-10,CMP_1006,EMEA_Competitor_LinkedIn,Paid Search,google,paid_search,camp_6,2807,110,392.91
2025-05-10,CMP_1007,EMEA_FeatureY_Display,Paid Social,linkedin,paid_social,camp_7,1175,19,58.41
2025-05-10,CMP_1008,EMEA_Brand_Search,Display,gdn,display,camp_8,1393,15,19.08
2025-05-10,CMP_1009,US_FeatureX_Search,Paid Social,linkedin,paid_social,camp_9,1774,27,169.88
2025-05-10,CMP_1010,LATAM_Competitor_LinkedIn,Paid Social,linkedin,paid_social,camp_10,791,23,133.9
2025-05-10,CMP_1011,LATAM_Brand_LinkedIn,Paid Social,linkedin,paid_social,camp_11,1489,35,198.71
2025-05-10,CMP_1012,LATAM_FeatureX_Display,Display,gdn,display,camp_12,1591,15,22.44
2025-05-10,CMP_1013,APAC_Brand_LinkedIn,Display,gdn,display,camp_13,1568,16,21.68
2025-05-10,CMP_1014,LATAM_Competitor_Display,Display,gdn,display,camp_14,2190,17,21.87
2025-05-10,CMP_1015,LATAM_Competitor_Display,Paid Social,linkedin,paid_social,camp_15,2095,37,157.03
2025-05-10,CMP_1016,APAC_Competitor_Search,Display,gdn,display,camp_16,1431,5,5.83
2025-05-10,CMP_1017,US_Brand_LinkedIn,Display,gdn,display,camp_17,3501,21,28.69
2025-05-10,CMP_1018,APAC_FeatureX_LinkedIn,Paid Social,linkedin,paid_social,camp_18,1471,35,249.99
2025-05-10,CMP_1019,LATAM_Brand_Display,Paid Social,linkedin,paid_social,camp_19,1853,34,248.08
2025-05-11,CMP_1001,EMEA_FeatureY_Search,Paid Social,linkedin,paid_social,camp_1,2486,67,308.98
2025-05-11,CMP_1002,APAC_Brand_Search,Paid Social,linkedin,paid_social,camp_2,2157,34,226.61
2025-05-11,CMP_1003,APAC_FeatureY_Search,Paid Search,google,paid_search,camp_3,1520,89,476.54
2025-05-11,CMP_1004,US_FeatureY_Display,Paid Social,linkedin,paid_social,camp_4,2228,27,152.59
2025-05-11,CMP_1005,US_FeatureX_Search,Paid Social,linkedin,paid_social,camp_5,1390,19,141.2
2025-05-11,CMP_1006,EMEA_Competitor_LinkedIn,Paid Search,google,paid_search,camp_6,2741,92,441.47
2025-05-11,CMP_1007,EMEA_FeatureY_Display,Paid Social,linkedin,paid_social,camp_7,1049,15,77.73
2025-05-11,CMP_1008,EMEA_Brand_Search,Display,gdn,display,camp_8,1580,7,13.51
2025-05-11,CMP_1009,US_FeatureX_Search,Paid Social,linkedin,paid_social,camp_9,2346,59,181.16
2025-05-11,CMP_1010,LATAM_Competitor_LinkedIn,Paid Social,linkedin,paid_social,camp_10,1732,42,244.27
2025-05-11,CMP_1011,LATAM_Brand_LinkedIn,Paid Social,linkedin,paid_social,camp_11,722,21,142.74
2025-05-11,CMP_1012,LATAM_FeatureX_Display,Display,gdn,display,camp_12,2655,17,28.13
2025-05-11,CMP_1013,APAC_Brand_LinkedIn,Display,gdn,display,camp_13,3192,22,33.85
2025-05-11,CMP_1014,LATAM_Competitor_Display,Display,gdn,display,camp_14,1337,12,27.29
2025-05-11,CMP_1015,LATAM_Competitor_Display,Paid Social,linkedin,paid_social,camp_15,1246,19,129.98
2025-05-11,CMP_1016,APAC_Competitor_Search,Display,gdn,display,camp_16,685,5,12.46
2025-05-11,CMP_1017,US_Brand_LinkedIn,Display,gdn,display,camp_17,2342,22,51.72
2025-05-11,CMP_1018,APAC_FeatureX_LinkedIn,Paid Social,linkedin,paid_social,camp_18,1634,38,117.47
2025-05-11,CMP_1019,LATAM_Brand_Display,Paid Social,linkedin,paid_social,camp_19,1904,56,199.59
2025-05-12,CMP_1001,EMEA_FeatureY_Search,Paid Social,linkedin,paid_social,camp_1,3037,30,128.25
2025-05-12,CMP_1002,APAC_Brand_Search,Paid Social,linkedin,paid_social,camp_2,2210,26,85.94
2025-05-12,CMP_1003,APAC_FeatureY_Search,Paid Search,google,paid_search,camp_3,5728,282,1630.03
2025-05-12,CMP_1004,US_FeatureY_Display,Paid Social,linkedin,paid_social,camp_4,2971,30,160.88
2025-05-12,CMP_1005,US_FeatureX_Search,Paid Social,linkedin,paid_social,camp_5,2548,43,143.6
2025-05-12,CMP_1006,EMEA_Competitor_LinkedIn,Paid Search,google,paid_search,camp_6,6093,224,729.49
2025-05-12,CMP_1007,EMEA_FeatureY_Display,Paid Social,linkedin,paid_social,camp_7,3279,61,465.08
2025-05-12,CMP_1008,EMEA_Brand_Search,Display,gdn,display,camp_8,5974,55,89.3
2025-05-12,CMP_1009,US_FeatureX_Search,Paid Social,linkedin,paid_social,camp_9,3279,62,392.74
2025-05-12,CMP_1010,LATAM_Competitor_LinkedIn,Paid Social,linkedin,paid_social,camp_10,3718,85,636.29
2025-05-12,CMP_1011,LATAM_Brand_LinkedIn,Paid Social,linkedin,paid_social,camp_11,3053,75,458.66
2025-05-12,CMP_1012,LATAM_FeatureX_Display,Display,gdn,display,camp_12,5928,39,39.02
2025-05-12,CMP_1013,APAC_Brand_LinkedIn,Display,gdn,display,camp_13,4818,31,74.46
2025-05-12,CMP_1014,LATAM_Competitor_Display,Display,gdn,display,camp_14,6694,71,166.53
2025-05-12,CMP_1015,LATAM_Competitor_Display,Paid Social,linkedin,paid_social,camp_15,3792,107,455.45
2025-05-12,CMP_1016,APAC_Competitor_Search,Display,gdn,display,camp_16,6148,31,75.29
2025-05-12,CMP_1017,US_Brand_LinkedIn,Display,gdn,display,camp_17,5909,64,99.2
2025-05-12,CMP_1018,APAC_FeatureX_LinkedIn,Paid Social,linkedin,paid_social,camp_18,3438,43,199.21
2025-05-12,CMP_1019,LATAM_Brand_Display,Paid Social,linkedin,paid_social,camp_19,4633,47,263.73
2025-05-13,CMP_1001,EMEA_FeatureY_Search,Paid Social,linkedin,paid_social,camp_1,2669,32,111.57
2025-05-13,CMP_1002,APAC_Brand_Search,Paid Social,linkedin,paid_social,camp_2,2427,26,118.98
2025-05-13,CMP_1003,APAC_FeatureY_Search,Paid Search,google,paid_search,camp_3,6472,164,450.98
2025-05-13,CMP_1004,US_FeatureY_Display,Paid Social,linkedin,paid_social,camp_4,2860,85,466.6
2025-05-13,CMP_1005,US_FeatureX_Search,Paid Social,linkedin,paid_social,camp_5,4168,77,483.83
2025-05-13,CMP_1006,EMEA_Competitor_LinkedIn,Paid Search,google,paid_search,camp_6,5480,246,1172.58
2025-05-13,CMP_1007,EMEA_FeatureY_Display,Paid Social,linkedin,paid_social,camp_7,3771,78,327.04
2025-05-13,CMP_1008,EMEA_Brand_Search,Display,gdn,display,camp_8,6500,72,130.16
2025-05-13,CMP_1009,US_FeatureX_Search,Paid Social,linkedin,paid_social,camp_9,2869,45,268.88
2025-05-13,CMP_1010,LATAM_Competitor_LinkedIn,Paid Social,linkedin,paid_social,camp_10,3100,66,342.63
2025-05-13,CMP_1011,LATAM_Brand_LinkedIn,Paid Social,linkedin,paid_social,camp_11,3926,99,648.63
2025-05-13,CMP_1012,LATAM_FeatureX_Display,Display,gdn,display,camp_12,5094,49,117.06
2025-05-13,CMP_1013,APAC_Brand_LinkedIn,Display,gdn,display,camp_13,5415,64,135.01
2025-05-13,CMP_1014,LATAM_Competitor_Display,Display,gdn,display,camp_14,5438,24,58.62
2025-05-13,CMP_1015,LATAM_Competitor_Display,Paid Social,linkedin,paid_social,camp_15,2888,82,551.02
2025-05-13,CMP_1016,APAC_Competitor_Search,Display,gdn,display,camp_16,4243,42,99.82
2025-05-13,CMP_1017,US_Brand_LinkedIn,Display,gdn,display,camp_17,5278,44,65.87
2025-05-13,CMP_1018,APAC_FeatureX_LinkedIn,Paid Social,linkedin,paid_social,camp_18,3621,53,317.88
2025-05-13,CMP_1019,LATAM_Brand_Display,Paid Social,linkedin,paid_social,camp_19,3254,43,241.89
2025-05-14,CMP_1001,EMEA_FeatureY_Search,Paid Social,linkedin,paid_social,camp_1,3588,101,732.74
2025-05-14,CMP_1002,APAC_Brand_Search,Paid Social,linkedin,paid_social,camp_2,3942,49,319.29
2025-05-14,CMP_1003,APAC_FeatureY_Search,Paid Search,google,paid_search,camp_3,5547,199,650.07
2025-05-14,CMP_1004,US_FeatureY_Display,Paid Social,linkedin,paid_social,camp_4,2725,77,374.83
2025-05-14,CMP_1005,US_FeatureX_Search,Paid Social,linkedin,paid_social,camp_5,3101,69,336.2
2025-05-14,CMP_1006,EMEA_Competitor_LinkedIn,Paid Search,google,paid_search,camp_6,5555,277,1320.94
2025-05-14,CMP_1007,EMEA_FeatureY_Display,Paid Social,linkedin,paid_social,camp_7,2657,42,218.06
2025-05-14,CMP_1008,EMEA_Brand_Search,Display,gdn,display,camp_8,3661,16,22.65
2025-05-14,CMP_1009,US_FeatureX_Search,Paid Social,linkedin,paid_social,camp_9,3409,79,297.48
2025-05-14,CMP_1010,LATAM_Competitor_LinkedIn,Paid Social,linkedin,paid_social,camp_10,3326,34,220.39
2025-05-14,CMP_1011,LATAM_Brand_LinkedIn,Paid Social,linkedin,paid_social,camp_11,3851,104,501.48
2025-05-14,CMP_1012,LATAM_FeatureX_Display,Display,gdn,display,camp_12,5176,56,59.2
2025-05-14,CMP_1013,APAC_Brand_LinkedIn,Display,gdn,display,camp_13,4974,33,45.2
2025-05-14,CMP_1014,LATAM_Competitor_Display,Display,gdn,display,camp_14,5145,38,46.44
2025-05-14,CMP_1015,LATAM_Competitor_Display,Paid Social,linkedin,paid_social,camp_15,4135,43,171.67
2025-05-14,CMP_1016,APAC_Competitor_Search,Display,gdn,display,camp_16,5364,48,86.22
2025-05-14,CMP_1017,US_Brand_LinkedIn,Display,gdn,display,camp_17,3919,27,39.9
2025-05-14,CMP_1018,APAC_FeatureX_LinkedIn,Paid Social,linkedin,paid_social,camp_18,2546,42,169.14
2025-05-14,CMP_1019,LATAM_Brand_Display,Paid Social,linkedin,paid_social,camp_19,2556,44,284.16
2025-05-15,CMP_1001,EMEA_FeatureY_Search,Paid Social,linkedin,paid_social,camp_1,3556,74,365.51
2025-05-15,CMP_1002,APAC_Brand_Search,Paid Social,linkedin,paid_social,camp_2,2730,49,152.28
2025-05-15,CMP_1003,APAC_FeatureY_Search,Paid Search,google,paid_search,camp_3,5788,279,623.44
2025-05-15,CMP_1004,US_FeatureY_Display,Paid Social,linkedin,paid_social,camp_4,4334,72,256.61
2025-05-15,CMP_1005,US_FeatureX_Search,Paid Social,linkedin,paid_social,camp_5,2573,63,246.63
2025-05-15,CMP_1006,EMEA_Competitor_LinkedIn,Paid Search,google,paid_search,camp_6,4867,158,525.72
2025-05-15,CMP_1007,EMEA_FeatureY_Display,Paid Social,linkedin,paid_social,camp_7,3280,76,361.04
2025-05-15,CMP_1008,EMEA_Brand_Search,Display,gdn,display,camp_8,5174,29,36.76
2025-05-15,CMP_1009,US_FeatureX_Search,Paid Social,linkedin,paid_social,camp_9,3048,56,260.04
2025-05-15,CMP_1010,LATAM_Competitor_LinkedIn,Paid Social,linkedin,paid_social,camp_10,4045,63,203.04
2025-05-15,CMP_1011,LATAM_Brand_LinkedIn,Paid Social,linkedin,paid_social,camp_11,3505,45,223.37
2025-05-15,CMP_1012,LATAM_FeatureX_Display,Display,gdn,display,camp_12,3834,28,65.68
2025-05-15,CMP_1013,APAC_Brand_LinkedIn,Display,gdn,display,camp_13,4441,35,86.56
2025-05-15,CMP_1014,LATAM_Competitor_Display,Display,gdn,display,camp_14,3582,42,40.93
2025-05-15,CMP_1015,LATAM_Competitor_Display,Paid Social,linkedin,paid_social,camp_15,3769,112,488.89
2025-05-15,CMP_1016,APAC_Competitor_Search,Display,gdn,display,camp_16,5781,42,90.78
2025-05-15,CMP_1017,US_Brand_LinkedIn,Display,gdn,display,camp_17,4124,41,35.69
2025-05-15,CMP_1018,APAC_FeatureX_LinkedIn,Paid Social,linkedin,paid_social,camp_18,3663,100,591.25
2025-05-15,CMP_1019,LATAM_Brand_Display,Paid Social,linkedin,paid_social,camp_19,3020,42,210.47
2025-05-16,CMP_1001,EMEA_FeatureY_Search,Paid Social,linkedin,paid_social,camp_1,3755,94,500.78
2025-05-16,CMP_1002,APAC_Brand_Search,Paid Social,linkedin,paid_social,camp_2,2840,33,156.12
2025-05-16,CMP_1003,APAC_FeatureY_Search,Paid Search,google,paid_search,camp_3,4773,137,634.89
2025-05-16,CMP_1004,US_FeatureY_Display,Paid Social,linkedin,paid_social,camp_4,3148,37,164.91
2025-05-16,CMP_1005,US_FeatureX_Search,Paid Social,linkedin,paid_social,camp_5,3723,94,718.39
2025-05-16,CMP_1006,EMEA_Competitor_LinkedIn,Paid Search,google,paid_search,camp_6,4918,283,1541.47
2025-05-16,CMP_1007,EMEA_FeatureY_Display,Paid Social,linkedin,paid_social,camp_7,4148,84,331.02
2025-05-16,CMP_1008,EMEA_Brand_Search,Display,gdn,display,camp_8,3988,43,84.93
2025-05-16,CMP_1009,US_FeatureX_Search,Paid Social,linkedin,paid_social,camp_9,3023,64,422.11
2025-05-16,CMP_1010,LATAM_Competitor_LinkedIn,Paid Social,linkedin,paid_social,camp_10,3835,59,420.83
2025-05-16,CMP_1011,LATAM_Brand_LinkedIn,Paid Social,linkedin,paid_social,camp_11,2937,61,253.29
2025-05-16,CMP_1012,LATAM_FeatureX_Display,Display,gdn,display,camp_12,4950,40,46.76
2025-05-16,CMP_1013,APAC_Brand_LinkedIn,Display,gdn,display,camp_13,4097,24,49.16
2025-05-16,CMP_1014,LATAM_Competitor_Display,Display,gdn,display,camp_14,4918,20,19.0
2025-05-16,CMP_1015,LATAM_Competitor_Display,Paid Social,linkedin,paid_social,camp_15,3940,76,456.5
2025-05-16,CMP_1016,APAC_Competitor_Search,Display,gdn,display,camp_16,5291,47,82.23
2025-05-16,CMP_1017,US_Brand_LinkedIn,Display,gdn,display,camp_17,4622,37,38.89
2025-05-16,CMP_1018,APAC_FeatureX_LinkedIn,Paid Social,linkedin,paid_social,camp_18,3977,53,163.43
2025-05-16,CMP_1019,LATAM_Brand_Display,Paid Social,linkedin,paid_social,camp_19,3911,108,410.37
2025-05-17,CMP_1001,EMEA_FeatureY_Search,Paid Social,linkedin,paid_social,camp_1,1285,23,84.37
2025-05-17,CMP_1002,APAC_Brand_Search,Paid Social,linkedin,paid_social,camp_2,2601,75,278.09
2025-05-17,CMP_1003,APAC_FeatureY_Search,Paid Search,google,paid_search,camp_3,2127,80,358.42
2025-05-17,CMP_1004,US_FeatureY_Display,Paid Social,linkedin,paid_social,camp_4,2884,34,215.21
2025-05-17,CMP_1005,US_FeatureX_Search,Paid Social,linkedin,paid_social,camp_5,2333,65,222.53
2025-05-17,CMP_1006,EMEA_Competitor_LinkedIn,Paid Search,google,paid_search,camp_6,3684,130,364.75
2025-05-17,CMP_1007,EMEA_FeatureY_Display,Paid Social,linkedin,paid_social,camp_7,1391,37,153.4
2025-05-17,CMP_1008,EMEA_Brand_Search,Display,gdn,display,camp_8,2447,20,22.43
2025-05-17,CMP_1009,US_FeatureX_Search,Paid Social,linkedin,paid_social,camp_9,1306,23,179.63
2025-05-17,CMP_1010,LATAM_Competitor_LinkedIn,Paid Social,linkedin,paid_social,camp_10,1691,29,148.18
2025-05-17,CMP_1011,LATAM_Brand_LinkedIn,Paid Social,linkedin,paid_social,camp_11,2819,44,148.91
2025-05-17,CMP_1012,LATAM_FeatureX_Display,Display,gdn,display,camp_12,3479,39,84.15
2025-05-17,CMP_1013,APAC_Brand_LinkedIn,Display,gdn,display,camp_13,2532,11,19.06
2025-05-17,CMP_1014,LATAM_Competitor_Display,Display,gdn,display,camp_14,2231,16,16.15
2025-05-17,CMP_1015,LATAM_Competitor_Display,Paid Social,linkedin,paid_social,camp_15,2952,63,351.9
2025-05-17,CMP_1016,APAC_Competitor_Search,Display,gdn,display,camp_16,923,9,18.53
2025-05-17,CMP_1017,US_Brand_LinkedIn,Display,gdn,display,camp_17,2306,16,28.9
2025-05-17,CMP_1018,APAC_FeatureX_LinkedIn,Paid Social,linkedin,paid_social,camp_18,2003,58,395.44
2025-05-17,CMP_1019,LATAM_Brand_Display,Paid Social,linkedin,paid_social,camp_19,2520,52,383.79
2025-05-18,CMP_1001,EMEA_FeatureY_Search,Paid Social,linkedin,paid_social,camp_1,973,28,84.46
2025-05-18,CMP_1002,APAC_Brand_Search,Paid Social,linkedin,paid_social,camp_2,2351,47,212.23
2025-05-18,CMP_1003,APAC_FeatureY_Search,Paid Search,google,paid_search,camp_3,3597,164,973.08
2025-05-18,CMP_1004,US_FeatureY_Display,Paid Social,linkedin,paid_social,camp_4,1945,20,82.87
2025-05-18,CMP_1005,US_FeatureX_Search,Paid Social,linkedin,paid_social,camp_5,2011,47,175.39
2025-05-18,CMP_1006,EMEA_Competitor_LinkedIn,Paid Search,google,paid_search,camp_6,4907,274,655.05
2025-05-18,CMP_1007,EMEA_FeatureY_Display,Paid Social,linkedin,paid_social,camp_7,1935,53,330.07
2025-05-18,CMP_1008,EMEA_Brand_Search,Display,gdn,display,camp_8,3105,32,70.45
2025-05-18,CMP_1009,US_FeatureX_Search,Paid Social,linkedin,paid_social,camp_9,2228,51,368.13
2025-05-18,CMP_1010,LATAM_Competitor_LinkedIn,Paid Social,linkedin,paid_social,camp_10,1938,24,109.19
2025-05-18,CMP_1011,LATAM_Brand_LinkedIn,Paid Social,linkedin,paid_social,camp_11,1749,39,124.21
2025-05-18,CMP_1012,LATAM_FeatureX_Display,Display,gdn,display,camp_12,2982,20,23.15
2025-05-18,CMP_1013,APAC_Brand_LinkedIn,Display,gdn,display,camp_13,1908,20,44.7
2025-05-18,CMP_1014,LATAM_Competitor_Display,Display,gdn,display,camp_14,992,7,8.42
2025-05-18,CMP_1015,LATAM_Competitor_Display,Paid Social,linkedin,paid_social,camp_15,2594,74,430.08
2025-05-18,CMP_1016,APAC_Competitor_Search,Display,gdn,display,camp_16,2740,23,39.22
2025-05-18,CMP_1017,US_Brand_LinkedIn,Display,gdn,display,camp_17,1419,13,13.48
2025-05-18,CMP_1018,APAC_FeatureX_LinkedIn,Paid Social,linkedin,paid_social,camp_18,1833,19,107.96
2025-05-18,CMP_1019,LATAM_Brand_Display,Paid Social,linkedin,paid_social,camp_19,1494,17,125.07
2025-05-19,CMP_1001,EMEA_FeatureY_Search,Paid Social,linkedin,paid_social,camp_1,5153,86,472.86
2025-05-19,CMP_1002,APAC_Brand_Search,Paid Social,linkedin,paid_social,camp_2,2998,52,207.55
2025-05-19,CMP_1003,APAC_FeatureY_Search,Paid Search,google,paid_search,camp_3,5105,239,988.0
2025-05-19,CMP_1004,US_FeatureY_Display,Paid Social,linkedin,paid_social,camp_4,3904,68,325.88
2025-05-19,CMP_1005,US_FeatureX_Search,Paid Social,linkedin,paid_social,camp_5,4406,87,416.65
2025-05-19,CMP_1006,EMEA_Competitor_LinkedIn,Paid Search,google,paid_search,camp_6,5890,345,893.03
2025-05-19,CMP_1007,EMEA_FeatureY_Display,Paid Social,linkedin,paid_social,camp_7,3411,97,651.53
2025-05-19,CMP_1008,EMEA_Brand_Search,Display,gdn,display,camp_8,4508,37,80.1
2025-05-19,CMP_1009,US_FeatureX_Search,Paid Social,linkedin,paid_social,camp_9,2547,47,272.44
2025-05-19,CMP_1010,LATAM_Competitor_LinkedIn,Paid Social,linkedin,paid_social,camp_10,4103,65,349.71
2025-05-19,CMP_1011,LATAM_Brand_LinkedIn,Paid Social,linkedin,paid_social,camp_11,3773,49,315.5
2025-05-19,CMP_1012,LATAM_FeatureX_Display,Display,gdn,display,camp_12,3897,22,27.71
2025-05-19,CMP_1013,APAC_Brand_LinkedIn,Display,gdn,display,camp_13,5651,33,77.84
2025-05-19,CMP_1014,LATAM_Competitor_Display,Display,gdn,display,camp_14,4778,42,53.96
2025-05-19,CMP_1015,LATAM_Competitor_Display,Paid Social,linkedin,paid_social,camp_15,4129,76,548.64
2025-05-19,CMP_1016,APAC_Competitor_Search,Display,gdn,display,camp_16,4679,36,59.38
2025-05-19,CMP_1017,US_Brand_LinkedIn,Display,gdn,display,camp_17,6730,29,29.77
2025-05-19,CMP_1018,APAC_FeatureX_LinkedIn,Paid Social,linkedin,paid_social,camp_18,4698,51,347.55
2025-05-19,CMP_1019,LATAM_Brand_Display,Paid Social,linkedin,paid_social,camp_19,4336,96,736.72
2025-05-20,CMP_1001,EMEA_FeatureY_Search,Paid Social,linkedin,paid_social,camp_1,2968,38,149.77
2025-05-20,CMP_1002,APAC_Brand_Search,Paid Social,linkedin,paid_social,camp_2,3542,64,241.1
2025-05-20,CMP_1003,APAC_FeatureY_Search,Paid Search,google,paid_search,camp_3,5619,179,961.89
2025-05-20,CMP_1004,US_FeatureY_Display,Paid Social,linkedin,paid_social,camp_4,3425,75,265.16
2025-05-20,CMP_1005,US_FeatureX_Search,Paid Social,linkedin,paid_social,camp_5,2427,53,317.07
2025-05-20,CMP_1006,EMEA_Competitor_LinkedIn,Paid Search,google,paid_search,camp_6,5585,186,1058.41
2025-05-20,CMP_1007,EMEA_FeatureY_Display,Paid Social,linkedin,paid_social,camp_7,2782,81,574.41
2025-05-20,CMP_1008,EMEA_Brand_Search,Display,gdn,display,camp_8,3978,27,56.58
2025-05-20,CMP_1009,US_FeatureX_Search,Paid Social,linkedin,paid_social,camp_9,4005,69,320.34
2025-05-20,CMP_1010,LATAM_Competitor_LinkedIn,Paid Social,linkedin,paid_social,camp_10,3829,70,396.11
2025-05-20,CMP_1011,LATAM_Brand_LinkedIn,Paid Social,linkedin,paid_social,camp_11,3180,35,129.42
2025-05-20,CMP_1012,LATAM_FeatureX_Display,Display,gdn,display,camp_12,4672,37,44.85
2025-05-20,CMP_1013,APAC_Brand_LinkedIn,Display,gdn,display,camp_13,5385,36,61.52
2025-05-20,CMP_1014,LATAM_Competitor_Display,Display,gdn,display,camp_14,5023,38,37.27
2025-05-20,CMP_1015,LATAM_Competitor_Display,Paid Social,linkedin,paid_social,camp_15,3356,42,141.39
2025-05-20,CMP_1016,APAC_Competitor_Search,Display,gdn,display,camp_16,3586,40,69.92
2025-05-20,CMP_1017,US_Brand_LinkedIn,Display,gdn,display,camp_17,4667,41,37.34
2025-05-20,CMP_1018,APAC_FeatureX_LinkedIn,Paid Social,linkedin,paid_social,camp_18,2979,62,376.96
2025-05-20,CMP_1019,LATAM_Brand_Display,Paid Social,linkedin,paid_social,camp_19,4348,102,730.44
2025-05-21,CMP_1001,EMEA_FeatureY_Search,Paid Social,linkedin,paid_social,camp_1,3453,88,369.09
2025-05-21,CMP_1002,APAC_Brand_Search,Paid Social,linkedin,paid_social,camp_2,3594,53,333.33
2025-05-21,CMP_1003,APAC_FeatureY_Search,Paid Search,google,paid_search,camp_3,5882,223,757.43
2025-05-21,CMP_1004,US_FeatureY_Display,Paid Social,linkedin,paid_social,camp_4,4747,105,645.94
2025-05-21,CMP_1005,US_FeatureX_Search,Paid Social,linkedin,paid_social,camp_5,3654,92,281.51
2025-05-21,CMP_1006,EMEA_Competitor_LinkedIn,Paid Search,google,paid_search,camp_6,6479,194,607.54
2025-05-21,CMP_1007,EMEA_FeatureY_Display,Paid Social,linkedin,paid_social,camp_7,3769,100,398.73
2025-05-21,CMP_1008,EMEA_Brand_Search,Display,gdn,display,camp_8,6139,34,81.84
2025-05-21,CMP_1009,US_FeatureX_Search,Paid Social,linkedin,paid_social,camp_9,3110,63,468.96
2025-05-21,CMP_1010,LATAM_Competitor_LinkedIn,Paid Social,linkedin,paid_social,camp_10,3278,41,226.76
2025-05-21,CMP_1011,LATAM_Brand_LinkedIn,Paid Social,linkedin,paid_social,camp_11,4462,94,385.18
2025-05-21,CMP_1012,LATAM_FeatureX_Display,Display,gdn,display,camp_12,3880,31,58.09
2025-05-21,CMP_1013,APAC_Brand_LinkedIn,Display,gdn,display,camp_13,4855,20,17.37
2025-05-21,CMP_1014,LATAM_Competitor_Display,Display,gdn,display,camp_14,5333,31,41.8
2025-05-21,CMP_1015,LATAM_Competitor_Display,Paid Social,linkedin,paid_social,camp_15,3532,105,584.33
2025-05-21,CMP_1016,APAC_Competitor_Search,Display,gdn,display,camp_16,2483,17,30.92
2025-05-21,CMP_1017,US_Brand_LinkedIn,Display,gdn,display,camp_17,5643,37,39.09
2025-05-21,CMP_1018,APAC_FeatureX_LinkedIn,Paid Social,linkedin,paid_social,camp_18,3045,76,263.08
2025-05-21,CMP_1019,LATAM_Brand_Display,Paid Social,linkedin,paid_social,camp_19,3290,86,581.03
2025-05-22,CMP_1001,EMEA_FeatureY_Search,Paid Social,linkedin,paid_social,camp_1,3942,93,309.04
2025-05-22,CMP_1002,APAC_Brand_Search,Paid Social,linkedin,paid_social,camp_2,3590,84,260.66
2025-05-22,CMP_1003,APAC_FeatureY_Search,Paid Search,google,paid_search,camp_3,5696,271,1416.9
2025-05-22,CMP_1004,US_FeatureY_Display,Paid Social,linkedin,paid_social,camp_4,3853,75,319.93
2025-05-22,CMP_1005,US_FeatureX_Search,Paid Social,linkedin,paid_social,camp_5,3813,101,802.65
2025-05-22,CMP_1006,EMEA_Competitor_LinkedIn,Paid Search,google,paid_search,camp_6,5922,167,750.57
2025-05-22,CMP_1007,EMEA_FeatureY_Display,Paid Social,linkedin,paid_social,camp_7,3323,69,533.73
2025-05-22,CMP_1008,EMEA_Brand_Search,Display,gdn,display,camp_8,5581,48,104.03
2025-05-22,CMP_1009,US_FeatureX_Search,Paid Social,linkedin,paid_social,camp_9,3903,113,590.53
2025-05-22,CMP_1010,LATAM_Competitor_LinkedIn,Paid Social,linkedin,paid_social,camp_10,2862,73,454.18
2025-05-22,CMP_1011,LATAM_Brand_LinkedIn,Paid Social,linkedin,paid_social,camp_11,4638,97,732.25
2025-05-22,CMP_1012,LATAM_FeatureX_Display,Display,gdn,display,camp_12,5706,58,56.9
2025-05-22,CMP_1013,APAC_Brand_LinkedIn,Display,gdn,display,camp_13,4709,45,111.04
2025-05-22,CMP_1014,LATAM_Competitor_Display,Display,gdn,display,camp_14,5292,24,51.91
2025-05-22,CMP_1015,LATAM_Competitor_Display,Paid Social,linkedin,paid_social,camp_15,3979,113,812.43
2025-05-22,CMP_1016,APAC_Competitor_Search,Display,gdn,display,camp_16,5332,59,114.0
2025-05-22,CMP_1017,US_Brand_LinkedIn,Display,gdn,display,camp_17,5000,39,63.02
2025-05-22,CMP_1018,APAC_FeatureX_LinkedIn,Paid Social,linkedin,paid_social,camp_18,4358,62,286.12
2025-05-22,CMP_1019,LATAM_Brand_Display,Paid Social,linkedin,paid_social,camp_19,4594,77,388.77
2025-05-23,CMP_1001,EMEA_FeatureY_Search,Paid Social,linkedin,paid_social,camp_1,2598,32,119.47
2025-05-23,CMP_1002,APAC_Brand_Search,Paid Social,linkedin,paid_social,camp_2,4748,119,719.79
2025-05-23,CMP_1003,APAC_FeatureY_Search,Paid Search,google,paid_search,camp_3,5265,172,593.02
2025-05-23,CMP_1004,US_FeatureY_Display,Paid Social,linkedin,paid_social,camp_4,2765,46,343.08
2025-05-23,CMP_1005,US_FeatureX_Search,Paid Social,linkedin,paid_social,camp_5,2555,67,303.33
2025-05-23,CMP_1006,EMEA_Competitor_LinkedIn,Paid Search,google,paid_search,camp_6,6537,313,736.44
2025-05-23,CMP_1007,EMEA_FeatureY_Display,Paid Social,linkedin,paid_social,camp_7,2998,56,172.95
2025-05-23,CMP_1008,EMEA_Brand_Search,Display,gdn,display,camp_8,3101,32,69.48
2025-05-23,CMP_1009,US_FeatureX_Search,Paid Social,linkedin,paid_social,camp_9,3829,100,473.4
2025-05-23,CMP_1010,LATAM_Competitor_LinkedIn,Paid Social,linkedin,paid_social,camp_10,3762,95,678.97
2025-05-23,CMP_1011,LATAM_Brand_LinkedIn,Paid Social,linkedin,paid_social,camp_11,3099,51,221.15
2025-05-23,CMP_1012,LATAM_FeatureX_Display,Display,gdn,display,camp_12,4898,47,55.83
2025-05-23,CMP_1013,APAC_Brand_LinkedIn,Display,gdn,display,camp_13,7208,54,109.65
2025-05-23,CMP_1014,LATAM_Competitor_Display,Display,gdn,display,camp_14,5147,58,71.57
2025-05-23,CMP_1015,LATAM_Competitor_Display,Paid Social,linkedin,paid_social,camp_15,3096,42,246.73
2025-05-23,CMP_1016,APAC_Competitor_Search,Display,gdn,display,camp_16,5097,32,53.14
2025-05-23,CMP_1017,US_Brand_LinkedIn,Display,gdn,display,camp_17,5283,46,65.39
2025-05-23,CMP_1018,APAC_FeatureX_LinkedIn,Paid Social,linkedin,paid_social,camp_18,3553,61,455.74
2025-05-23,CMP_1019,LATAM_Brand_Display,Paid Social,linkedin,paid_social,camp_19,2914,34,228.34
2025-05-24,CMP_1001,EMEA_FeatureY_Search,Paid Social,linkedin,paid_social,camp_1,2528,42,228.3
2025-05-24,CMP_1002,APAC_Brand_Search,Paid Social,linkedin,paid_social,camp_2,2425,70,335.31
2025-05-24,CMP_1003,APAC_FeatureY_Search,Paid Search,google,paid_search,camp_3,4666,201,822.55
2025-05-24,CMP_1004,US_FeatureY_Display,Paid Social,linkedin,paid_social,camp_4,2408,39,188.23
2025-05-24,CMP_1005,US_FeatureX_Search,Paid Social,linkedin,paid_social,camp_5,3131,87,646.1
2025-05-24,CMP_1006,EMEA_Competitor_LinkedIn,Paid Search,google,paid_search,camp_6,3723,114,297.62
2025-05-24,CMP_1007,EMEA_FeatureY_Display,Paid Social,linkedin,paid_social,camp_7,1940,41,128.21
2025-05-24,CMP_1008,EMEA_Brand_Search,Display,gdn,display,camp_8,2978,34,41.26
2025-05-24,CMP_1009,US_FeatureX_Search,Paid Social,linkedin,paid_social,camp_9,1128,11,47.68
2025-05-24,CMP_1010,LATAM_Competitor_LinkedIn,Paid Social,linkedin,paid_social,camp_10,1045,15,63.47
2025-05-24,CMP_1011,LATAM_Brand_LinkedIn,Paid Social,linkedin,paid_social,camp_11,1014,19,74.13
2025-05-24,CMP_1012,LATAM_FeatureX_Display,Display,gdn,display,camp_12,2667,15,31.53
2025-05-24,CMP_1013,APAC_Brand_LinkedIn,Display,gdn,display,camp_13,690,6,13.86
2025-05-24,CMP_1014,LATAM_Competitor_Display,Display,gdn,display,camp_14,2111,23,43.55
2025-05-24,CMP_1015,LATAM_Competitor_Display,Paid Social,linkedin,paid_social,camp_15,1714,22,74.3
2025-05-24,CMP_1016,APAC_Competitor_Search,Display,gdn,display,camp_16,2571,28,43.87
2025-05-24,CMP_1017,US_Brand_LinkedIn,Display,gdn,display,camp_17,1234,10,24.24
2025-05-24,CMP_1018,APAC_FeatureX_LinkedIn,Paid Social,linkedin,paid_social,camp_18,1884,38,150.76
2025-05-24,CMP_1019,LATAM_Brand_Display,Paid Social,linkedin,paid_social,camp_19,2131,58,187.29
2025-05-25,CMP_1001,EMEA_FeatureY_Search,Paid Social,linkedin,paid_social,camp_1,1003,20,119.53
2025-05-25,CMP_1002,APAC_Brand_Search,Paid Social,linkedin,paid_social,camp_2,1782,23,135.45
2025-05-25,CMP_1003,APAC_FeatureY_Search,Paid Search,google,paid_search,camp_3,3335,140,361.77
2025-05-25,CMP_1004,US_FeatureY_Display,Paid Social,linkedin,paid_social,camp_4,2074,23,134.85
2025-05-25,CMP_1005,US_FeatureX_Search,Paid Social,linkedin,paid_social,camp_5,1313,29,161.99
2025-05-25,CMP_1006,EMEA_Competitor_LinkedIn,Paid Search,google,paid_search,camp_6,4310,105,384.96
2025-05-25,CMP_1007,EMEA_FeatureY_Display,Paid Social,linkedin,paid_social,camp_7,2234,56,404.19
2025-05-25,CMP_1008,EMEA_Brand_Search,Display,gdn,display,camp_8,2197,15,13.12
2025-05-25,CMP_1009,US_FeatureX_Search,Paid Social,linkedin,paid_social,camp_9,1081,26,94.52
2025-05-25,CMP_1010,LATAM_Competitor_LinkedIn,Paid Social,linkedin,paid_social,camp_10,1920,29,155.55
2025-05-25,CMP_1011,LATAM_Brand_LinkedIn,Paid Social,linkedin,paid_social,camp_11,2323,58,200.29
2025-05-25,CMP_1012,LATAM_FeatureX_Display,Display,gdn,display,camp_12,2334,14,17.12
2025-05-25,CMP_1013,APAC_Brand_LinkedIn,Display,gdn,display,camp_13,1856,15,30.57
2025-05-25,CMP_1014,LATAM_Competitor_Display,Display,gdn,display,camp_14,2331,11,23.02
2025-05-25,CMP_1015,LATAM_Competitor_Display,Paid Social,linkedin,paid_social,camp_15,2119,59,448.58
2025-05-25,CMP_1016,APAC_Competitor_Search,Display,gdn,display,camp_16,3052,25,57.49
2025-05-25,CMP_1017,US_Brand_LinkedIn,Display,gdn,display,camp_17,2982,24,53.82
2025-05-25,CMP_1018,APAC_FeatureX_LinkedIn,Paid Social,linkedin,paid_social,camp_18,2448,63,322.25
2025-05-25,CMP_1019,LATAM_Brand_Display,Paid Social,linkedin,paid_social,camp_19,1697,48,207.3
2025-05-26,CMP_1001,EMEA_FeatureY_Search,Paid Social,linkedin,paid_social,camp_1,4638,104,794.11
2025-05-26,CMP_1002,APAC_Brand_Search,Paid Social,linkedin,paid_social,camp_2,3164,83,481.69
2025-05-26,CMP_1003,APAC_FeatureY_Search,Paid Search,google,paid_search,camp_3,6859,198,593.5
2025-05-26,CMP_1004,US_FeatureY_Display,Paid Social,linkedin,paid_social,camp_4,3349,81,306.96
2025-05-26,CMP_1005,US_FeatureX_Search,Paid Social,linkedin,paid_social,camp_5,4925,117,622.27
2025-05-26,CMP_1006,EMEA_Competitor_LinkedIn,Paid Search,google,paid_search,camp_6,6059,264,926.93
2025-05-26,CMP_1007,EMEA_FeatureY_Display,Paid Social,linkedin,paid_social,camp_7,4045,101,321.3
2025-05-26,CMP_1008,EMEA_Brand_Search,Display,gdn,display,camp_8,4733,52,108.13
2025-05-26,CMP_1009,US_FeatureX_Search,Paid Social,linkedin,paid_social,camp_9,2600,54,163.87
2025-05-26,CMP_1010,LATAM_Competitor_LinkedIn,Paid Social,linkedin,paid_social,camp_10,3980,89,305.92
2025-05-26,CMP_1011,LATAM_Brand_LinkedIn,Paid Social,linkedin,paid_social,camp_11,4295,121,771.13
2025-05-26,CMP_1012,LATAM_FeatureX_Display,Display,gdn,display,camp_12,4964,59,130.27
2025-05-26,CMP_1013,APAC_Brand_LinkedIn,Display,gdn,display,camp_13,5017,44,73.52
2025-05-26,CMP_1014,LATAM_Competitor_Display,Display,gdn,display,camp_14,2939,19,41.95
2025-05-26,CMP_1015,LATAM_Competitor_Display,Paid Social,linkedin,paid_social,camp_15,4315,80,304.25
2025-05-26,CMP_1016,APAC_Competitor_Search,Display,gdn,display,camp_16,4678,32,69.71
2025-05-26,CMP_1017,US_Brand_LinkedIn,Display,gdn,display,camp_17,5913,44,99.73
2025-05-26,CMP_1018,APAC_FeatureX_LinkedIn,Paid Social,linkedin,paid_social,camp_18,3804,68,224.23
2025-05-26,CMP_1019,LATAM_Brand_Display,Paid Social,linkedin,paid_social,camp_19,4086,50,224.49
2025-05-27,CMP_1001,EMEA_FeatureY_Search,Paid Social,linkedin,paid_social,camp_1,3999,66,513.02
2025-05-27,CMP_1002,APAC_Brand_Search,Paid Social,linkedin,paid_social,camp_2,4868,104,743.27
2025-05-27,CMP_1003,APAC_FeatureY_Search,Paid Search,google,paid_search,camp_3,5237,246,1235.46
2025-05-27,CMP_1004,US_FeatureY_Display,Paid Social,linkedin,paid_social,camp_4,4129,44,275.09
2025-05-27,CMP_1005,US_FeatureX_Search,Paid Social,linkedin,paid_social,camp_5,3365,49,373.89
2025-05-27,CMP_1006,EMEA_Competitor_LinkedIn,Paid Search,google,paid_search,camp_6,5674,194,1126.06
2025-05-27,CMP_1007,EMEA_FeatureY_Display,Paid Social,linkedin,paid_social,camp_7,4013,89,323.12
2025-05-27,CMP_1008,EMEA_Brand_Search,Display,gdn,display,camp_8,4295,23,39.15
2025-05-27,CMP_1009,US_FeatureX_Search,Paid Social,linkedin,paid_social,camp_9,3886,57,441.42
2025-05-27,CMP_1010,LATAM_Competitor_LinkedIn,Paid Social,linkedin,paid_social,camp_10,3438,40,149.52
2025-05-27,CMP_1011,LATAM_Brand_LinkedIn,Paid Social,linkedin,paid_social,camp_11,3901,51,398.63
2025-05-27,CMP_1012,LATAM_FeatureX_Display,Display,gdn,display,camp_12,3768,39,84.19
2025-05-27,CMP_1013,APAC_Brand_LinkedIn,Display,gdn,display,camp_13,6336,67,93.14
2025-05-27,CMP_1014,LATAM_Competitor_Display,Display,gdn,display,camp_14,6099,34,45.36
2025-05-27,CMP_1015,LATAM_Competitor_Display,Paid Social,linkedin,paid_social,camp_15,2996,75,532.72
2025-05-27,CMP_1016,APAC_Competitor_Search,Display,gdn,display,camp_16,4914,42,87.98
2025-05-27,CMP_1017,US_Brand_LinkedIn,Display,gdn,display,camp_17,4509,47,104.16
2025-05-27,CMP_1018,APAC_FeatureX_LinkedIn,Paid Social,linkedin,paid_social,camp_18,3436,68,447.96
2025-05-27,CMP_1019,LATAM_Brand_Display,Paid Social,linkedin,paid_social,camp_19,3320,44,223.65
2025-05-28,CMP_1001,EMEA_FeatureY_Search,Paid Social,linkedin,paid_social,camp_1,4036,88,630.55
2025-05-28,CMP_1002,APAC_Brand_Search,Paid Social,linkedin,paid_social,camp_2,2808,53,410.88
2025-05-28,CMP_1003,APAC_FeatureY_Search,Paid Search,google,paid_search,camp_3,5571,254,850.19
2025-05-28,CMP_1004,US_FeatureY_Display,Paid Social,linkedin,paid_social,camp_4,3851,52,301.24
2025-05-28,CMP_1005,US_FeatureX_Search,Paid Social,linkedin,paid_social,camp_5,3511,87,600.49
2025-05-28,CMP_1006,EMEA_Competitor_LinkedIn,Paid Search,google,paid_search,camp_6,5559,202,690.34
2025-05-28,CMP_1007,EMEA_FeatureY_Display,Paid Social,linkedin,paid_social,camp_7,4424,106,509.3
2025-05-28,CMP_1008,EMEA_Brand_Search,Display,gdn,display,camp_8,3518,39,64.08
2025-05-28,CMP_1009,US_FeatureX_Search,Paid Social,linkedin,paid_social,camp_9,3041,50,331.46
2025-05-28,CMP_1010,LATAM_Competitor_LinkedIn,Paid Social,linkedin,paid_social,camp_10,3926,41,132.67
2025-05-28,CMP_1011,LATAM_Brand_LinkedIn,Paid Social,linkedin,paid_social,camp_11,4130,109,759.41
2025-05-28,CMP_1012,LATAM_FeatureX_Display,Display,gdn,display,camp_12,5057,44,76.5
2025-05-28,CMP_1013,APAC_Brand_LinkedIn,Display,gdn,display,camp_13,6338,66,121.78
2025-05-28,CMP_1014,LATAM_Competitor_Display,Display,gdn,display,camp_14,4292,25,30.25
2025-05-28,CMP_1015,LATAM_Competitor_Display,Paid Social,linkedin,paid_social,camp_15,3665,82,362.14
2025-05-28,CMP_1016,APAC_Competitor_Search,Display,gdn,display,camp_16,5062,51,118.25
2025-05-28,CMP_1017,US_Brand_LinkedIn,Display,gdn,display,camp_17,5938,52,79.98
2025-05-28,CMP_1018,APAC_FeatureX_LinkedIn,Paid Social,linkedin,paid_social,camp_18,2947,70,501.32
2025-05-28,CMP_1019,LATAM_Brand_Display,Paid Social,linkedin,paid_social,camp_19,5049,130,973.57
2025-05-29,CMP_1001,EMEA_FeatureY_Search,Paid Social,linkedin,paid_social,camp_1,4521,102,573.62
2025-05-29,CMP_1002,APAC_Brand_Search,Paid Social,linkedin,paid_social,camp_2,3529,60,388.73
2025-05-29,CMP_1003,APAC_FeatureY_Search,Paid Search,google,paid_search,camp_3,4231,156,483.16
2025-05-29,CMP_1004,US_FeatureY_Display,Paid Social,linkedin,paid_social,camp_4,3865,68,402.48
2025-05-29,CMP_1005,US_FeatureX_Search,Paid Social,linkedin,paid_social,camp_5,3506,36,263.89
2025-05-29,CMP_1006,EMEA_Competitor_LinkedIn,Paid Search,google,paid_search,camp_6,5322,294,1090.0
2025-05-29,CMP_1007,EMEA_FeatureY_Display,Paid Social,linkedin,paid_social,camp_7,3369,58,289.14
2025-05-29,CMP_1008,EMEA_Brand_Search,Display,gdn,display,camp_8,5505,32,63.75
2025-05-29,CMP_1009,US_FeatureX_Search,Paid Social,linkedin,paid_social,camp_9,3889,84,376.02
2025-05-29,CMP_1010,LATAM_Competitor_LinkedIn,Paid Social,linkedin,paid_social,camp_10,4103,54,351.92
2025-05-29,CMP_1011,LATAM_Brand_LinkedIn,Paid Social,linkedin,paid_social,camp_11,3614,40,262.78
2025-05-29,CMP_1012,LATAM_FeatureX_Display,Display,gdn,display,camp_12,5467,63,86.69
2025-05-29,CMP_1013,APAC_Brand_LinkedIn,Display,gdn,display,camp_13,4622,49,98.92
2025-05-29,CMP_1014,LATAM_Competitor_Display,Display,gdn,display,camp_14,3763,24,53.94
2025-05-29,CMP_1015,LATAM_Competitor_Display,Paid Social,linkedin,paid_social,camp_15,4036,77,348.88
2025-05-29,CMP_1016,APAC_Competitor_Search,Display,gdn,display,camp_16,5599,27,49.63
2025-05-29,CMP_1017,US_Brand_LinkedIn,Display,gdn,display,camp_17,4741,29,31.28
2025-05-29,CMP_1018,APAC_FeatureX_LinkedIn,Paid Social,linkedin,paid_social,camp_18,3051,86,386.43
2025-05-29,CMP_1019,LATAM_Brand_Display,Paid Social,linkedin,paid_social,camp_19,3679,67,358.73
2025-05-30,CMP_1001,EMEA_FeatureY_Search,Paid Social,linkedin,paid_social,camp_1,3989,50,221.14
2025-05-30,CMP_1002,APAC_Brand_Search,Paid Social,linkedin,paid_social,camp_2,3633,103,521.98
2025-05-30,CMP_1003,APAC_FeatureY_Search,Paid Search,google,paid_search,camp_3,5226,275,1069.36
2025-05-30,CMP_1004,US_FeatureY_Display,Paid Social,linkedin,paid_social,camp_4,4224,94,623.97
2025-05-30,CMP_1005,US_FeatureX_Search,Paid Social,linkedin,paid_social,camp_5,3229,69,427.82
2025-05-30,CMP_1006,EMEA_Competitor_LinkedIn,Paid Search,google,paid_search,camp_6,6059,350,1280.65
2025-05-30,CMP_1007,EMEA_FeatureY_Display,Paid Social,linkedin,paid_social,camp_7,3447,48,314.62
2025-05-30,CMP_1008,EMEA_Brand_Search,Display,gdn,display,camp_8,4441,43,59.04
2025-05-30,CMP_1009,US_FeatureX_Search,Paid Social,linkedin,paid_social,camp_9,3838,101,364.72
2025-05-30,CMP_1010,LATAM_Competitor_LinkedIn,Paid Social,linkedin,paid_social,camp_10,3477,60,317.49
2025-05-30,CMP_1011,LATAM_Brand_LinkedIn,Paid Social,linkedin,paid_social,camp_11,2972,45,182.56
2025-05-30,CMP_1012,LATAM_FeatureX_Display,Display,gdn,display,camp_12,4782,51,118.8
2025-05-30,CMP_1013,APAC_Brand_LinkedIn,Display,gdn,display,camp_13,4413,41,37.74
2025-05-30,CMP_1014,LATAM_Competitor_Display,Display,gdn,display,camp_14,4421,23,48.91
2025-05-30,CMP_1015,LATAM_Competitor_Display,Paid Social,linkedin,paid_social,camp_15,3530,105,491.7
2025-05-30,CMP_1016,APAC_Competitor_Search,Display,gdn,display,camp_16,4588,30,69.78
2025-05-30,CMP_1017,US_Brand_LinkedIn,Display,gdn,display,camp_17,4224,42,40.88
2025-05-30,CMP_1018,APAC_FeatureX_LinkedIn,Paid Social,linkedin,paid_social,camp_18,3161,34,110.41
2025-05-30,CMP_1019,LATAM_Brand_Display,Paid Social,linkedin,paid_social,camp_19,4741,62,436.8
2025-05-31,CMP_1001,EMEA_FeatureY_Search,Paid Social,linkedin,paid_social,camp_1,2126,54,169.18
2025-05-31,CMP_1002,APAC_Brand_Search,Paid Social,linkedin,paid_social,camp_2,1363,32,103.66
2025-05-31,CMP_1003,APAC_FeatureY_Search,Paid Search,google,paid_search,camp_3,3107,186,631.79
2025-05-31,CMP_1004,US_FeatureY_Display,Paid Social,linkedin,paid_social,camp_4,890,24,175.38
2025-05-31,CMP_1005,US_FeatureX_Search,Paid Social,linkedin,paid_social,camp_5,658,17,51.15
2025-05-31,CMP_1006,EMEA_Competitor_LinkedIn,Paid Search,google,paid_search,camp_6,3443,112,457.02
2025-05-31,CMP_1007,EMEA_FeatureY_Display,Paid Social,linkedin,paid_social,camp_7,2361,40,125.92
2025-05-31,CMP_1008,EMEA_Brand_Search,Display,gdn,display,camp_8,2252,19,39.44
2025-05-31,CMP_1009,US_FeatureX_Search,Paid Social,linkedin,paid_social,camp_9,2508,66,202.31
2025-05-31,CMP_1010,LATAM_Competitor_LinkedIn,Paid Social,linkedin,paid_social,camp_10,2425,43,226.56
2025-05-31,CMP_1011,LATAM_Brand_LinkedIn,Paid Social,linkedin,paid_social,camp_11,2457,51,199.84
2025-05-31,CMP_1012,LATAM_FeatureX_Display,Display,gdn,display,camp_12,2394,9,20.71
2025-05-31,CMP_1013,APAC_Brand_LinkedIn,Display,gdn,display,camp_13,2368,26,52.15
2025-05-31,CMP_1014,LATAM_Competitor_Display,Display,gdn,display,camp_14,2931,23,55.25
2025-05-31,CMP_1015,LATAM_Competitor_Display,Paid Social,linkedin,paid_social,camp_15,1610,36,155.7
2025-05-31,CMP_1016,APAC_Competitor_Search,Display,gdn,display,camp_16,1913,22,42.41
2025-05-31,CMP_1017,US_Brand_LinkedIn,Display,gdn,display,camp_17,3184,14,17.91
2025-05-31,CMP_1018,APAC_FeatureX_LinkedIn,Paid Social,linkedin,paid_social,camp_18,1947,40,135.26
2025-05-31,CMP_1019,LATAM_Brand_Display,Paid Social,linkedin,paid_social,camp_19,2230,33,202.97
2025-06-01,CMP_1001,EMEA_FeatureY_Search,Paid Social,linkedin,paid_social,camp_1,1954,55,343.57
2025-06-01,CMP_1002,APAC_Brand_Search,Paid Social,linkedin,paid_social,camp_2,2655,75,354.03
2025-06-01,CMP_1003,APAC_FeatureY_Search,Paid Search,google,paid_search,camp_3,5350,191,966.55
2025-06-01,CMP_1004,US_FeatureY_Display,Paid Social,linkedin,paid_social,camp_4,2027,51,387.28
2025-06-01,CMP_1005,US_FeatureX_Search,Paid Social,linkedin,paid_social,camp_5,1435,17,115.91
2025-06-01,CMP_1006,EMEA_Competitor_LinkedIn,Paid Search,google,paid_search,camp_6,3347,96,306.8
2025-06-01,CMP_1007,EMEA_FeatureY_Display,Paid Social,linkedin,paid_social,camp_7,751,17,51.77
2025-06-01,CMP_1008,EMEA_Brand_Search,Display,gdn,display,camp_8,1550,8,14.33
2025-06-01,CMP_1009,US_FeatureX_Search,Paid Social,linkedin,paid_social,camp_9,1901,26,184.92
2025-06-01,CMP_1010,LATAM_Competitor_LinkedIn,Paid Social,linkedin,paid_social,camp_10,2295,33,125.71
2025-06-01,CMP_1011,LATAM_Brand_LinkedIn,Paid Social,linkedin,paid_social,camp_11,2106,61,375.81
2025-06-01,CMP_1012,LATAM_FeatureX_Display,Display,gdn,display,camp_12,2552,14,31.83
2025-06-01,CMP_1013,APAC_Brand_LinkedIn,Display,gdn,display,camp_13,2761,11,26.34
2025-06-01,CMP_1014,LATAM_Competitor_Display,Display,gdn,display,camp_14,1730,17,16.34
2025-06-01,CMP_1015,LATAM_Competitor_Display,Paid Social,linkedin,paid_social,camp_15,2254,65,289.87
2025-06-01,CMP_1016,APAC_Competitor_Search,Display,gdn,display,camp_16,2567,15,12.61
2025-06-01,CMP_1017,US_Brand_LinkedIn,Display,gdn,display,camp_17,1126,12,20.73
2025-06-01,CMP_1018,APAC_FeatureX_LinkedIn,Paid Social,linkedin,paid_social,camp_18,1836,46,340.75
2025-06-01,CMP_1019,LATAM_Brand_Display,Paid Social,linkedin,paid_social,camp_19,2140,45,288.72
2025-06-02,CMP_1001,EMEA_FeatureY_Search,Paid Social,linkedin,paid_social,camp_1,3139,51,262.98
2025-06-02,CMP_1002,APAC_Brand_Search,Paid Social,linkedin,paid_social,camp_2,4425,111,415.9
2025-06-02,CMP_1003,APAC_FeatureY_Search,Paid Search,google,paid_search,camp_3,6425,218,924.46
2025-06-02,CMP_1004,US_FeatureY_Display,Paid Social,linkedin,paid_social,camp_4,4340,120,582.12
2025-06-02,CMP_1005,US_FeatureX_Search,Paid Social,linkedin,paid_social,camp_5,3767,84,603.59
2025-06-02,CMP_1006,EMEA_Competitor_LinkedIn,Paid Search,google,paid_search,camp_6,6438,247,1478.21
2025-06-02,CMP_1007,EMEA_FeatureY_Display,Paid Social,linkedin,paid_social,camp_7,2018,52,274.55
2025-06-02,CMP_1008,EMEA_Brand_Search,Display,gdn,display,camp_8,4669,46,50.36
2025-06-02,CMP_1009,US_FeatureX_Search,Paid Social,linkedin,paid_social,camp_9,3466,82,511.56
2025-06-02,CMP_1010,LATAM_Competitor_LinkedIn,Paid Social,linkedin,paid_social,camp_10,3614,50,395.57
2025-06-02,CMP_1011,LATAM_Brand_LinkedIn,Paid Social,linkedin,paid_social,camp_11,3103,42,303.08
2025-06-02,CMP_1012,LATAM_FeatureX_Display,Display,gdn,display,camp_12,5238,41,52.01
2025-06-02,CMP_1013,APAC_Brand_LinkedIn,Display,gdn,display,camp_13,4288,18,30.55
2025-06-02,CMP_1014,LATAM_Competitor_Display,Display,gdn,display,camp_14,5366,32,39.68
2025-06-02,CMP_1015,LATAM_Competitor_Display,Paid Social,linkedin,paid_social,camp_15,3162,84,317.05
2025-06-02,CMP_1016,APAC_Competitor_Search,Display,gdn,display,camp_16,4267,42,75.88
2025-06-02,CMP_1017,US_Brand_LinkedIn,Display,gdn,display,camp_17,5964,35,87.31
2025-06-02,CMP_1018,APAC_FeatureX_LinkedIn,Paid Social,linkedin,paid_social,camp_18,3067,37,286.62
2025-06-02,CMP_1019,LATAM_Brand_Display,Paid Social,linkedin,paid_social,camp_19,3588,76,282.26
2025-06-03,CMP_1001,EMEA_FeatureY_Search,Paid Social,linkedin,paid_social,camp_1,4560,94,329.11
2025-06-03,CMP_1002,APAC_Brand_Search,Paid Social,linkedin,paid_social,camp_2,4042,69,349.91
2025-06-03,CMP_1003,APAC_FeatureY_Search,Paid Search,google,paid_search,camp_3,6861,253,509.04
2025-06-03,CMP_1004,US_FeatureY_Display,Paid Social,linkedin,paid_social,camp_4,4154,67,350.56
2025-06-03,CMP_1005,US_FeatureX_Search,Paid Social,linkedin,paid_social,camp_5,2292,35,254.48
2025-06-03,CMP_1006,EMEA_Competitor_LinkedIn,Paid Search,google,paid_search,camp_6,6957,324,1090.63
2025-06-03,CMP_1007,EMEA_FeatureY_Display,Paid Social,linkedin,paid_social,camp_7,4030,108,575.07
2025-06-03,CMP_1008,EMEA_Brand_Search,Display,gdn,display,camp_8,4354,37,92.31
2025-06-03,CMP_1009,US_FeatureX_Search,Paid Social,linkedin,paid_social,camp_9,2618,46,307.58
2025-06-03,CMP_1010,LATAM_Competitor_LinkedIn,Paid Social,linkedin,paid_social,camp_10,3410,98,550.18
2025-06-03,CMP_1011,LATAM_Brand_LinkedIn,Paid Social,linkedin,paid_social,camp_11,3740,104,363.01
2025-06-03,CMP_1012,LATAM_FeatureX_Display,Display,gdn,display,camp_12,3284,24,57.69
2025-06-03,CMP_1013,APAC_Brand_LinkedIn,Display,gdn,display,camp_13,5676,60,125.26
2025-06-03,CMP_1014,LATAM_Competitor_Display,Display,gdn,display,camp_14,2833,15,31.21
2025-06-03,CMP_1015,LATAM_Competitor_Display,Paid Social,linkedin,paid_social,camp_15,4753,95,689.55
2025-06-03,CMP_1016,APAC_Competitor_Search,Display,gdn,display,camp_16,4666,40,48.62
2025-06-03,CMP_1017,US_Brand_LinkedIn,Display,gdn,display,camp_17,4896,31,40.71
2025-06-03,CMP_1018,APAC_FeatureX_LinkedIn,Paid Social,linkedin,paid_social,camp_18,3531,91,593.62
2025-06-03,CMP_1019,LATAM_Brand_Display,Paid Social,linkedin,paid_social,camp_19,4047,101,727.8
2025-06-04,CMP_1001,EMEA_FeatureY_Search,Paid Social,linkedin,paid_social,camp_1,3127,78,256.79
2025-06-04,CMP_1002,APAC_Brand_Search,Paid Social,linkedin,paid_social,camp_2,3172,85,505.01
2025-06-04,CMP_1003,APAC_FeatureY_Search,Paid Search,google,paid_search,camp_3,3859,139,558.45
2025-06-04,CMP_1004,US_FeatureY_Display,Paid Social,linkedin,paid_social,camp_4,2653,27,107.38
2025-06-04,CMP_1005,US_FeatureX_Search,Paid Social,linkedin,paid_social,camp_5,3078,46,281.61
2025-06-04,CMP_1006,EMEA_Competitor_LinkedIn,Paid Search,google,paid_search,camp_6,5348,179,1042.94
2025-06-04,CMP_1007,EMEA_FeatureY_Display,Paid Social,linkedin,paid_social,camp_7,4778,79,540.15
2025-06-04,CMP_1008,EMEA_Brand_Search,Display,gdn,display,camp_8,4055,24,28.85
2025-06-04,CMP_1009,US_FeatureX_Search,Paid Social,linkedin,paid_social,camp_9,3804,69,271.67
2025-06-04,CMP_1010,LATAM_Competitor_LinkedIn,Paid Social,linkedin,paid_social,camp_10,4102,44,152.36
2025-06-04,CMP_1011,LATAM_Brand_LinkedIn,Paid Social,linkedin,paid_social,camp_11,3071,67,305.74
2025-06-04,CMP_1012,LATAM_FeatureX_Display,Display,gdn,display,camp_12,5807,56,48.58
2025-06-04,CMP_1013,APAC_Brand_LinkedIn,Display,gdn,display,camp_13,3655,14,25.76
2025-06-04,CMP_1014,LATAM_Competitor_Display,Display,gdn,display,camp_14,4310,20,44.68
2025-06-04,CMP_1015,LATAM_Competitor_Display,Paid Social,linkedin,paid_social,camp_15,4047,100,651.64
2025-06-04,CMP_1016,APAC_Competitor_Search,Display,gdn,display,camp_16,4098,40,39.37
2025-06-04,CMP_1017,US_Brand_LinkedIn,Display,gdn,display,camp_17,3847,31,33.51
2025-06-04,CMP_1018,APAC_FeatureX_LinkedIn,Paid Social,linkedin,paid_social,camp_18,3762,46,238.79
2025-06-04,CMP_1019,LATAM_Brand_Display,Paid Social,linkedin,paid_social,camp_19,3870,101,360.35
2025-06-05,CMP_1001,EMEA_FeatureY_Search,Paid Social,linkedin,paid_social,camp_1,3658,69,370.66
2025-06-05,CMP_1002,APAC_Brand_Search,Paid Social,linkedin,paid_social,camp_2,3815,92,637.56
2025-06-05,CMP_1003,APAC_FeatureY_Search,Paid Search,google,paid_search,camp_3,6144,270,1174.19
2025-06-05,CMP_1004,US_FeatureY_Display,Paid Social,linkedin,paid_social,camp_4,3056,80,367.82
2025-06-05,CMP_1005,US_FeatureX_Search,Paid Social,linkedin,paid_social,camp_5,3718,64,510.15
2025-06-05,CMP_1006,EMEA_Competitor_LinkedIn,Paid Search,google,paid_search,camp_6,5617,292,1698.93
2025-06-05,CMP_1007,EMEA_FeatureY_Display,Paid Social,linkedin,paid_social,camp_7,3643,68,375.11
2025-06-05,CMP_1008,EMEA_Brand_Search,Display,gdn,display,camp_8,5381,38,84.93
2025-06-05,CMP_1009,US_FeatureX_Search,Paid Social,linkedin,paid_social,camp_9,3497,88,410.28
2025-06-05,CMP_1010,LATAM_Competitor_LinkedIn,Paid Social,linkedin,paid_social,camp_10,3925,79,382.93
2025-06-05,CMP_1011,LATAM_Brand_LinkedIn,Paid Social,linkedin,paid_social,camp_11,4104,117,749.3
2025-06-05,CMP_1012,LATAM_FeatureX_Display,Display,gdn,display,camp_12,5202,52,74.5
2025-06-05,CMP_1013,APAC_Brand_LinkedIn,Display,gdn,display,camp_13,4963,28,44.62
2025-06-05,CMP_1014,LATAM_Competitor_Display,Display,gdn,display,camp_14,5638,26,55.77
2025-06-05,CMP_1015,LATAM_Competitor_Display,Paid Social,linkedin,paid_social,camp_15,3182,85,563.58
2025-06-05,CMP_1016,APAC_Competitor_Search,Display,gdn,display,camp_16,4526,39,39.71
2025-06-05,CMP_1017,US_Brand_LinkedIn,Display,gdn,display,camp_17,4944,38,82.63
2025-06-05,CMP_1018,APAC_FeatureX_LinkedIn,Paid Social,linkedin,paid_social,camp_18,3729,102,543.68
2025-06-05,CMP_1019,LATAM_Brand_Display,Paid Social,linkedin,paid_social,camp_19,2815,80,575.9
2025-06-06,CMP_1001,EMEA_FeatureY_Search,Paid Social,linkedin,paid_social,camp_1,3076,63,275.15
2025-06-06,CMP_1002,APAC_Brand_Search,Paid Social,linkedin,paid_social,camp_2,3562,76,379.51
2025-06-06,CMP_1003,APAC_FeatureY_Search,Paid Search,google,paid_search,camp_3,6895,166,942.36
2025-06-06,CMP_1004,US_FeatureY_Display,Paid Social,linkedin,paid_social,camp_4,4673,137,693.86
2025-06-06,CMP_1005,US_FeatureX_Search,Paid Social,linkedin,paid_social,camp_5,3496,68,531.52
2025-06-06,CMP_1006,EMEA_Competitor_LinkedIn,Paid Search,google,paid_search,camp_6,6767,242,1240.36
2025-06-06,CMP_1007,EMEA_FeatureY_Display,Paid Social,linkedin,paid_social,camp_7,4148,93,307.79
2025-06-06,CMP_1008,EMEA_Brand_Search,Display,gdn,display,camp_8,6131,52,105.58
2025-06-06,CMP_1009,US_FeatureX_Search,Paid Social,linkedin,paid_social,camp_9,3968,117,579.75
2025-06-06,CMP_1010,LATAM_Competitor_LinkedIn,Paid Social,linkedin,paid_social,camp_10,2989,38,283.45
2025-06-06,CMP_1011,LATAM_Brand_LinkedIn,Paid Social,linkedin,paid_social,camp_11,4234,105,444.29
2025-06-06,CMP_1012,LATAM_FeatureX_Display,Display,gdn,display,camp_12,3851,20,44.15
2025-06-06,CMP_1013,APAC_Brand_LinkedIn,Display,gdn,display,camp_13,4140,44,44.45
2025-06-06,CMP_1014,LATAM_Competitor_Display,Display,gdn,display,camp_14,5001,40,60.51
2025-06-06,CMP_1015,LATAM_Competitor_Display,Paid Social,linkedin,paid_social,camp_15,3395,66,322.82
2025-06-06,CMP_1016,APAC_Competitor_Search,Display,gdn,display,camp_16,4612,49,119.61
2025-06-06,CMP_1017,US_Brand_LinkedIn,Display,gdn,display,camp_17,4582,40,71.82
2025-06-06,CMP_1018,APAC_FeatureX_LinkedIn,Paid Social,linkedin,paid_social,camp_18,3964,81,532.99
2025-06-06,CMP_1019,LATAM_Brand_Display,Paid Social,linkedin,paid_social,camp_19,3966,108,749.77
2025-06-07,CMP_1001,EMEA_FeatureY_Search,Paid Social,linkedin,paid_social,camp_1,2601,70,458.9
2025-06-07,CMP_1002,APAC_Brand_Search,Paid Social,linkedin,paid_social,camp_2,695,18,89.9
2025-06-07,CMP_1003,APAC_FeatureY_Search,Paid Search,google,paid_search,camp_3,1590,81,396.48
2025-06-07,CMP_1004,US_FeatureY_Display,Paid Social,linkedin,paid_social,camp_4,1193,23,120.98
2025-06-07,CMP_1005,US_FeatureX_Search,Paid Social,linkedin,paid_social,camp_5,2013,40,268.73
2025-06-07,CMP_1006,EMEA_Competitor_LinkedIn,Paid Search,google,paid_search,camp_6,1725,77,224.56
2025-06-07,CMP_1007,EMEA_FeatureY_Display,Paid Social,linkedin,paid_social,camp_7,2351,59,327.0
2025-06-07,CMP_1008,EMEA_Brand_Search,Display,gdn,display,camp_8,3358,27,36.82
2025-06-07,CMP_1009,US_FeatureX_Search,Paid Social,linkedin,paid_social,camp_9,1618,28,165.56
2025-06-07,CMP_1010,LATAM_Competitor_LinkedIn,Paid Social,linkedin,paid_social,camp_10,2381,36,242.83
2025-06-07,CMP_1011,LATAM_Brand_LinkedIn,Paid Social,linkedin,paid_social,camp_11,710,12,48.83
2025-06-07,CMP_1012,LATAM_FeatureX_Display,Display,gdn,display,camp_12,3731,25,46.97
2025-06-07,CMP_1013,APAC_Brand_LinkedIn,Display,gdn,display,camp_13,1758,13,15.09
2025-06-07,CMP_1014,LATAM_Competitor_Display,Display,gdn,display,camp_14,3229,29,29.22
2025-06-07,CMP_1015,LATAM_Competitor_Display,Paid Social,linkedin,paid_social,camp_15,1088,29,118.52
2025-06-07,CMP_1016,APAC_Competitor_Search,Display,gdn,display,camp_16,2643,26,26.29
2025-06-07,CMP_1017,US_Brand_LinkedIn,Display,gdn,display,camp_17,2497,10,15.59
2025-06-07,CMP_1018,APAC_FeatureX_LinkedIn,Paid Social,linkedin,paid_social,camp_18,2203,58,413.11
2025-06-07,CMP_1019,LATAM_Brand_Display,Paid Social,linkedin,paid_social,camp_19,2359,58,417.44
2025-06-08,CMP_1001,EMEA_FeatureY_Search,Paid Social,linkedin,paid_social,camp_1,1714,40,301.37
2025-06-08,CMP_1002,APAC_Brand_Search,Paid Social,linkedin,paid_social,camp_2,1670,23,181.1
2025-06-08,CMP_1003,APAC_FeatureY_Search,Paid Search,google,paid_search,camp_3,2703,148,874.92
2025-06-08,CMP_1004,US_FeatureY_Display,Paid Social,linkedin,paid_social,camp_4,1375,15,52.54
2025-06-08,CMP_1005,US_FeatureX_Search,Paid Social,linkedin,paid_social,camp_5,1561,41,296.07
2025-06-08,CMP_1006,EMEA_Competitor_LinkedIn,Paid Search,google,paid_search,camp_6,3061,91,410.02
2025-06-08,CMP_1007,EMEA_FeatureY_Display,Paid Social,linkedin,paid_social,camp_7,2080,53,168.89
2025-06-08,CMP_1008,EMEA_Brand_Search,Display,gdn,display,camp_8,2027,18,36.34
2025-06-08,CMP_1009,US_FeatureX_Search,Paid Social,linkedin,paid_social,camp_9,2022,36,108.99
2025-06-08,CMP_1010,LATAM_Competitor_LinkedIn,Paid Social,linkedin,paid_social,camp_10,763,19,141.76
2025-06-08,CMP_1011,LATAM_Brand_LinkedIn,Paid Social,linkedin,paid_social,camp_11,2360,32,155.91
2025-06-08,CMP_1012,LATAM_FeatureX_Display,Display,gdn,display,camp_12,2523,21,30.57
2025-06-08,CMP_1013,APAC_Brand_LinkedIn,Display,gdn,display,camp_13,2161,18,36.53
2025-06-08,CMP_1014,LATAM_Competitor_Display,Display,gdn,display,camp_14,2359,23,35.69
2025-06-08,CMP_1015,LATAM_Competitor_Display,Paid Social,linkedin,paid_social,camp_15,1820,49,192.74
2025-06-08,CMP_1016,APAC_Competitor_Search,Display,gdn,display,camp_16,3185,33,60.03
2025-06-08,CMP_1017,US_Brand_LinkedIn,Display,gdn,display,camp_17,2824,31,64.09
2025-06-08,CMP_1018,APAC_FeatureX_LinkedIn,Paid Social,linkedin,paid_social,camp_18,707,19,116.04
2025-06-08,CMP_1019,LATAM_Brand_Display,Paid Social,linkedin,paid_social,camp_19,1453,40,218.21
2025-06-09,CMP_1001,EMEA_FeatureY_Search,Paid Social,linkedin,paid_social,camp_1,2666,66,259.6
2025-06-09,CMP_1002,APAC_Brand_Search,Paid Social,linkedin,paid_social,camp_2,3194,40,205.49
2025-06-09,CMP_1003,APAC_FeatureY_Search,Paid Search,google,paid_search,camp_3,8966,496,2496.53
2025-06-09,CMP_1004,US_FeatureY_Display,Paid Social,linkedin,paid_social,camp_4,3844,81,329.9
2025-06-09,CMP_1005,US_FeatureX_Search,Paid Social,linkedin,paid_social,camp_5,3127,80,572.77
2025-06-09,CMP_1006,EMEA_Competitor_LinkedIn,Paid Search,google,paid_search,camp_6,6015,176,636.14
2025-06-09,CMP_1007,EMEA_FeatureY_Display,Paid Social,linkedin,paid_social,camp_7,3750,61,306.95
2025-06-09,CMP_1008,EMEA_Brand_Search,Display,gdn,display,camp_8,4086,26,54.08
2025-06-09,CMP_1009,US_FeatureX_Search,Paid Social,linkedin,paid_social,camp_9,4092,73,579.32
2025-06-09,CMP_1010,LATAM_Competitor_LinkedIn,Paid Social,linkedin,paid_social,camp_10,3927,81,500.41
2025-06-09,CMP_1011,LATAM_Brand_LinkedIn,Paid Social,linkedin,paid_social,camp_11,3155,80,357.21
2025-06-09,CMP_1012,LATAM_FeatureX_Display,Display,gdn,display,camp_12,3312,19,21.29
2025-06-09,CMP_1013,APAC_Brand_LinkedIn,Display,gdn,display,camp_13,5138,56,50.75
2025-06-09,CMP_1014,LATAM_Competitor_Display,Display,gdn,display,camp_14,4491,29,67.5
2025-06-09,CMP_1015,LATAM_Competitor_Display,Paid Social,linkedin,paid_social,camp_15,2927,41,233.04
2025-06-09,CMP_1016,APAC_Competitor_Search,Display,gdn,display,camp_16,3692,15,14.75
2025-06-09,CMP_1017,US_Brand_LinkedIn,Display,gdn,display,camp_17,4482,27,48.85
2025-06-09,CMP_1018,APAC_FeatureX_LinkedIn,Paid Social,linkedin,paid_social,camp_18,3430,72,288.17
2025-06-09,CMP_1019,LATAM_Brand_Display,Paid Social,linkedin,paid_social,camp_19,3370,44,328.66
2025-06-10,CMP_1001,EMEA_FeatureY_Search,Paid Social,linkedin,paid_social,camp_1,3258,36,247.64
2025-06-10,CMP_1002,APAC_Brand_Search,Paid Social,linkedin,paid_social,camp_2,3812,82,411.49
2025-06-10,CMP_1003,APAC_FeatureY_Search,Paid Search,google,paid_search,camp_3,8387,352,1462.87
2025-06-10,CMP_1004,US_FeatureY_Display,Paid Social,linkedin,paid_social,camp_4,3615,37,223.89
2025-06-10,CMP_1005,US_FeatureX_Search,Paid Social,linkedin,paid_social,camp_5,2629,71,319.91
2025-06-10,CMP_1006,EMEA_Competitor_LinkedIn,Paid Search,google,paid_search,camp_6,5946,191,596.26
2025-06-10,CMP_1007,EMEA_FeatureY_Display,Paid Social,linkedin,paid_social,camp_7,3544,54,286.32
2025-06-10,CMP_1008,EMEA_Brand_Search,Display,gdn,display,camp_8,6587,39,68.69
2025-06-10,CMP_1009,US_FeatureX_Search,Paid Social,linkedin,paid_social,camp_9,2990,37,286.12
2025-06-10,CMP_1010,LATAM_Competitor_LinkedIn,Paid Social,linkedin,paid_social,camp_10,3653,84,463.0
2025-06-10,CMP_1011,LATAM_Brand_LinkedIn,Paid Social,linkedin,paid_social,camp_11,3393,36,122.67
2025-06-10,CMP_1012,LATAM_FeatureX_Display,Display,gdn,display,camp_12,4028,35,35.67
2025-06-10,CMP_1013,APAC_Brand_LinkedIn,Display,gdn,display,camp_13,4349,43,95.72
2025-06-10,CMP_1014,LATAM_Competitor_Display,Display,gdn,display,camp_14,3757,23,38.73
2025-06-10,CMP_1015,LATAM_Competitor_Display,Paid Social,linkedin,paid_social,camp_15,4003,78,239.81
2025-06-10,CMP_1016,APAC_Competitor_Search,Display,gdn,display,camp_16,5394,53,104.81
2025-06-10,CMP_1017,US_Brand_LinkedIn,Display,gdn,display,camp_17,3560,17,35.42
2025-06-10,CMP_1018,APAC_FeatureX_LinkedIn,Paid Social,linkedin,paid_social,camp_18,3635,85,372.56
2025-06-10,CMP_1019,LATAM_Brand_Display,Paid Social,linkedin,paid_social,camp_19,2896,38,120.41
2025-06-11,CMP_1001,EMEA_FeatureY_Search,Paid Social,linkedin,paid_social,camp_1,4164,74,247.07
2025-06-11,CMP_1002,APAC_Brand_Search,Paid Social,linkedin,paid_social,camp_2,4210,118,779.7
2025-06-11,CMP_1003,APAC_FeatureY_Search,Paid Search,google,paid_search,camp_3,5161,168,784.89
2025-06-11,CMP_1004,US_FeatureY_Display,Paid Social,linkedin,paid_social,camp_4,4176,93,419.43
2025-06-11,CMP_1005,US_FeatureX_Search,Paid Social,linkedin,paid_social,camp_5,4421,79,520.62
2025-06-11,CMP_1006,EMEA_Competitor_LinkedIn,Paid Search,google,paid_search,camp_6,6345,182,412.64
2025-06-11,CMP_1007,EMEA_FeatureY_Display,Paid Social,linkedin,paid_social,camp_7,3910,54,305.72
2025-06-11,CMP_1008,EMEA_Brand_Search,Display,gdn,display,camp_8,5802,50,98.89
2025-06-11,CMP_1009,US_FeatureX_Search,Paid Social,linkedin,paid_social,camp_9,3546,104,483.09
2025-06-11,CMP_1010,LATAM_Competitor_LinkedIn,Paid Social,linkedin,paid_social,camp_10,2776,66,319.83
2025-06-11,CMP_1011,LATAM_Brand_LinkedIn,Paid Social,linkedin,paid_social,camp_11,4113,101,660.18
2025-06-11,CMP_1012,LATAM_FeatureX_Display,Display,gdn,display,camp_12,5717,43,55.88
2025-06-11,CMP_1013,APAC_Brand_LinkedIn,Display,gdn,display,camp_13,4104,18,19.9
2025-06-11,CMP_1014,LATAM_Competitor_Display,Display,gdn,display,camp_14,4837,43,62.06
2025-06-11,CMP_1015,LATAM_Competitor_Display,Paid Social,linkedin,paid_social,camp_15,4028,72,263.54
2025-06-11,CMP_1016,APAC_Competitor_Search,Display,gdn,display,camp_16,5483,34,38.84
2025-06-11,CMP_1017,US_Brand_LinkedIn,Display,gdn,display,camp_17,4474,45,42.43
2025-06-11,CMP_1018,APAC_FeatureX_LinkedIn,Paid Social,linkedin,paid_social,camp_18,2420,25,112.64
2025-06-11,CMP_1019,LATAM_Brand_Display,Paid Social,linkedin,paid_social,camp_19,3108,74,514.27
2025-06-12,CMP_1001,EMEA_FeatureY_Search,Paid Social,linkedin,paid_social,camp_1,3513,67,453.41
2025-06-12,CMP_1002,APAC_Brand_Search,Paid Social,linkedin,paid_social,camp_2,3788,44,212.93
2025-06-12,CMP_1003,APAC_FeatureY_Search,Paid Search,google,paid_search,camp_3,5706,326,1065.76
2025-06-12,CMP_1004,US_FeatureY_Display,Paid Social,linkedin,paid_social,camp_4,3978,40,216.83
2025-06-12,CMP_1005,US_FeatureX_Search,Paid Social,linkedin,paid_social,camp_5,3298,35,197.37
2025-06-12,CMP_1006,EMEA_Competitor_LinkedIn,Paid Search,google,paid_search,camp_6,7985,225,1017.94
2025-06-12,CMP_1007,EMEA_FeatureY_Display,Paid Social,linkedin,paid_social,camp_7,2745,38,230.28
2025-06-12,CMP_1008,EMEA_Brand_Search,Display,gdn,display,camp_8,3184,22,23.7
2025-06-12,CMP_1009,US_FeatureX_Search,Paid Social,linkedin,paid_social,camp_9,3203,35,136.7
2025-06-12,CMP_1010,LATAM_Competitor_LinkedIn,Paid Social,linkedin,paid_social,camp_10,5189,122,366.63
2025-06-12,CMP_1011,LATAM_Brand_LinkedIn,Paid Social,linkedin,paid_social,camp_11,4281,93,404.9
2025-06-12,CMP_1012,LATAM_FeatureX_Display,Display,gdn,display,camp_12,4999,51,43.73
2025-06-12,CMP_1013,APAC_Brand_LinkedIn,Display,gdn,display,camp_13,4043,34,46.83
2025-06-12,CMP_1014,LATAM_Competitor_Display,Display,gdn,display,camp_14,4947,27,33.71
2025-06-12,CMP_1015,LATAM_Competitor_Display,Paid Social,linkedin,paid_social,camp_15,4152,69,385.23
2025-06-12,CMP_1016,APAC_Competitor_Search,Display,gdn,display,camp_16,3463,28,44.03
2025-06-12,CMP_1017,US_Brand_LinkedIn,Display,gdn,display,camp_17,4496,42,92.79
2025-06-12,CMP_1018,APAC_FeatureX_LinkedIn,Paid Social,linkedin,paid_social,camp_18,3829,79,615.73
2025-06-12,CMP_1019,LATAM_Brand_Display,Paid Social,linkedin,paid_social,camp_19,3634,70,523.75
2025-06-13,CMP_1001,EMEA_FeatureY_Search,Paid Social,linkedin,paid_social,camp_1,2289,35,158.53
2025-06-13,CMP_1002,APAC_Brand_Search,Paid Social,linkedin,paid_social,camp_2,3833,102,482.53
2025-06-13,CMP_1003,APAC_FeatureY_Search,Paid Search,google,paid_search,camp_3,7104,144,823.34
2025-06-13,CMP_1004,US_FeatureY_Display,Paid Social,linkedin,paid_social,camp_4,3992,52,195.54
2025-06-13,CMP_1005,US_FeatureX_Search,Paid Social,linkedin,paid_social,camp_5,4207,112,415.67
2025-06-13,CMP_1006,EMEA_Competitor_LinkedIn,Paid Search,google,paid_search,camp_6,6545,288,1261.54
2025-06-13,CMP_1007,EMEA_FeatureY_Display,Paid Social,linkedin,paid_social,camp_7,3581,69,450.84
2025-06-13,CMP_1008,EMEA_Brand_Search,Display,gdn,display,camp_8,6171,60,112.43
2025-06-13,CMP_1009,US_FeatureX_Search,Paid Social,linkedin,paid_social,camp_9,3439,68,489.71
2025-06-13,CMP_1010,LATAM_Competitor_LinkedIn,Paid Social,linkedin,paid_social,camp_10,4208,71,470.47
2025-06-13,CMP_1011,LATAM_Brand_LinkedIn,Paid Social,linkedin,paid_social,camp_11,3268,83,310.86
2025-06-13,CMP_1012,LATAM_FeatureX_Display,Display,gdn,display,camp_12,4974,42,92.72
2025-06-13,CMP_1013,APAC_Brand_LinkedIn,Display,gdn,display,camp_13,5769,53,98.58
2025-06-13,CMP_1014,LATAM_Competitor_Display,Display,gdn,display,camp_14,4301,36,56.54
2025-06-13,CMP_1015,LATAM_Competitor_Display,Paid Social,linkedin,paid_social,camp_15,3772,68,238.15
2025-06-13,CMP_1016,APAC_Competitor_Search,Display,gdn,display,camp_16,6068,53,66.69
2025-06-13,CMP_1017,US_Brand_LinkedIn,Display,gdn,display,camp_17,4383,24,35.94
2025-06-13,CMP_1018,APAC_FeatureX_LinkedIn,Paid Social,linkedin,paid_social,camp_18,3485,44,284.01
2025-06-13,CMP_1019,LATAM_Brand_Display,Paid Social,linkedin,paid_social,camp_19,3630,108,844.89
2025-06-14,CMP_1001,EMEA_FeatureY_Search,Paid Social,linkedin,paid_social,camp_1,2521,45,174.14
2025-06-14,CMP_1002,APAC_Brand_Search,Paid Social,linkedin,paid_social,camp_2,2346,64,390.14
2025-06-14,CMP_1003,APAC_FeatureY_Search,Paid Search,google,paid_search,camp_3,2587,93,513.85
2025-06-14,CMP_1004,US_FeatureY_Display,Paid Social,linkedin,paid_social,camp_4,2105,58,381.12
2025-06-14,CMP_1005,US_FeatureX_Search,Paid Social,linkedin,paid_social,camp_5,2327,60,424.39
2025-06-14,CMP_1006,EMEA_Competitor_LinkedIn,Paid Search,google,paid_search,camp_6,1348,49,219.64
2025-06-14,CMP_1007,EMEA_FeatureY_Display,Paid Social,linkedin,paid_social,camp_7,1382,37,271.51
2025-06-14,CMP_1008,EMEA_Brand_Search,Display,gdn,display,camp_8,2492,16,37.22
2025-06-14,CMP_1009,US_FeatureX_Search,Paid Social,linkedin,paid_social,camp_9,1809,33,202.74
2025-06-14,CMP_1010,LATAM_Competitor_LinkedIn,Paid Social,linkedin,paid_social,camp_10,1719,42,248.67
2025-06-14,CMP_1011,LATAM_Brand_LinkedIn,Paid Social,linkedin,paid_social,camp_11,1946,33,114.69
2025-06-14,CMP_1012,LATAM_FeatureX_Display,Display,gdn,display,camp_12,2097,23,39.04
2025-06-14,CMP_1013,APAC_Brand_LinkedIn,Display,gdn,display,camp_13,4515,42,85.02
2025-06-14,CMP_1014,LATAM_Competitor_Display,Display,gdn,display,camp_14,3093,36,76.31
2025-06-14,CMP_1015,LATAM_Competitor_Display,Paid Social,linkedin,paid_social,camp_15,1209,35,262.44
2025-06-14,CMP_1016,APAC_Competitor_Search,Display,gdn,display,camp_16,3323,24,48.21
2025-06-14,CMP_1017,US_Brand_LinkedIn,Display,gdn,display,camp_17,2375,22,47.08
2025-06-14,CMP_1018,APAC_FeatureX_LinkedIn,Paid Social,linkedin,paid_social,camp_18,1233,17,134.21
2025-06-14,CMP_1019,LATAM_Brand_Display,Paid Social,linkedin,paid_social,camp_19,1630,20,138.4
2025-06-15,CMP_1001,EMEA_FeatureY_Search,Paid Social,linkedin,paid_social,camp_1,1585,45,252.97
2025-06-15,CMP_1002,APAC_Brand_Search,Paid Social,linkedin,paid_social,camp_2,1949,56,234.45
2025-06-15,CMP_1003,APAC_FeatureY_Search,Paid Search,google,paid_search,camp_3,3349,138,295.84
2025-06-15,CMP_1004,US_FeatureY_Display,Paid Social,linkedin,paid_social,camp_4,2065,30,111.12
2025-06-15,CMP_1005,US_FeatureX_Search,Paid Social,linkedin,paid_social,camp_5,2182,45,269.88
2025-06-15,CMP_1006,EMEA_Competitor_LinkedIn,Paid Search,google,paid_search,camp_6,6290,297,1014.66
2025-06-15,CMP_1007,EMEA_FeatureY_Display,Paid Social,linkedin,paid_social,camp_7,2477,43,165.82
2025-06-15,CMP_1008,EMEA_Brand_Search,Display,gdn,display,camp_8,2435,18,15.7
2025-06-15,CMP_1009,US_FeatureX_Search,Paid Social,linkedin,paid_social,camp_9,2851,70,319.73
2025-06-15,CMP_1010,LATAM_Competitor_LinkedIn,Paid Social,linkedin,paid_social,camp_10,1182,34,249.43
2025-06-15,CMP_1011,LATAM_Brand_LinkedIn,Paid Social,linkedin,paid_social,camp_11,753,10,71.61
2025-06-15,CMP_1012,LATAM_FeatureX_Display,Display,gdn,display,camp_12,2876,15,28.85
2025-06-15,CMP_1013,APAC_Brand_LinkedIn,Display,gdn,display,camp_13,3337,34,65.96
2025-06-15,CMP_1014,LATAM_Competitor_Display,Display,gdn,display,camp_14,1038,4,6.92
2025-06-15,CMP_1015,LATAM_Competitor_Display,Paid Social,linkedin,paid_social,camp_15,1600,40,120.56
2025-06-15,CMP_1016,APAC_Competitor_Search,Display,gdn,display,camp_16,2554,18,22.97
2025-06-15,CMP_1017,US_Brand_LinkedIn,Display,gdn,display,camp_17,3113,20,38.08
2025-06-15,CMP_1018,APAC_FeatureX_LinkedIn,Paid Social,linkedin,paid_social,camp_18,1834,41,213.66
2025-06-15,CMP_1019,LATAM_Brand_Display,Paid Social,linkedin,paid_social,camp_19,1999,29,108.54
2025-06-16,CMP_1001,EMEA_FeatureY_Search,Paid Social,linkedin,paid_social,camp_1,3805,80,402.6
2025-06-16,CMP_1002,APAC_Brand_Search,Paid Social,linkedin,paid_social,camp_2,2958,59,326.09
2025-06-16,CMP_1003,APAC_FeatureY_Search,Paid Search,google,paid_search,camp_3,6136,176,445.0
2025-06-16,CMP_1004,US_FeatureY_Display,Paid Social,linkedin,paid_social,camp_4,4211,97,743.08
2025-06-16,CMP_1005,US_FeatureX_Search,Paid Social,linkedin,paid_social,camp_5,2709,30,94.78
2025-06-16,CMP_1006,EMEA_Competitor_LinkedIn,Paid Search,google,paid_search,camp_6,4833,249,1161.97
2025-06-16,CMP_1007,EMEA_FeatureY_Display,Paid Social,linkedin,paid_social,camp_7,4086,101,391.99
2025-06-16,CMP_1008,EMEA_Brand_Search,Display,gdn,display,camp_8,6072,55,69.43
2025-06-16,CMP_1009,US_FeatureX_Search,Paid Social,linkedin,paid_social,camp_9,3903,61,406.51
2025-06-16,CMP_1010,LATAM_Competitor_LinkedIn,Paid Social,linkedin,paid_social,camp_10,4237,124,611.63
2025-06-16,CMP_1011,LATAM_Brand_LinkedIn,Paid Social,linkedin,paid_social,camp_11,3793,75,568.26
2025-06-16,CMP_1012,LATAM_FeatureX_Display,Display,gdn,display,camp_12,4060,35,86.36
2025-06-16,CMP_1013,APAC_Brand_LinkedIn,Display,gdn,display,camp_13,4845,35,63.48
2025-06-16,CMP_1014,LATAM_Competitor_Display,Display,gdn,display,camp_14,6008,29,40.03
2025-06-16,CMP_1015,LATAM_Competitor_Display,Paid Social,linkedin,paid_social,camp_15,4109,75,546.24
2025-06-16,CMP_1016,APAC_Competitor_Search,Display,gdn,display,camp_16,4230,40,36.82
2025-06-16,CMP_1017,US_Brand_LinkedIn,Display,gdn,display,camp_17,6077,37,83.95
2025-06-16,CMP_1018,APAC_FeatureX_LinkedIn,Paid Social,linkedin,paid_social,camp_18,4264,127,864.47
2025-06-16,CMP_1019,LATAM_Brand_Display,Paid Social,linkedin,paid_social,camp_19,4351,73,359.79
2025-06-17,CMP_1001,EMEA_FeatureY_Search,Paid Social,linkedin,paid_social,camp_1,3298,58,203.67
2025-06-17,CMP_1002,APAC_Brand_Search,Paid Social,linkedin,paid_social,camp_2,4338,70,296.89
2025-06-17,CMP_1003,APAC_FeatureY_Search,Paid Search,google,paid_search,camp_3,6095,197,1077.03
2025-06-17,CMP_1004,US_FeatureY_Display,Paid Social,linkedin,paid_social,camp_4,4785,139,683.85
2025-06-17,CMP_1005,US_FeatureX_Search,Paid Social,linkedin,paid_social,camp_5,3304,60,277.02
2025-06-17,CMP_1006,EMEA_Competitor_LinkedIn,Paid Search,google,paid_search,camp_6,6788,187,530.5
2025-06-17,CMP_1007,EMEA_FeatureY_Display,Paid Social,linkedin,paid_social,camp_7,2634,57,448.98
2025-06-17,CMP_1008,EMEA_Brand_Search,Display,gdn,display,camp_8,3609,37,80.78
2025-06-17,CMP_1009,US_FeatureX_Search,Paid Social,linkedin,paid_social,camp_9,2542,75,558.35
2025-06-17,CMP_1010,LATAM_Competitor_LinkedIn,Paid Social,linkedin,paid_social,camp_10,2834,43,165.6
2025-06-17,CMP_1011,LATAM_Brand_LinkedIn,Paid Social,linkedin,paid_social,camp_11,3229,38,249.19
2025-06-17,CMP_1012,LATAM_FeatureX_Display,Display,gdn,display,camp_12,5970,48,53.16
2025-06-17,CMP_1013,APAC_Brand_LinkedIn,Display,gdn,display,camp_13,4398,45,45.97
2025-06-17,CMP_1014,LATAM_Competitor_Display,Display,gdn,display,camp_14,4155,24,25.32
2025-06-17,CMP_1015,LATAM_Competitor_Display,Paid Social,linkedin,paid_social,camp_15,4002,59,211.27
2025-06-17,CMP_1016,APAC_Competitor_Search,Display,gdn,display,camp_16,4078,33,45.27
2025-06-17,CMP_1017,US_Brand_LinkedIn,Display,gdn,display,camp_17,5686,36,75.38
2025-06-17,CMP_1018,APAC_FeatureX_LinkedIn,Paid Social,linkedin,paid_social,camp_18,3339,83,439.74
2025-06-17,CMP_1019,LATAM_Brand_Display,Paid Social,linkedin,paid_social,camp_19,3833,102,393.04
2025-06-18,CMP_1001,EMEA_FeatureY_Search,Paid Social,linkedin,paid_social,camp_1,3929,50,178.42
2025-06-18,CMP_1002,APAC_Brand_Search,Paid Social,linkedin,paid_social,camp_2,3869,62,400.19
2025-06-18,CMP_1003,APAC_FeatureY_Search,Paid Search,google,paid_search,camp_3,5165,183,1001.57
2025-06-18,CMP_1004,US_FeatureY_Display,Paid Social,linkedin,paid_social,camp_4,4411,119,380.27
2025-06-18,CMP_1005,US_FeatureX_Search,Paid Social,linkedin,paid_social,camp_5,4407,106,402.69
2025-06-18,CMP_1006,EMEA_Competitor_LinkedIn,Paid Search,google,paid_search,camp_6,5809,136,426.24
2025-06-18,CMP_1007,EMEA_FeatureY_Display,Paid Social,linkedin,paid_social,camp_7,3197,75,284.3
2025-06-18,CMP_1008,EMEA_Brand_Search,Display,gdn,display,camp_8,3921,35,32.32
2025-06-18,CMP_1009,US_FeatureX_Search,Paid Social,linkedin,paid_social,camp_9,3190,32,243.85
2025-06-18,CMP_1010,LATAM_Competitor_LinkedIn,Paid Social,linkedin,paid_social,camp_10,4112,60,269.33
2025-06-18,CMP_1011,LATAM_Brand_LinkedIn,Paid Social,linkedin,paid_social,camp_11,3618,108,567.15
2025-06-18,CMP_1012,LATAM_FeatureX_Display,Display,gdn,display,camp_12,4938,45,78.23
2025-06-18,CMP_1013,APAC_Brand_LinkedIn,Display,gdn,display,camp_13,3885,31,28.48
2025-06-18,CMP_1014,LATAM_Competitor_Display,Display,gdn,display,camp_14,4301,30,38.15
2025-06-18,CMP_1015,LATAM_Competitor_Display,Paid Social,linkedin,paid_social,camp_15,4033,62,360.08
2025-06-18,CMP_1016,APAC_Competitor_Search,Display,gdn,display,camp_16,4400,24,35.18
2025-06-18,CMP_1017,US_Brand_LinkedIn,Display,gdn,display,camp_17,5425,43,37.41
2025-06-18,CMP_1018,APAC_FeatureX_LinkedIn,Paid Social,linkedin,paid_social,camp_18,4256,51,373.49
2025-06-18,CMP_1019,LATAM_Brand_Display,Paid Social,linkedin,paid_social,camp_19,4324,65,246.29
2025-06-19,CMP_1001,EMEA_FeatureY_Search,Paid Social,linkedin,paid_social,camp_1,3544,45,263.91
2025-06-19,CMP_1002,APAC_Brand_Search,Paid Social,linkedin,paid_social,camp_2,2926,75,521.05
2025-06-19,CMP_1003,APAC_FeatureY_Search,Paid Search,google,paid_search,camp_3,5877,273,1181.23
2025-06-19,CMP_1004,US_FeatureY_Display,Paid Social,linkedin,paid_social,camp_4,4049,54,363.85
2025-06-19,CMP_1005,US_FeatureX_Search,Paid Social,linkedin,paid_social,camp_5,3937,105,522.25
2025-06-19,CMP_1006,EMEA_Competitor_LinkedIn,Paid Search,google,paid_search,camp_6,4881,207,794.66
2025-06-19,CMP_1007,EMEA_FeatureY_Display,Paid Social,linkedin,paid_social,camp_7,3723,109,788.69
2025-06-19,CMP_1008,EMEA_Brand_Search,Display,gdn,display,camp_8,4581,47,87.87
2025-06-19,CMP_1009,US_FeatureX_Search,Paid Social,linkedin,paid_social,camp_9,2632,38,218.51
2025-06-19,CMP_1010,LATAM_Competitor_LinkedIn,Paid Social,linkedin,paid_social,camp_10,3621,77,396.73
2025-06-19,CMP_1011,LATAM_Brand_LinkedIn,Paid Social,linkedin,paid_social,camp_11,3561,97,737.23
2025-06-19,CMP_1012,LATAM_FeatureX_Display,Display,gdn,display,camp_12,5436,28,68.03
2025-06-19,CMP_1013,APAC_Brand_LinkedIn,Display,gdn,display,camp_13,3359,31,64.15
2025-06-19,CMP_1014,LATAM_Competitor_Display,Display,gdn,display,camp_14,5026,29,46.88
2025-06-19,CMP_1015,LATAM_Competitor_Display,Paid Social,linkedin,paid_social,camp_15,3568,76,604.87
2025-06-19,CMP_1016,APAC_Competitor_Search,Display,gdn,display,camp_16,5611,46,61.01
2025-06-19,CMP_1017,US_Brand_LinkedIn,Display,gdn,display,camp_17,3525,29,46.63
2025-06-19,CMP_1018,APAC_FeatureX_LinkedIn,Paid Social,linkedin,paid_social,camp_18,3318,91,608.59
2025-06-19,CMP_1019,LATAM_Brand_Display,Paid Social,linkedin,paid_social,camp_19,3280,58,405.0
2025-06-20,CMP_1001,EMEA_FeatureY_Search,Paid Social,linkedin,paid_social,camp_1,3533,57,228.49
2025-06-20,CMP_1002,APAC_Brand_Search,Paid Social,linkedin,paid_social,camp_2,3288,81,339.13
2025-06-20,CMP_1003,APAC_FeatureY_Search,Paid Search,google,paid_search,camp_3,6022,158,406.81
2025-06-20,CMP_1004,US_FeatureY_Display,Paid Social,linkedin,paid_social,camp_4,4534,91,339.88
2025-06-20,CMP_1005,US_FeatureX_Search,Paid Social,linkedin,paid_social,camp_5,3697,62,358.4
2025-06-20,CMP_1006,EMEA_Competitor_LinkedIn,Paid Search,google,paid_search,camp_6,6281,231,791.36
2025-06-20,CMP_1007,EMEA_FeatureY_Display,Paid Social,linkedin,paid_social,camp_7,3025,53,344.19
2025-06-20,CMP_1008,EMEA_Brand_Search,Display,gdn,display,camp_8,4536,21,41.18
2025-06-20,CMP_1009,US_FeatureX_Search,Paid Social,linkedin,paid_social,camp_9,4218,105,784.07
2025-06-20,CMP_1010,LATAM_Competitor_LinkedIn,Paid Social,linkedin,paid_social,camp_10,2824,55,170.99
2025-06-20,CMP_1011,LATAM_Brand_LinkedIn,Paid Social,linkedin,paid_social,camp_11,4254,122,760.5
2025-06-20,CMP_1012,LATAM_FeatureX_Display,Display,gdn,display,camp_12,4251,26,36.21
2025-06-20,CMP_1013,APAC_Brand_LinkedIn,Display,gdn,display,camp_13,5081,35,60.19
2025-06-20,CMP_1014,LATAM_Competitor_Display,Display,gdn,display,camp_14,5492,63,96.37
2025-06-20,CMP_1015,LATAM_Competitor_Display,Paid Social,linkedin,paid_social,camp_15,4518,95,725.52
2025-06-20,CMP_1016,APAC_Competitor_Search,Display,gdn,display,camp_16,5098,25,30.95
2025-06-20,CMP_1017,US_Brand_LinkedIn,Display,gdn,display,camp_17,4412,44,55.81
2025-06-20,CMP_1018,APAC_FeatureX_LinkedIn,Paid Social,linkedin,paid_social,camp_18,3010,82,534.98
2025-06-20,CMP_1019,LATAM_Brand_Display,Paid Social,linkedin,paid_social,camp_19,2927,54,296.37
2025-06-21,CMP_1001,EMEA_FeatureY_Search,Paid Social,linkedin,paid_social,camp_1,1187,14,58.46
2025-06-21,CMP_1002,APAC_Brand_Search,Paid Social,linkedin,paid_social,camp_2,1450,27,192.85
2025-06-21,CMP_1003,APAC_FeatureY_Search,Paid Search,google,paid_search,camp_3,2411,67,200.7
2025-06-21,CMP_1004,US_FeatureY_Display,Paid Social,linkedin,paid_social,camp_4,1133,22,90.97
2025-06-21,CMP_1005,US_FeatureX_Search,Paid Social,linkedin,paid_social,camp_5,1515,41,154.4
2025-06-21,CMP_1006,EMEA_Competitor_LinkedIn,Paid Search,google,paid_search,camp_6,2603,96,200.93
2025-06-21,CMP_1007,EMEA_FeatureY_Display,Paid Social,linkedin,paid_social,camp_7,1737,34,155.04
2025-06-21,CMP_1008,EMEA_Brand_Search,Display,gdn,display,camp_8,3134,23,44.8
2025-06-21,CMP_1009,US_FeatureX_Search,Paid Social,linkedin,paid_social,camp_9,1847,51,343.4
2025-06-21,CMP_1010,LATAM_Competitor_LinkedIn,Paid Social,linkedin,paid_social,camp_10,1666,16,126.87
2025-06-21,CMP_1011,LATAM_Brand_LinkedIn,Paid Social,linkedin,paid_social,camp_11,1227,36,219.92
2025-06-21,CMP_1012,LATAM_FeatureX_Display,Display,gdn,display,camp_12,3603,19,42.61
2025-06-21,CMP_1013,APAC_Brand_LinkedIn,Display,gdn,display,camp_13,2124,18,24.03
2025-06-21,CMP_1014,LATAM_Competitor_Display,Display,gdn,display,camp_14,1230,11,19.66
2025-06-21,CMP_1015,LATAM_Competitor_Display,Paid Social,linkedin,paid_social,camp_15,1733,46,320.4
2025-06-21,CMP_1016,APAC_Competitor_Search,Display,gdn,display,camp_16,2992,13,22.93
2025-06-21,CMP_1017,US_Brand_LinkedIn,Display,gdn,display,camp_17,2029,17,30.44
2025-06-21,CMP_1018,APAC_FeatureX_LinkedIn,Paid Social,linkedin,paid_social,camp_18,2339,56,371.63
2025-06-21,CMP_1019,LATAM_Brand_Display,Paid Social,linkedin,paid_social,camp_19,1108,20,153.93
2025-06-22,CMP_1001,EMEA_FeatureY_Search,Paid Social,linkedin,paid_social,camp_1,1282,30,173.2
2025-06-22,CMP_1002,APAC_Brand_Search,Paid Social,linkedin,paid_social,camp_2,2177,22,85.43
2025-06-22,CMP_1003,APAC_FeatureY_Search,Paid Search,google,paid_search,camp_3,1881,70,270.37
2025-06-22,CMP_1004,US_FeatureY_Display,Paid Social,linkedin,paid_social,camp_4,1928,39,120.02
2025-06-22,CMP_1005,US_FeatureX_Search,Paid Social,linkedin,paid_social,camp_5,1357,33,213.99
2025-06-22,CMP_1006,EMEA_Competitor_LinkedIn,Paid Search,google,paid_search,camp_6,2656,106,418.09
2025-06-22,CMP_1007,EMEA_FeatureY_Display,Paid Social,linkedin,paid_social,camp_7,570,12,67.09
2025-06-22,CMP_1008,EMEA_Brand_Search,Display,gdn,display,camp_8,3357,15,17.67
2025-06-22,CMP_1009,US_FeatureX_Search,Paid Social,linkedin,paid_social,camp_9,1832,43,152.22
2025-06-22,CMP_1010,LATAM_Competitor_LinkedIn,Paid Social,linkedin,paid_social,camp_10,994,18,129.67
2025-06-22,CMP_1011,LATAM_Brand_LinkedIn,Paid Social,linkedin,paid_social,camp_11,1667,19,76.64
2025-06-22,CMP_1012,LATAM_FeatureX_Display,Display,gdn,display,camp_12,2158,25,43.03
2025-06-22,CMP_1013,APAC_Brand_LinkedIn,Display,gdn,display,camp_13,1844,11,17.26
2025-06-22,CMP_1014,LATAM_Competitor_Display,Display,gdn,display,camp_14,2001,15,30.47
2025-06-22,CMP_1015,LATAM_Competitor_Display,Paid Social,linkedin,paid_social,camp_15,1766,48,276.54
2025-06-22,CMP_1016,APAC_Competitor_Search,Display,gdn,display,camp_16,2455,24,37.8
2025-06-22,CMP_1017,US_Brand_LinkedIn,Display,gdn,display,camp_17,2800,28,59.94
2025-06-22,CMP_1018,APAC_FeatureX_LinkedIn,Paid Social,linkedin,paid_social,camp_18,2163,43,233.95
2025-06-22,CMP_1019,LATAM_Brand_Display,Paid Social,linkedin,paid_social,camp_19,2594,61,371.21
2025-06-23,CMP_1001,EMEA_FeatureY_Search,Paid Social,linkedin,paid_social,camp_1,3111,58,346.24
2025-06-23,CMP_1002,APAC_Brand_Search,Paid Social,linkedin,paid_social,camp_2,4249,81,358.57
2025-06-23,CMP_1003,APAC_FeatureY_Search,Paid Search,google,paid_search,camp_3,5501,120,508.14
2025-06-23,CMP_1004,US_FeatureY_Display,Paid Social,linkedin,paid_social,camp_4,3398,72,432.93
2025-06-23,CMP_1005,US_FeatureX_Search,Paid Social,linkedin,paid_social,camp_5,3361,53,224.04
2025-06-23,CMP_1006,EMEA_Competitor_LinkedIn,Paid Search,google,paid_search,camp_6,5676,203,1135.47
2025-06-23,CMP_1007,EMEA_FeatureY_Display,Paid Social,linkedin,paid_social,camp_7,3095,83,563.46
2025-06-23,CMP_1008,EMEA_Brand_Search,Display,gdn,display,camp_8,5984,66,155.3
2025-06-23,CMP_1009,US_FeatureX_Search,Paid Social,linkedin,paid_social,camp_9,4757,59,396.15
2025-06-23,CMP_1010,LATAM_Competitor_LinkedIn,Paid Social,linkedin,paid_social,camp_10,4399,55,375.31
2025-06-23,CMP_1011,LATAM_Brand_LinkedIn,Paid Social,linkedin,paid_social,camp_11,2696,31,98.77
2025-06-23,CMP_1012,LATAM_FeatureX_Display,Display,gdn,display,camp_12,4294,44,52.69
2025-06-23,CMP_1013,APAC_Brand_LinkedIn,Display,gdn,display,camp_13,5848,23,32.98
2025-06-23,CMP_1014,LATAM_Competitor_Display,Display,gdn,display,camp_14,3066,36,30.42
2025-06-23,CMP_1015,LATAM_Competitor_Display,Paid Social,linkedin,paid_social,camp_15,3324,46,219.19
2025-06-23,CMP_1016,APAC_Competitor_Search,Display,gdn,display,camp_16,3943,29,47.42
2025-06-23,CMP_1017,US_Brand_LinkedIn,Display,gdn,display,camp_17,4883,20,20.09
2025-06-23,CMP_1018,APAC_FeatureX_LinkedIn,Paid Social,linkedin,paid_social,camp_18,3315,60,303.59
2025-06-23,CMP_1019,LATAM_Brand_Display,Paid Social,linkedin,paid_social,camp_19,4267,61,338.04
2025-06-24,CMP_1001,EMEA_FeatureY_Search,Paid Social,linkedin,paid_social,camp_1,4072,64,220.07
2025-06-24,CMP_1002,APAC_Brand_Search,Paid Social,linkedin,paid_social,camp_2,4085,104,649.81
2025-06-24,CMP_1003,APAC_FeatureY_Search,Paid Search,google,paid_search,camp_3,6109,143,525.08
2025-06-24,CMP_1004,US_FeatureY_Display,Paid Social,linkedin,paid_social,camp_4,2840,66,365.57
2025-06-24,CMP_1005,US_FeatureX_Search,Paid Social,linkedin,paid_social,camp_5,3585,107,599.22
2025-06-24,CMP_1006,EMEA_Competitor_LinkedIn,Paid Search,google,paid_search,camp_6,5610,129,596.93
2025-06-24,CMP_1007,EMEA_FeatureY_Display,Paid Social,linkedin,paid_social,camp_7,2850,32,153.04
2025-06-24,CMP_1008,EMEA_Brand_Search,Display,gdn,display,camp_8,4173,38,53.88
2025-06-24,CMP_1009,US_FeatureX_Search,Paid Social,linkedin,paid_social,camp_9,3339,54,330.11
2025-06-24,CMP_1010,LATAM_Competitor_LinkedIn,Paid Social,linkedin,paid_social,camp_10,4583,59,419.41
2025-06-24,CMP_1011,LATAM_Brand_LinkedIn,Paid Social,linkedin,paid_social,camp_11,3587,60,472.56
2025-06-24,CMP_1012,LATAM_FeatureX_Display,Display,gdn,display,camp_12,5202,45,78.48
2025-06-24,CMP_1013,APAC_Brand_LinkedIn,Display,gdn,display,camp_13,4911,41,71.64
2025-06-24,CMP_1014,LATAM_Competitor_Display,Display,gdn,display,camp_14,4965,22,21.78
2025-06-24,CMP_1015,LATAM_Competitor_Display,Paid Social,linkedin,paid_social,camp_15,4148,59,300.28
2025-06-24,CMP_1016,APAC_Competitor_Search,Display,gdn,display,camp_16,4780,22,39.94
2025-06-24,CMP_1017,US_Brand_LinkedIn,Display,gdn,display,camp_17,3828,39,58.37
2025-06-24,CMP_1018,APAC_FeatureX_LinkedIn,Paid Social,linkedin,paid_social,camp_18,2851,79,355.43
2025-06-24,CMP_1019,LATAM_Brand_Display,Paid Social,linkedin,paid_social,camp_19,2970,56,405.97
2025-06-25,CMP_1001,EMEA_FeatureY_Search,Paid Social,linkedin,paid_social,camp_1,4283,94,710.58
2025-06-25,CMP_1002,APAC_Brand_Search,Paid Social,linkedin,paid_social,camp_2,4238,88,643.2
2025-06-25,CMP_1003,APAC_FeatureY_Search,Paid Search,google,paid_search,camp_3,5211,161,867.83
2025-06-25,CMP_1004,US_FeatureY_Display,Paid Social,linkedin,paid_social,camp_4,2975,40,223.9
2025-06-25,CMP_1005,US_FeatureX_Search,Paid Social,linkedin,paid_social,camp_5,3475,45,309.22
2025-06-25,CMP_1006,EMEA_Competitor_LinkedIn,Paid Search,google,paid_search,camp_6,5720,245,829.72
2025-06-25,CMP_1007,EMEA_FeatureY_Display,Paid Social,linkedin,paid_social,camp_7,3343,42,189.19
2025-06-25,CMP_1008,EMEA_Brand_Search,Display,gdn,display,camp_8,3399,33,55.5
2025-06-25,CMP_1009,US_FeatureX_Search,Paid Social,linkedin,paid_social,camp_9,3774,65,514.17
2025-06-25,CMP_1010,LATAM_Competitor_LinkedIn,Paid Social,linkedin,paid_social,camp_10,3149,34,187.92
2025-06-25,CMP_1011,LATAM_Brand_LinkedIn,Paid Social,linkedin,paid_social,camp_11,3719,91,629.72
2025-06-25,CMP_1012,LATAM_FeatureX_Display,Display,gdn,display,camp_12,4938,39,45.3
2025-06-25,CMP_1013,APAC_Brand_LinkedIn,Display,gdn,display,camp_13,4347,35,35.11
2025-06-25,CMP_1014,LATAM_Competitor_Display,Display,gdn,display,camp_14,4957,23,47.74
2025-06-25,CMP_1015,LATAM_Competitor_Display,Paid Social,linkedin,paid_social,camp_15,2847,47,348.0
2025-06-25,CMP_1016,APAC_Competitor_Search,Display,gdn,display,camp_16,4456,49,39.48
2025-06-25,CMP_1017,US_Brand_LinkedIn,Display,gdn,display,camp_17,3653,33,55.71
2025-06-25,CMP_1018,APAC_FeatureX_LinkedIn,Paid Social,linkedin,paid_social,camp_18,3604,46,354.72
2025-06-25,CMP_1019,LATAM_Brand_Display,Paid Social,linkedin,paid_social,camp_19,3650,95,652.22
2025-06-26,CMP_1001,EMEA_FeatureY_Search,Paid Social,linkedin,paid_social,camp_1,2640,60,202.69
2025-06-26,CMP_1002,APAC_Brand_Search,Paid Social,linkedin,paid_social,camp_2,3303,69,495.17
2025-06-26,CMP_1003,APAC_FeatureY_Search,Paid Search,google,paid_search,camp_3,4347,119,565.97
2025-06-26,CMP_1004,US_FeatureY_Display,Paid Social,linkedin,paid_social,camp_4,3603,91,311.27
2025-06-26,CMP_1005,US_FeatureX_Search,Paid Social,linkedin,paid_social,camp_5,3843,74,353.62
2025-06-26,CMP_1006,EMEA_Competitor_LinkedIn,Paid Search,google,paid_search,camp_6,7194,182,820.07
2025-06-26,CMP_1007,EMEA_FeatureY_Display,Paid Social,linkedin,paid_social,camp_7,3149,82,653.77
2025-06-26,CMP_1008,EMEA_Brand_Search,Display,gdn,display,camp_8,4111,25,33.77
2025-06-26,CMP_1009,US_FeatureX_Search,Paid Social,linkedin,paid_social,camp_9,3873,96,598.89
2025-06-26,CMP_1010,LATAM_Competitor_LinkedIn,Paid Social,linkedin,paid_social,camp_10,3774,109,392.46
2025-06-26,CMP_1011,LATAM_Brand_LinkedIn,Paid Social,linkedin,paid_social,camp_11,3678,68,369.76
2025-06-26,CMP_1012,LATAM_FeatureX_Display,Display,gdn,display,camp_12,5010,57,134.79
2025-06-26,CMP_1013,APAC_Brand_LinkedIn,Display,gdn,display,camp_13,5171,59,105.37
2025-06-26,CMP_1014,LATAM_Competitor_Display,Display,gdn,display,camp_14,5467,32,26.87
2025-06-26,CMP_1015,LATAM_Competitor_Display,Paid Social,linkedin,paid_social,camp_15,4149,104,594.66
2025-06-26,CMP_1016,APAC_Competitor_Search,Display,gdn,display,camp_16,4361,41,96.75
2025-06-26,CMP_1017,US_Brand_LinkedIn,Display,gdn,display,camp_17,4091,19,46.11
2025-06-26,CMP_1018,APAC_FeatureX_LinkedIn,Paid Social,linkedin,paid_social,camp_18,3739,74,554.77
2025-06-26,CMP_1019,LATAM_Brand_Display,Paid Social,linkedin,paid_social,camp_19,3081,55,183.21
2025-06-27,CMP_1001,EMEA_FeatureY_Search,Paid Social,linkedin,paid_social,camp_1,3251,81,285.85
2025-06-27,CMP_1002,APAC_Brand_Search,Paid Social,linkedin,paid_social,camp_2,3545,72,574.52
2025-06-27,CMP_1003,APAC_FeatureY_Search,Paid Search,google,paid_search,camp_3,5432,303,1755.88
2025-06-27,CMP_1004,US_FeatureY_Display,Paid Social,linkedin,paid_social,camp_4,2641,71,536.23
2025-06-27,CMP_1005,US_FeatureX_Search,Paid Social,linkedin,paid_social,camp_5,3676,44,232.47
2025-06-27,CMP_1006,EMEA_Competitor_LinkedIn,Paid Search,google,paid_search,camp_6,5691,168,415.88
2025-06-27,CMP_1007,EMEA_FeatureY_Display,Paid Social,linkedin,paid_social,camp_7,3671,107,367.82
2025-06-27,CMP_1008,EMEA_Brand_Search,Display,gdn,display,camp_8,5150,37,37.18
2025-06-27,CMP_1009,US_FeatureX_Search,Paid Social,linkedin,paid_social,camp_9,2587,58,447.2
2025-06-27,CMP_1010,LATAM_Competitor_LinkedIn,Paid Social,linkedin,paid_social,camp_10,3756,57,203.78
2025-06-27,CMP_1011,LATAM_Brand_LinkedIn,Paid Social,linkedin,paid_social,camp_11,3680,88,650.99
2025-06-27,CMP_1012,LATAM_FeatureX_Display,Display,gdn,display,camp_12,5565,28,41.15
2025-06-27,CMP_1013,APAC_Brand_LinkedIn,Display,gdn,display,camp_13,5567,39,90.16
2025-06-27,CMP_1014,LATAM_Competitor_Display,Display,gdn,display,camp_14,5033,24,34.44
2025-06-27,CMP_1015,LATAM_Competitor_Display,Paid Social,linkedin,paid_social,camp_15,4368,49,336.93
2025-06-27,CMP_1016,APAC_Competitor_Search,Display,gdn,display,camp_16,5435,22,45.28
2025-06-27,CMP_1017,US_Brand_LinkedIn,Display,gdn,display,camp_17,4486,33,63.94
2025-06-27,CMP_1018,APAC_FeatureX_LinkedIn,Paid Social,linkedin,paid_social,camp_18,3530,60,403.31
2025-06-27,CMP_1019,LATAM_Brand_Display,Paid Social,linkedin,paid_social,camp_19,3469,83,462.53
2025-06-28,CMP_1001,EMEA_FeatureY_Search,Paid Social,linkedin,paid_social,camp_1,1882,21,109.68
2025-06-28,CMP_1002,APAC_Brand_Search,Paid Social,linkedin,paid_social,camp_2,2007,38,216.34
2025-06-28,CMP_1003,APAC_FeatureY_Search,Paid Search,google,paid_search,camp_3,2561,105,265.4
2025-06-28,CMP_1004,US_FeatureY_Display,Paid Social,linkedin,paid_social,camp_4,438,7,26.54
2025-06-28,CMP_1005,US_FeatureX_Search,Paid Social,linkedin,paid_social,camp_5,1571,38,267.66
2025-06-28,CMP_1006,EMEA_Competitor_LinkedIn,Paid Search,google,paid_search,camp_6,3856,81,344.73
2025-06-28,CMP_1007,EMEA_FeatureY_Display,Paid Social,linkedin,paid_social,camp_7,1756,51,324.49
2025-06-28,CMP_1008,EMEA_Brand_Search,Display,gdn,display,camp_8,3534,17,25.08
2025-06-28,CMP_1009,US_FeatureX_Search,Paid Social,linkedin,paid_social,camp_9,1879,23,101.26
2025-06-28,CMP_1010,LATAM_Competitor_LinkedIn,Paid Social,linkedin,paid_social,camp_10,1051,13,79.74
2025-06-28,CMP_1011,LATAM_Brand_LinkedIn,Paid Social,linkedin,paid_social,camp_11,1822,33,106.51
2025-06-28,CMP_1012,LATAM_FeatureX_Display,Display,gdn,display,camp_12,2293,16,20.45
2025-06-28,CMP_1013,APAC_Brand_LinkedIn,Display,gdn,display,camp_13,1089,6,7.16
2025-06-28,CMP_1014,LATAM_Competitor_Display,Display,gdn,display,camp_14,1829,11,19.28
2025-06-28,CMP_1015,LATAM_Competitor_Display,Paid Social,linkedin,paid_social,camp_15,1747,48,361.85
2025-06-28,CMP_1016,APAC_Competitor_Search,Display,gdn,display,camp_16,2768,16,16.49
2025-06-28,CMP_1017,US_Brand_LinkedIn,Display,gdn,display,camp_17,2057,12,20.03
2025-06-28,CMP_1018,APAC_FeatureX_LinkedIn,Paid Social,linkedin,paid_social,camp_18,2638,57,252.01
2025-06-28,CMP_1019,LATAM_Brand_Display,Paid Social,linkedin,paid_social,camp_19,2343,67,416.16
2025-06-29,CMP_1001,EMEA_FeatureY_Search,Paid Social,linkedin,paid_social,camp_1,1612,26,83.06
2025-06-29,CMP_1002,APAC_Brand_Search,Paid Social,linkedin,paid_social,camp_2,1390,20,129.33
2025-06-29,CMP_1003,APAC_FeatureY_Search,Paid Search,google,paid_search,camp_3,2017,79,209.02
2025-06-29,CMP_1004,US_FeatureY_Display,Paid Social,linkedin,paid_social,camp_4,2790,30,173.42
2025-06-29,CMP_1005,US_FeatureX_Search,Paid Social,linkedin,paid_social,camp_5,1561,19,113.22
2025-06-29,CMP_1006,EMEA_Competitor_LinkedIn,Paid Search,google,paid_search,camp_6,2630,145,320.15
2025-06-29,CMP_1007,EMEA_FeatureY_Display,Paid Social,linkedin,paid_social,camp_7,1050,16,50.73
2025-06-29,CMP_1008,EMEA_Brand_Search,Display,gdn,display,camp_8,2732,15,16.28
2025-06-29,CMP_1009,US_FeatureX_Search,Paid Social,linkedin,paid_social,camp_9,1547,40,228.62
2025-06-29,CMP_1010,LATAM_Competitor_LinkedIn,Paid Social,linkedin,paid_social,camp_10,2745,42,136.19
2025-06-29,CMP_1011,LATAM_Brand_LinkedIn,Paid Social,linkedin,paid_social,camp_11,3108,43,330.51
2025-06-29,CMP_1012,LATAM_FeatureX_Display,Display,gdn,display,camp_12,3595,22,34.94
2025-06-29,CMP_1013,APAC_Brand_LinkedIn,Display,gdn,display,camp_13,2879,15,24.05
2025-06-29,CMP_1014,LATAM_Competitor_Display,Display,gdn,display,camp_14,3815,25,26.13
2025-06-29,CMP_1015,LATAM_Competitor_Display,Paid Social,linkedin,paid_social,camp_15,1116,24,92.72
2025-06-29,CMP_1016,APAC_Competitor_Search,Display,gdn,display,camp_16,2738,19,33.93
2025-06-29,CMP_1017,US_Brand_LinkedIn,Display,gdn,display,camp_17,2630,31,38.74
2025-06-29,CMP_1018,APAC_FeatureX_LinkedIn,Paid Social,linkedin,paid_social,camp_18,1472,20,79.55
2025-06-29,CMP_1019,LATAM_Brand_Display,Paid Social,linkedin,paid_social,camp_19,1380,41,198.12
2025-06-30,CMP_1001,EMEA_FeatureY_Search,Paid Social,linkedin,paid_social,camp_1,4363,104,578.57
2025-06-30,CMP_1002,APAC_Brand_Search,Paid Social,linkedin,paid_social,camp_2,4207,62,468.05
2025-06-30,CMP_1003,APAC_FeatureY_Search,Paid Search,google,paid_search,camp_3,5781,263,1245.93
2025-06-30,CMP_1004,US_FeatureY_Display,Paid Social,linkedin,paid_social,camp_4,3278,44,255.45
2025-06-30,CMP_1005,US_FeatureX_Search,Paid Social,linkedin,paid_social,camp_5,3964,116,599.24
2025-06-30,CMP_1006,EMEA_Competitor_LinkedIn,Paid Search,google,paid_search,camp_6,6956,148,668.58
2025-06-30,CMP_1007,EMEA_FeatureY_Display,Paid Social,linkedin,paid_social,camp_7,2527,28,165.22
2025-06-30,CMP_1008,EMEA_Brand_Search,Display,gdn,display,camp_8,3695,39,88.82
2025-06-30,CMP_1009,US_FeatureX_Search,Paid Social,linkedin,paid_social,camp_9,3803,87,323.05
2025-06-30,CMP_1010,LATAM_Competitor_LinkedIn,Paid Social,linkedin,paid_social,camp_10,2411,42,260.07
2025-06-30,CMP_1011,LATAM_Brand_LinkedIn,Paid Social,linkedin,paid_social,camp_11,3080,40,286.27
2025-06-30,CMP_1012,LATAM_FeatureX_Display,Display,gdn,display,camp_12,5273,39,54.66
2025-06-30,CMP_1013,APAC_Brand_LinkedIn,Display,gdn,display,camp_13,2712,30,51.1
2025-06-30,CMP_1014,LATAM_Competitor_Display,Display,gdn,display,camp_14,4593,34,44.55
2025-06-30,CMP_1015,LATAM_Competitor_Display,Paid Social,linkedin,paid_social,camp_15,3366,95,623.7
2025-06-30,CMP_1016,APAC_Competitor_Search,Display,gdn,display,camp_16,3903,44,100.98
2025-06-30,CMP_1017,US_Brand_LinkedIn,Display,gdn,display,camp_17,3239,21,31.18
2025-06-30,CMP_1018,APAC_FeatureX_LinkedIn,Paid Social,linkedin,paid_social,camp_18,3096,37,203.23
2025-06-30,CMP_1019,LATAM_Brand_Display,Paid Social,linkedin,paid_social,camp_19,4039,102,534.24
2025-07-01,CMP_1001,EMEA_FeatureY_Search,Paid Social,linkedin,paid_social,camp_1,3686,61,438.63
2025-07-01,CMP_1002,APAC_Brand_Search,Paid Social,linkedin,paid_social,camp_2,3774,42,212.95
2025-07-01,CMP_1003,APAC_FeatureY_Search,Paid Search,google,paid_search,camp_3,7601,264,966.27
2025-07-01,CMP_1004,US_FeatureY_Display,Paid Social,linkedin,paid_social,camp_4,2777,81,541.67
2025-07-01,CMP_1005,US_FeatureX_Search,Paid Social,linkedin,paid_social,camp_5,3563,80,361.42
2025-07-01,CMP_1006,EMEA_Competitor_LinkedIn,Paid Search,google,paid_search,camp_6,6864,408,1003.89
2025-07-01,CMP_1007,EMEA_FeatureY_Display,Paid Social,linkedin,paid_social,camp_7,3931,74,269.21
2025-07-01,CMP_1008,EMEA_Brand_Search,Display,gdn,display,camp_8,4582,24,25.58
2025-07-01,CMP_1009,US_FeatureX_Search,Paid Social,linkedin,paid_social,camp_9,3869,44,313.42
2025-07-01,CMP_1010,LATAM_Competitor_LinkedIn,Paid Social,linkedin,paid_social,camp_10,3941,98,444.33
2025-07-01,CMP_1011,LATAM_Brand_LinkedIn,Paid Social,linkedin,paid_social,camp_11,3289,44,224.05
2025-07-01,CMP_1012,LATAM_FeatureX_Display,Display,gdn,display,camp_12,5219,56,76.22
2025-07-01,CMP_1013,APAC_Brand_LinkedIn,Display,gdn,display,camp_13,4574,40,54.61
2025-07-01,CMP_1014,LATAM_Competitor_Display,Display,gdn,display,camp_14,3946,43,74.07
2025-07-01,CMP_1015,LATAM_Competitor_Display,Paid Social,linkedin,paid_social,camp_15,2749,34,271.41
2025-07-01,CMP_1016,APAC_Competitor_Search,Display,gdn,display,camp_16,4674,39,48.91
2025-07-01,CMP_1017,US_Brand_LinkedIn,Display,gdn,display,camp_17,4976,57,105.86
2025-07-01,CMP_1018,APAC_FeatureX_LinkedIn,Paid Social,linkedin,paid_social,camp_18,4141,86,551.39
2025-07-01,CMP_1019,LATAM_Brand_Display,Paid Social,linkedin,paid_social,camp_19,4397,76,450.95
2025-07-02,CMP_1001,EMEA_FeatureY_Search,Paid Social,linkedin,paid_social,camp_1,2899,60,433.16
2025-07-02,CMP_1002,APAC_Brand_Search,Paid Social,linkedin,paid_social,camp_2,3600,39,195.19
2025-07-02,CMP_1003,APAC_FeatureY_Search,Paid Search,google,paid_search,camp_3,3794,104,521.59
2025-07-02,CMP_1004,US_FeatureY_Display,Paid Social,linkedin,paid_social,camp_4,5140,85,290.32
2025-07-02,CMP_1005,US_FeatureX_Search,Paid Social,linkedin,paid_social,camp_5,3442,53,201.73
2025-07-02,CMP_1006,EMEA_Competitor_LinkedIn,Paid Search,google,paid_search,camp_6,6047,194,641.18
2025-07-02,CMP_1007,EMEA_FeatureY_Display,Paid Social,linkedin,paid_social,camp_7,3046,89,621.24
2025-07-02,CMP_1008,EMEA_Brand_Search,Display,gdn,display,camp_8,4195,49,117.82
2025-07-02,CMP_1009,US_FeatureX_Search,Paid Social,linkedin,paid_social,camp_9,3820,78,363.28
2025-07-02,CMP_1010,LATAM_Competitor_LinkedIn,Paid Social,linkedin,paid_social,camp_10,3064,48,291.63
2025-07-02,CMP_1011,LATAM_Brand_LinkedIn,Paid Social,linkedin,paid_social,camp_11,3228,93,631.13
2025-07-02,CMP_1012,LATAM_FeatureX_Display,Display,gdn,display,camp_12,5037,30,47.34
2025-07-02,CMP_1013,APAC_Brand_LinkedIn,Display,gdn,display,camp_13,3659,37,43.26
2025-07-02,CMP_1014,LATAM_Competitor_Display,Display,gdn,display,camp_14,5332,42,93.2
2025-07-02,CMP_1015,LATAM_Competitor_Display,Paid Social,linkedin,paid_social,camp_15,3253,92,379.82
2025-07-02,CMP_1016,APAC_Competitor_Search,Display,gdn,display,camp_16,3113,18,21.61
2025-07-02,CMP_1017,US_Brand_LinkedIn,Display,gdn,display,camp_17,4937,44,88.46
2025-07-02,CMP_1018,APAC_FeatureX_LinkedIn,Paid Social,linkedin,paid_social,camp_18,4602,66,396.11
2025-07-02,CMP_1019,LATAM_Brand_Display,Paid Social,linkedin,paid_social,camp_19,3485,81,269.4
2025-07-03,CMP_1001,EMEA_FeatureY_Search,Paid Social,linkedin,paid_social,camp_1,4126,106,779.03
2025-07-03,CMP_1002,APAC_Brand_Search,Paid Social,linkedin,paid_social,camp_2,3640,48,173.5
2025-07-03,CMP_1003,APAC_FeatureY_Search,Paid Search,google,paid_search,camp_3,5604,298,1398.05
2025-07-03,CMP_1004,US_FeatureY_Display,Paid Social,linkedin,paid_social,camp_4,3124,88,624.98
2025-07-03,CMP_1005,US_FeatureX_Search,Paid Social,linkedin,paid_social,camp_5,3535,59,345.43
2025-07-03,CMP_1006,EMEA_Competitor_LinkedIn,Paid Search,google,paid_search,camp_6,5981,132,308.16
2025-07-03,CMP_1007,EMEA_FeatureY_Display,Paid Social,linkedin,paid_social,camp_7,3700,42,239.71
2025-07-03,CMP_1008,EMEA_Brand_Search,Display,gdn,display,camp_8,5526,33,26.7
2025-07-03,CMP_1009,US_FeatureX_Search,Paid Social,linkedin,paid_social,camp_9,4032,76,491.88
2025-07-03,CMP_1010,LATAM_Competitor_LinkedIn,Paid Social,linkedin,paid_social,camp_10,3657,61,414.03
2025-07-03,CMP_1011,LATAM_Brand_LinkedIn,Paid Social,linkedin,paid_social,camp_11,4150,53,184.78
2025-07-03,CMP_1012,LATAM_FeatureX_Display,Display,gdn,display,camp_12,4462,26,22.89
2025-07-03,CMP_1013,APAC_Brand_LinkedIn,Display,gdn,display,camp_13,4781,38,56.05
2025-07-03,CMP_1014,LATAM_Competitor_Display,Display,gdn,display,camp_14,4345,37,48.74
2025-07-03,CMP_1015,LATAM_Competitor_Display,Paid Social,linkedin,paid_social,camp_15,3428,91,685.47
2025-07-03,CMP_1016,APAC_Competitor_Search,Display,gdn,display,camp_16,4186,28,64.14
2025-07-03,CMP_1017,US_Brand_LinkedIn,Display,gdn,display,camp_17,4391,42,68.36
2025-07-03,CMP_1018,APAC_FeatureX_LinkedIn,Paid Social,linkedin,paid_social,camp_18,3468,98,526.43
2025-07-03,CMP_1019,LATAM_Brand_Display,Paid Social,linkedin,paid_social,camp_19,3473,90,537.9
2025-07-04,CMP_1001,EMEA_FeatureY_Search,Paid Social,linkedin,paid_social,camp_1,4638,117,655.38
2025-07-04,CMP_1002,APAC_Brand_Search,Paid Social,linkedin,paid_social,camp_2,4075,43,175.42
2025-07-04,CMP_1003,APAC_FeatureY_Search,Paid Search,google,paid_search,camp_3,5273,270,706.82
2025-07-04,CMP_1004,US_FeatureY_Display,Paid Social,linkedin,paid_social,camp_4,3767,86,355.93
2025-07-04,CMP_1005,US_FeatureX_Search,Paid Social,linkedin,paid_social,camp_5,3550,92,473.23
2025-07-04,CMP_1006,EMEA_Competitor_LinkedIn,Paid Search,google,paid_search,camp_6,6262,163,796.64
2025-07-04,CMP_1007,EMEA_FeatureY_Display,Paid Social,linkedin,paid_social,camp_7,3545,37,165.62
2025-07-04,CMP_1008,EMEA_Brand_Search,Display,gdn,display,camp_8,5083,47,79.49
2025-07-04,CMP_1009,US_FeatureX_Search,Paid Social,linkedin,paid_social,camp_9,3829,64,303.0
2025-07-04,CMP_1010,LATAM_Competitor_LinkedIn,Paid Social,linkedin,paid_social,camp_10,3391,84,369.54
2025-07-04,CMP_1011,LATAM_Brand_LinkedIn,Paid Social,linkedin,paid_social,camp_11,3586,86,283.13
2025-07-04,CMP_1012,LATAM_FeatureX_Display,Display,gdn,display,camp_12,4476,42,71.5
2025-07-04,CMP_1013,APAC_Brand_LinkedIn,Display,gdn,display,camp_13,3987,31,40.31
2025-07-04,CMP_1014,LATAM_Competitor_Display,Display,gdn,display,camp_14,5031,29,53.37
2025-07-04,CMP_1015,LATAM_Competitor_Display,Paid Social,linkedin,paid_social,camp_15,3300,93,395.38
2025-07-04,CMP_1016,APAC_Competitor_Search,Display,gdn,display,camp_16,4631,25,23.94
2025-07-04,CMP_1017,US_Brand_LinkedIn,Display,gdn,display,camp_17,3936,25,24.25
2025-07-04,CMP_1018,APAC_FeatureX_LinkedIn,Paid Social,linkedin,paid_social,camp_18,3839,50,336.96
2025-07-04,CMP_1019,LATAM_Brand_Display,Paid Social,linkedin,paid_social,camp_19,4122,72,488.27
2025-07-05,CMP_1001,EMEA_FeatureY_Search,Paid Social,linkedin,paid_social,camp_1,1379,35,113.56
2025-07-05,CMP_1002,APAC_Brand_Search,Paid Social,linkedin,paid_social,camp_2,2588,65,225.39
2025-07-05,CMP_1003,APAC_FeatureY_Search,Paid Search,google,paid_search,camp_3,3355,74,329.98
2025-07-05,CMP_1004,US_FeatureY_Display,Paid Social,linkedin,paid_social,camp_4,1866,33,213.86
2025-07-05,CMP_1005,US_FeatureX_Search,Paid Social,linkedin,paid_social,camp_5,1968,31,152.3
2025-07-05,CMP_1006,EMEA_Competitor_LinkedIn,Paid Search,google,paid_search,camp_6,4875,287,577.43
2025-07-05,CMP_1007,EMEA_FeatureY_Display,Paid Social,linkedin,paid_social,camp_7,1800,22,97.35
2025-07-05,CMP_1008,EMEA_Brand_Search,Display,gdn,display,camp_8,2323,15,22.6
2025-07-05,CMP_1009,US_FeatureX_Search,Paid Social,linkedin,paid_social,camp_9,1753,37,250.7
2025-07-05,CMP_1010,LATAM_Competitor_LinkedIn,Paid Social,linkedin,paid_social,camp_10,848,14,92.03
2025-07-05,CMP_1011,LATAM_Brand_LinkedIn,Paid Social,linkedin,paid_social,camp_11,1917,37,140.46
2025-07-05,CMP_1012,LATAM_FeatureX_Display,Display,gdn,display,camp_12,2075,22,34.44
2025-07-05,CMP_1013,APAC_Brand_LinkedIn,Display,gdn,display,camp_13,2075,19,24.44
2025-07-05,CMP_1014,LATAM_Competitor_Display,Display,gdn,display,camp_14,3412,22,23.93
2025-07-05,CMP_1015,LATAM_Competitor_Display,Paid Social,linkedin,paid_social,camp_15,982,17,82.97
2025-07-05,CMP_1016,APAC_Competitor_Search,Display,gdn,display,camp_16,3436,32,32.9
2025-07-05,CMP_1017,US_Brand_LinkedIn,Display,gdn,display,camp_17,3076,22,42.1
2025-07-05,CMP_1018,APAC_FeatureX_LinkedIn,Paid Social,linkedin,paid_social,camp_18,1162,23,146.79
2025-07-05,CMP_1019,LATAM_Brand_Display,Paid Social,linkedin,paid_social,camp_19,861,14,48.87
2025-07-06,CMP_1001,EMEA_FeatureY_Search,Paid Social,linkedin,paid_social,camp_1,1679,20,137.71
2025-07-06,CMP_1002,APAC_Brand_Search,Paid Social,linkedin,paid_social,camp_2,1550,24,97.47
2025-07-06,CMP_1003,APAC_FeatureY_Search,Paid Search,google,paid_search,camp_3,3188,131,530.42
2025-07-06,CMP_1004,US_FeatureY_Display,Paid Social,linkedin,paid_social,camp_4,2499,33,118.96
2025-07-06,CMP_1005,US_FeatureX_Search,Paid Social,linkedin,paid_social,camp_5,2339,36,262.66
2025-07-06,CMP_1006,EMEA_Competitor_LinkedIn,Paid Search,google,paid_search,camp_6,3827,198,892.99
2025-07-06,CMP_1007,EMEA_FeatureY_Display,Paid Social,linkedin,paid_social,camp_7,1566,26,196.1
2025-07-06,CMP_1008,EMEA_Brand_Search,Display,gdn,display,camp_8,2007,12,22.48
2025-07-06,CMP_1009,US_FeatureX_Search,Paid Social,linkedin,paid_social,camp_9,1784,21,165.52
2025-07-06,CMP_1010,LATAM_Competitor_LinkedIn,Paid Social,linkedin,paid_social,camp_10,2035,56,343.18
2025-07-06,CMP_1011,LATAM_Brand_LinkedIn,Paid Social,linkedin,paid_social,camp_11,2965,37,247.75
2025-07-06,CMP_1012,LATAM_FeatureX_Display,Display,gdn,display,camp_12,2799,28,45.95
2025-07-06,CMP_1013,APAC_Brand_LinkedIn,Display,gdn,display,camp_13,324,3,6.55
2025-07-06,CMP_1014,LATAM_Competitor_Display,Display,gdn,display,camp_14,2203,24,34.88
2025-07-06,CMP_1015,LATAM_Competitor_Display,Paid Social,linkedin,paid_social,camp_15,1228,19,75.57
2025-07-06,CMP_1016,APAC_Competitor_Search,Display,gdn,display,camp_16,1342,16,31.0
2025-07-06,CMP_1017,US_Brand_LinkedIn,Display,gdn,display,camp_17,1539,17,26.72
2025-07-06,CMP_1018,APAC_FeatureX_LinkedIn,Paid Social,linkedin,paid_social,camp_18,1896,47,185.42
2025-07-06,CMP_1019,LATAM_Brand_Display,Paid Social,linkedin,paid_social,camp_19,731,16,83.93
2025-07-07,CMP_1001,EMEA_FeatureY_Search,Paid Social,linkedin,paid_social,camp_1,3386,100,736.7
2025-07-07,CMP_1002,APAC_Brand_Search,Paid Social,linkedin,paid_social,camp_2,3684,60,280.52
2025-07-07,CMP_1003,APAC_FeatureY_Search,Paid Search,google,paid_search,camp_3,6056,320,1701.22
2025-07-07,CMP_1004,US_FeatureY_Display,Paid Social,linkedin,paid_social,camp_4,3142,49,319.96
2025-07-07,CMP_1005,US_FeatureX_Search,Paid Social,linkedin,paid_social,camp_5,3203,81,388.91
2025-07-07,CMP_1006,EMEA_Competitor_LinkedIn,Paid Search,google,paid_search,camp_6,7575,169,670.53
2025-07-07,CMP_1007,EMEA_FeatureY_Display,Paid Social,linkedin,paid_social,camp_7,3967,74,403.11
2025-07-07,CMP_1008,EMEA_Brand_Search,Display,gdn,display,camp_8,5648,48,90.06
2025-07-07,CMP_1009,US_FeatureX_Search,Paid Social,linkedin,paid_social,camp_9,4133,49,306.86
2025-07-07,CMP_1010,LATAM_Competitor_LinkedIn,Paid Social,linkedin,paid_social,camp_10,3275,78,265.97
2025-07-07,CMP_1011,LATAM_Brand_LinkedIn,Paid Social,linkedin,paid_social,camp_11,3340,68,420.0
2025-07-07,CMP_1012,LATAM_FeatureX_Display,Display,gdn,display,camp_12,4785,39,62.03
2025-07-07,CMP_1013,APAC_Brand_LinkedIn,Display,gdn,display,camp_13,3868,42,57.59
2025-07-07,CMP_1014,LATAM_Competitor_Display,Display,gdn,display,camp_14,5523,62,49.7
2025-07-07,CMP_1015,LATAM_Competitor_Display,Paid Social,linkedin,paid_social,camp_15,2716,70,297.85
2025-07-07,CMP_1016,APAC_Competitor_Search,Display,gdn,display,camp_16,6433,53,85.87
2025-07-07,CMP_1017,US_Brand_LinkedIn,Display,gdn,display,camp_17,5000,45,81.06
2025-07-07,CMP_1018,APAC_FeatureX_LinkedIn,Paid Social,linkedin,paid_social,camp_18,3208,48,340.32
2025-07-07,CMP_1019,LATAM_Brand_Display,Paid Social,linkedin,paid_social,camp_19,3656,101,652.88
2025-07-08,CMP_1001,EMEA_FeatureY_Search,Paid Social,linkedin,paid_social,camp_1,3737,96,697.67
2025-07-08,CMP_1002,APAC_Brand_Search,Paid Social,linkedin,paid_social,camp_2,3063,85,543.59
2025-07-08,CMP_1003,APAC_FeatureY_Search,Paid Search,google,paid_search,camp_3,7130,236,980.43
2025-07-08,CMP_1004,US_FeatureY_Display,Paid Social,linkedin,paid_social,camp_4,3467,61,315.32
2025-07-08,CMP_1005,US_FeatureX_Search,Paid Social,linkedin,paid_social,camp_5,3440,51,356.55
2025-07-08,CMP_1006,EMEA_Competitor_LinkedIn,Paid Search,google,paid_search,camp_6,6760,185,1084.85
2025-07-08,CMP_1007,EMEA_FeatureY_Display,Paid Social,linkedin,paid_social,camp_7,3945,98,775.12
2025-07-08,CMP_1008,EMEA_Brand_Search,Display,gdn,display,camp_8,5060,58,59.86
2025-07-08,CMP_1009,US_FeatureX_Search,Paid Social,linkedin,paid_social,camp_9,4197,71,406.5
2025-07-08,CMP_1010,LATAM_Competitor_LinkedIn,Paid Social,linkedin,paid_social,camp_10,3529,72,302.71
2025-07-08,CMP_1011,LATAM_Brand_LinkedIn,Paid Social,linkedin,paid_social,camp_11,3439,68,536.3
2025-07-08,CMP_1012,LATAM_FeatureX_Display,Display,gdn,display,camp_12,4372,31,33.59
2025-07-08,CMP_1013,APAC_Brand_LinkedIn,Display,gdn,display,camp_13,5752,68,162.37
2025-07-08,CMP_1014,LATAM_Competitor_Display,Display,gdn,display,camp_14,4901,41,100.46
2025-07-08,CMP_1015,LATAM_Competitor_Display,Paid Social,linkedin,paid_social,camp_15,3848,50,355.27
2025-07-08,CMP_1016,APAC_Competitor_Search,Display,gdn,display,camp_16,3680,35,77.89
2025-07-08,CMP_1017,US_Brand_LinkedIn,Display,gdn,display,camp_17,4711,33,66.52
2025-07-08,CMP_1018,APAC_FeatureX_LinkedIn,Paid Social,linkedin,paid_social,camp_18,3545,52,413.7
2025-07-08,CMP_1019,LATAM_Brand_Display,Paid Social,linkedin,paid_social,camp_19,2428,46,231.73
2025-07-09,CMP_1001,EMEA_FeatureY_Search,Paid Social,linkedin,paid_social,camp_1,3066,38,159.75
2025-07-09,CMP_1002,APAC_Brand_Search,Paid Social,linkedin,paid_social,camp_2,2703,34,192.46
2025-07-09,CMP_1003,APAC_FeatureY_Search,Paid Search,google,paid_search,camp_3,6681,213,600.35
2025-07-09,CMP_1004,US_FeatureY_Display,Paid Social,linkedin,paid_social,camp_4,2338,44,283.71
2025-07-09,CMP_1005,US_FeatureX_Search,Paid Social,linkedin,paid_social,camp_5,4088,75,250.97
2025-07-09,CMP_1006,EMEA_Competitor_LinkedIn,Paid Search,google,paid_search,camp_6,8065,306,1052.18
2025-07-09,CMP_1007,EMEA_FeatureY_Display,Paid Social,linkedin,paid_social,camp_7,4084,103,813.37
2025-07-09,CMP_1008,EMEA_Brand_Search,Display,gdn,display,camp_8,4369,30,61.6
2025-07-09,CMP_1009,US_FeatureX_Search,Paid Social,linkedin,paid_social,camp_9,2715,38,167.59
2025-07-09,CMP_1010,LATAM_Competitor_LinkedIn,Paid Social,linkedin,paid_social,camp_10,3543,104,457.76
2025-07-09,CMP_1011,LATAM_Brand_LinkedIn,Paid Social,linkedin,paid_social,camp_11,3362,70,420.71
2025-07-09,CMP_1012,LATAM_FeatureX_Display,Display,gdn,display,camp_12,6019,45,57.24
2025-07-09,CMP_1013,APAC_Brand_LinkedIn,Display,gdn,display,camp_13,5398,34,27.52
2025-07-09,CMP_1014,LATAM_Competitor_Display,Display,gdn,display,camp_14,5150,32,75.41
2025-07-09,CMP_1015,LATAM_Competitor_Display,Paid Social,linkedin,paid_social,camp_15,4713,100,539.06
2025-07-09,CMP_1016,APAC_Competitor_Search,Display,gdn,display,camp_16,5015,30,42.86
2025-07-09,CMP_1017,US_Brand_LinkedIn,Display,gdn,display,camp_17,5086,39,65.92
2025-07-09,CMP_1018,APAC_FeatureX_LinkedIn,Paid Social,linkedin,paid_social,camp_18,4397,87,463.49
2025-07-09,CMP_1019,LATAM_Brand_Display,Paid Social,linkedin,paid_social,camp_19,3219,90,575.34
2025-07-10,CMP_1001,EMEA_FeatureY_Search,Paid Social,linkedin,paid_social,camp_1,3710,46,178.07
2025-07-10,CMP_1002,APAC_Brand_Search,Paid Social,linkedin,paid_social,camp_2,4304,86,279.24
2025-07-10,CMP_1003,APAC_FeatureY_Search,Paid Search,google,paid_search,camp_3,5786,210,977.26
2025-07-10,CMP_1004,US_FeatureY_Display,Paid Social,linkedin,paid_social,camp_4,4115,68,530.34
2025-07-10,CMP_1005,US_FeatureX_Search,Paid Social,linkedin,paid_social,camp_5,3377,49,245.3
2025-07-10,CMP_1006,EMEA_Competitor_LinkedIn,Paid Search,google,paid_search,camp_6,4923,230,1328.28
2025-07-10,CMP_1007,EMEA_FeatureY_Display,Paid Social,linkedin,paid_social,camp_7,3730,108,609.08
2025-07-10,CMP_1008,EMEA_Brand_Search,Display,gdn,display,camp_8,4304,45,54.77
2025-07-10,CMP_1009,US_FeatureX_Search,Paid Social,linkedin,paid_social,camp_9,3672,89,419.82
2025-07-10,CMP_1010,LATAM_Competitor_LinkedIn,Paid Social,linkedin,paid_social,camp_10,4183,85,658.85
2025-07-10,CMP_1011,LATAM_Brand_LinkedIn,Paid Social,linkedin,paid_social,camp_11,4072,95,571.91
2025-07-10,CMP_1012,LATAM_FeatureX_Display,Display,gdn,display,camp_12,4220,26,32.69
2025-07-10,CMP_1013,APAC_Brand_LinkedIn,Display,gdn,display,camp_13,5068,49,40.59
2025-07-10,CMP_1014,LATAM_Competitor_Display,Display,gdn,display,camp_14,5050,45,100.38
2025-07-10,CMP_1015,LATAM_Competitor_Display,Paid Social,linkedin,paid_social,camp_15,3287,46,303.61
2025-07-10,CMP_1016,APAC_Competitor_Search,Display,gdn,display,camp_16,6647,31,45.69
2025-07-10,CMP_1017,US_Brand_LinkedIn,Display,gdn,display,camp_17,4362,44,76.27
2025-07-10,CMP_1018,APAC_FeatureX_LinkedIn,Paid Social,linkedin,paid_social,camp_18,3519,80,440.21
2025-07-10,CMP_1019,LATAM_Brand_Display,Paid Social,linkedin,paid_social,camp_19,4070,66,409.22
2025-07-11,CMP_1001,EMEA_FeatureY_Search,Paid Social,linkedin,paid_social,camp_1,2894,30,138.56
2025-07-11,CMP_1002,APAC_Brand_Search,Paid Social,linkedin,paid_social,camp_2,3395,95,381.79
2025-07-11,CMP_1003,APAC_FeatureY_Search,Paid Search,google,paid_search,camp_3,4251,229,1198.22
2025-07-11,CMP_1004,US_FeatureY_Display,Paid Social,linkedin,paid_social,camp_4,3708,50,279.39
2025-07-11,CMP_1005,US_FeatureX_Search,Paid Social,linkedin,paid_social,camp_5,3227,60,272.93
2025-07-11,CMP_1006,EMEA_Competitor_LinkedIn,Paid Search,google,paid_search,camp_6,5809,149,377.89
2025-07-11,CMP_1007,EMEA_FeatureY_Display,Paid Social,linkedin,paid_social,camp_7,3416,49,194.91
2025-07-11,CMP_1008,EMEA_Brand_Search,Display,gdn,display,camp_8,5963,31,32.37
2025-07-11,CMP_1009,US_FeatureX_Search,Paid Social,linkedin,paid_social,camp_9,4872,77,293.85
2025-07-11,CMP_1010,LATAM_Competitor_LinkedIn,Paid Social,linkedin,paid_social,camp_10,2568,51,284.1
2025-07-11,CMP_1011,LATAM_Brand_LinkedIn,Paid Social,linkedin,paid_social,camp_11,4361,123,448.49
2025-07-11,CMP_1012,LATAM_FeatureX_Display,Display,gdn,display,camp_12,6454,43,38.08
2025-07-11,CMP_1013,APAC_Brand_LinkedIn,Display,gdn,display,camp_13,3348,35,33.89
2025-07-11,CMP_1014,LATAM_Competitor_Display,Display,gdn,display,camp_14,3159,12,19.31
2025-07-11,CMP_1015,LATAM_Competitor_Display,Paid Social,linkedin,paid_social,camp_15,4360,128,918.84
2025-07-11,CMP_1016,APAC_Competitor_Search,Display,gdn,display,camp_16,5452,23,51.81
2025-07-11,CMP_1017,US_Brand_LinkedIn,Display,gdn,display,camp_17,5077,42,58.9
2025-07-11,CMP_1018,APAC_FeatureX_LinkedIn,Paid Social,linkedin,paid_social,camp_18,3915,97,405.63
2025-07-11,CMP_1019,LATAM_Brand_Display,Paid Social,linkedin,paid_social,camp_19,3214,40,238.27
2025-07-12,CMP_1001,EMEA_FeatureY_Search,Paid Social,linkedin,paid_social,camp_1,1411,14,102.88
2025-07-12,CMP_1002,APAC_Brand_Search,Paid Social,linkedin,paid_social,camp_2,1289,15,89.77
2025-07-12,CMP_1003,APAC_FeatureY_Search,Paid Search,google,paid_search,camp_3,3299,159,823.1
2025-07-12,CMP_1004,US_FeatureY_Display,Paid Social,linkedin,paid_social,camp_4,2028,58,454.61
2025-07-12,CMP_1005,US_FeatureX_Search,Paid Social,linkedin,paid_social,camp_5,3141,66,242.47
2025-07-12,CMP_1006,EMEA_Competitor_LinkedIn,Paid Search,google,paid_search,camp_6,2921,116,552.24
2025-07-12,CMP_1007,EMEA_FeatureY_Display,Paid Social,linkedin,paid_social,camp_7,278,3,20.24
2025-07-12,CMP_1008,EMEA_Brand_Search,Display,gdn,display,camp_8,1998,13,28.22
2025-07-12,CMP_1009,US_FeatureX_Search,Paid Social,linkedin,paid_social,camp_9,1993,40,162.73
2025-07-12,CMP_1010,LATAM_Competitor_LinkedIn,Paid Social,linkedin,paid_social,camp_10,1699,41,172.58
2025-07-12,CMP_1011,LATAM_Brand_LinkedIn,Paid Social,linkedin,paid_social,camp_11,1693,30,94.8
2025-07-12,CMP_1012,LATAM_FeatureX_Display,Display,gdn,display,camp_12,1837,10,22.47
2025-07-12,CMP_1013,APAC_Brand_LinkedIn,Display,gdn,display,camp_13,2657,23,35.81
2025-07-12,CMP_1014,LATAM_Competitor_Display,Display,gdn,display,camp_14,2427,19,35.81
2025-07-12,CMP_1015,LATAM_Competitor_Display,Paid Social,linkedin,paid_social,camp_15,1588,28,90.42
2025-07-12,CMP_1016,APAC_Competitor_Search,Display,gdn,display,camp_16,1144,8,14.21
2025-07-12,CMP_1017,US_Brand_LinkedIn,Display,gdn,display,camp_17,2320,9,16.37
2025-07-12,CMP_1018,APAC_FeatureX_LinkedIn,Paid Social,linkedin,paid_social,camp_18,2479,46,335.95
2025-07-12,CMP_1019,LATAM_Brand_Display,Paid Social,linkedin,paid_social,camp_19,1933,35,124.54
2025-07-13,CMP_1001,EMEA_FeatureY_Search,Paid Social,linkedin,paid_social,camp_1,1727,25,80.25
2025-07-13,CMP_1002,APAC_Brand_Search,Paid Social,linkedin,paid_social,camp_2,2258,59,275.87
2025-07-13,CMP_1003,APAC_FeatureY_Search,Paid Search,google,paid_search,camp_3,1806,55,247.66
2025-07-13,CMP_1004,US_FeatureY_Display,Paid Social,linkedin,paid_social,camp_4,1174,12,69.61
2025-07-13,CMP_1005,US_FeatureX_Search,Paid Social,linkedin,paid_social,camp_5,1801,47,148.21
2025-07-13,CMP_1006,EMEA_Competitor_LinkedIn,Paid Search,google,paid_search,camp_6,3943,139,663.81
2025-07-13,CMP_1007,EMEA_FeatureY_Display,Paid Social,linkedin,paid_social,camp_7,2773,50,392.83
2025-07-13,CMP_1008,EMEA_Brand_Search,Display,gdn,display,camp_8,2682,22,21.51
2025-07-13,CMP_1009,US_FeatureX_Search,Paid Social,linkedin,paid_social,camp_9,2157,47,146.02
2025-07-13,CMP_1010,LATAM_Competitor_LinkedIn,Paid Social,linkedin,paid_social,camp_10,2467,46,358.45
2025-07-13,CMP_1011,LATAM_Brand_LinkedIn,Paid Social,linkedin,paid_social,camp_11,2283,24,170.36
2025-07-13,CMP_1012,LATAM_FeatureX_Display,Display,gdn,display,camp_12,3658,27,25.71
2025-07-13,CMP_1013,APAC_Brand_LinkedIn,Display,gdn,display,camp_13,3747,21,35.47
2025-07-13,CMP_1014,LATAM_Competitor_Display,Display,gdn,display,camp_14,2673,21,22.99
2025-07-13,CMP_1015,LATAM_Competitor_Display,Paid Social,linkedin,paid_social,camp_15,2489,49,208.45
2025-07-13,CMP_1016,APAC_Competitor_Search,Display,gdn,display,camp_16,1708,13,19.31
2025-07-13,CMP_1017,US_Brand_LinkedIn,Display,gdn,display,camp_17,2123,22,49.2
2025-07-13,CMP_1018,APAC_FeatureX_LinkedIn,Paid Social,linkedin,paid_social,camp_18,1189,23,158.58
2025-07-13,CMP_1019,LATAM_Brand_Display,Paid Social,linkedin,paid_social,camp_19,1175,24,122.83
2025-07-14,CMP_1001,EMEA_FeatureY_Search,Paid Social,linkedin,paid_social,camp_1,3750,91,352.48
2025-07-14,CMP_1002,APAC_Brand_Search,Paid Social,linkedin,paid_social,camp_2,4140,122,881.83
2025-07-14,CMP_1003,APAC_FeatureY_Search,Paid Search,google,paid_search,camp_3,4665,169,981.45
2025-07-14,CMP_1004,US_FeatureY_Display,Paid Social,linkedin,paid_social,camp_4,2662,73,386.79
2025-07-14,CMP_1005,US_FeatureX_Search,Paid Social,linkedin,paid_social,camp_5,4018,108,863.65
2025-07-14,CMP_1006,EMEA_Competitor_LinkedIn,Paid Search,google,paid_search,camp_6,6815,144,681.29
2025-07-14,CMP_1007,EMEA_FeatureY_Display,Paid Social,linkedin,paid_social,camp_7,3195,41,302.93
2025-07-14,CMP_1008,EMEA_Brand_Search,Display,gdn,display,camp_8,5788,57,46.03
2025-07-14,CMP_1009,US_FeatureX_Search,Paid Social,linkedin,paid_social,camp_9,2245,60,302.69
2025-07-14,CMP_1010,LATAM_Competitor_LinkedIn,Paid Social,linkedin,paid_social,camp_10,3617,83,473.39
2025-07-14,CMP_1011,LATAM_Brand_LinkedIn,Paid Social,linkedin,paid_social,camp_11,4536,113,519.3
2025-07-14,CMP_1012,LATAM_FeatureX_Display,Display,gdn,display,camp_12,4429,23,54.46
2025-07-14,CMP_1013,APAC_Brand_LinkedIn,Display,gdn,display,camp_13,4458,35,76.09
2025-07-14,CMP_1014,LATAM_Competitor_Display,Display,gdn,display,camp_14,4028,43,55.78
2025-07-14,CMP_1015,LATAM_Competitor_Display,Paid Social,linkedin,paid_social,camp_15,4298,124,685.87
2025-07-14,CMP_1016,APAC_Competitor_Search,Display,gdn,display,camp_16,4303,47,66.18
2025-07-14,CMP_1017,US_Brand_LinkedIn,Display,gdn,display,camp_17,4335,38,74.03
2025-07-14,CMP_1018,APAC_FeatureX_LinkedIn,Paid Social,linkedin,paid_social,camp_18,3420,55,408.18
2025-07-14,CMP_1019,LATAM_Brand_Display,Paid Social,linkedin,paid_social,camp_19,3230,47,369.6
2025-07-15,CMP_1001,EMEA_FeatureY_Search,Paid Social,linkedin,paid_social,camp_1,4187,96,507.53
2025-07-15,CMP_1002,APAC_Brand_Search,Paid Social,linkedin,paid_social,camp_2,3959,94,429.73
2025-07-15,CMP_1003,APAC_FeatureY_Search,Paid Search,google,paid_search,camp_3,6756,379,853.58
2025-07-15,CMP_1004,US_FeatureY_Display,Paid Social,linkedin,paid_social,camp_4,3797,96,541.7
2025-07-15,CMP_1005,US_FeatureX_Search,Paid Social,linkedin,paid_social,camp_5,3536,85,546.7
2025-07-15,CMP_1006,EMEA_Competitor_LinkedIn,Paid Search,google,paid_search,camp_6,6175,174,939.81
2025-07-15,CMP_1007,EMEA_FeatureY_Display,Paid Social,linkedin,paid_social,camp_7,4646,137,527.1
2025-07-15,CMP_1008,EMEA_Brand_Search,Display,gdn,display,camp_8,5657,58,140.01
2025-07-15,CMP_1009,US_FeatureX_Search,Paid Social,linkedin,paid_social,camp_9,4760,52,158.96
2025-07-15,CMP_1010,LATAM_Competitor_LinkedIn,Paid Social,linkedin,paid_social,camp_10,4118,51,322.55
2025-07-15,CMP_1011,LATAM_Brand_LinkedIn,Paid Social,linkedin,paid_social,camp_11,3050,38,175.23
2025-07-15,CMP_1012,LATAM_FeatureX_Display,Display,gdn,display,camp_12,5402,23,43.73
2025-07-15,CMP_1013,APAC_Brand_LinkedIn,Display,gdn,display,camp_13,4888,47,109.84
2025-07-15,CMP_1014,LATAM_Competitor_Display,Display,gdn,display,camp_14,5066,25,31.36
2025-07-15,CMP_1015,LATAM_Competitor_Display,Paid Social,linkedin,paid_social,camp_15,3398,77,534.02
2025-07-15,CMP_1016,APAC_Competitor_Search,Display,gdn,display,camp_16,4744,30,36.2
2025-07-15,CMP_1017,US_Brand_LinkedIn,Display,gdn,display,camp_17,5207,48,96.89
2025-07-15,CMP_1018,APAC_FeatureX_LinkedIn,Paid Social,linkedin,paid_social,camp_18,2270,53,285.36
2025-07-15,CMP_1019,LATAM_Brand_Display,Paid Social,linkedin,paid_social,camp_19,3084,34,155.24
2025-07-16,CMP_1001,EMEA_FeatureY_Search,Paid Social,linkedin,paid_social,camp_1,2896,30,234.24
2025-07-16,CMP_1002,APAC_Brand_Search,Paid Social,linkedin,paid_social,camp_2,3214,59,366.56
2025-07-16,CMP_1003,APAC_FeatureY_Search,Paid Search,google,paid_search,camp_3,6169,206,1181.31
2025-07-16,CMP_1004,US_FeatureY_Display,Paid Social,linkedin,paid_social,camp_4,3129,71,527.16
2025-07-16,CMP_1005,US_FeatureX_Search,Paid Social,linkedin,paid_social,camp_5,2777,77,587.18
2025-07-16,CMP_1006,EMEA_Competitor_LinkedIn,Paid Search,google,paid_search,camp_6,5126,169,801.64
2025-07-16,CMP_1007,EMEA_FeatureY_Display,Paid Social,linkedin,paid_social,camp_7,3200,83,252.32
2025-07-16,CMP_1008,EMEA_Brand_Search,Display,gdn,display,camp_8,3921,42,61.46
2025-07-16,CMP_1009,US_FeatureX_Search,Paid Social,linkedin,paid_social,camp_9,4060,103,332.48
2025-07-16,CMP_1010,LATAM_Competitor_LinkedIn,Paid Social,linkedin,paid_social,camp_10,3564,86,510.44
2025-07-16,CMP_1011,LATAM_Brand_LinkedIn,Paid Social,linkedin,paid_social,camp_11,3311,89,340.86
2025-07-16,CMP_1012,LATAM_FeatureX_Display,Display,gdn,display,camp_12,4771,35,73.53
2025-07-16,CMP_1013,APAC_Brand_LinkedIn,Display,gdn,display,camp_13,5323,30,30.72
2025-07-16,CMP_1014,LATAM_Competitor_Display,Display,gdn,display,camp_14,3858,19,23.09
2025-07-16,CMP_1015,LATAM_Competitor_Display,Paid Social,linkedin,paid_social,camp_15,3768,96,651.17
2025-07-16,CMP_1016,APAC_Competitor_Search,Display,gdn,display,camp_16,6631,30,45.7
2025-07-16,CMP_1017,US_Brand_LinkedIn,Display,gdn,display,camp_17,4595,34,76.71
2025-07-16,CMP_1018,APAC_FeatureX_LinkedIn,Paid Social,linkedin,paid_social,camp_18,3949,86,627.6
2025-07-16,CMP_1019,LATAM_Brand_Display,Paid Social,linkedin,paid_social,camp_19,4174,80,512.96
2025-07-17,CMP_1001,EMEA_FeatureY_Search,Paid Social,linkedin,paid_social,camp_1,3758,39,252.25
2025-07-17,CMP_1002,APAC_Brand_Search,Paid Social,linkedin,paid_social,camp_2,3332,96,529.23
2025-07-17,CMP_1003,APAC_FeatureY_Search,Paid Search,google,paid_search,camp_3,6459,351,2048.98
2025-07-17,CMP_1004,US_FeatureY_Display,Paid Social,linkedin,paid_social,camp_4,5058,85,552.45
2025-07-17,CMP_1005,US_FeatureX_Search,Paid Social,linkedin,paid_social,camp_5,4595,97,345.16
2025-07-17,CMP_1006,EMEA_Competitor_LinkedIn,Paid Search,google,paid_search,camp_6,6550,261,1008.85
2025-07-17,CMP_1007,EMEA_FeatureY_Display,Paid Social,linkedin,paid_social,camp_7,4187,106,685.89
2025-07-17,CMP_1008,EMEA_Brand_Search,Display,gdn,display,camp_8,5528,37,55.58
2025-07-17,CMP_1009,US_FeatureX_Search,Paid Social,linkedin,paid_social,camp_9,4345,114,819.74
2025-07-17,CMP_1010,LATAM_Competitor_LinkedIn,Paid Social,linkedin,paid_social,camp_10,4773,96,311.74
2025-07-17,CMP_1011,LATAM_Brand_LinkedIn,Paid Social,linkedin,paid_social,camp_11,3847,102,631.72
2025-07-17,CMP_1012,LATAM_FeatureX_Display,Display,gdn,display,camp_12,3905,33,49.2
2025-07-17,CMP_1013,APAC_Brand_LinkedIn,Display,gdn,display,camp_13,4643,30,72.99
2025-07-17,CMP_1014,LATAM_Competitor_Display,Display,gdn,display,camp_14,4137,21,47.01
2025-07-17,CMP_1015,LATAM_Competitor_Display,Paid Social,linkedin,paid_social,camp_15,3073,41,321.61
2025-07-17,CMP_1016,APAC_Competitor_Search,Display,gdn,display,camp_16,5692,30,39.28
2025-07-17,CMP_1017,US_Brand_LinkedIn,Display,gdn,display,camp_17,5202,37,80.18
2025-07-17,CMP_1018,APAC_FeatureX_LinkedIn,Paid Social,linkedin,paid_social,camp_18,2807,35,226.93
2025-07-17,CMP_1019,LATAM_Brand_Display,Paid Social,linkedin,paid_social,camp_19,4225,51,308.53
2025-07-18,CMP_1001,EMEA_FeatureY_Search,Paid Social,linkedin,paid_social,camp_1,4086,85,468.93
2025-07-18,CMP_1002,APAC_Brand_Search,Paid Social,linkedin,paid_social,camp_2,3572,59,234.72
2025-07-18,CMP_1003,APAC_FeatureY_Search,Paid Search,google,paid_search,camp_3,6282,311,1650.73
2025-07-18,CMP_1004,US_FeatureY_Display,Paid Social,linkedin,paid_social,camp_4,3597,66,338.02
2025-07-18,CMP_1005,US_FeatureX_Search,Paid Social,linkedin,paid_social,camp_5,4483,125,701.15
2025-07-18,CMP_1006,EMEA_Competitor_LinkedIn,Paid Search,google,paid_search,camp_6,5598,318,683.58
2025-07-18,CMP_1007,EMEA_FeatureY_Display,Paid Social,linkedin,paid_social,camp_7,4065,92,598.02
2025-07-18,CMP_1008,EMEA_Brand_Search,Display,gdn,display,camp_8,4600,36,87.78
2025-07-18,CMP_1009,US_FeatureX_Search,Paid Social,linkedin,paid_social,camp_9,3252,58,186.33
2025-07-18,CMP_1010,LATAM_Competitor_LinkedIn,Paid Social,linkedin,paid_social,camp_10,3651,95,414.34
2025-07-18,CMP_1011,LATAM_Brand_LinkedIn,Paid Social,linkedin,paid_social,camp_11,3239,39,274.14
2025-07-18,CMP_1012,LATAM_FeatureX_Display,Display,gdn,display,camp_12,4148,25,43.62
2025-07-18,CMP_1013,APAC_Brand_LinkedIn,Display,gdn,display,camp_13,4982,47,47.48
2025-07-18,CMP_1014,LATAM_Competitor_Display,Display,gdn,display,camp_14,4603,41,40.52
2025-07-18,CMP_1015,LATAM_Competitor_Display,Paid Social,linkedin,paid_social,camp_15,3821,89,405.45
2025-07-18,CMP_1016,APAC_Competitor_Search,Display,gdn,display,camp_16,6372,41,49.83
2025-07-18,CMP_1017,US_Brand_LinkedIn,Display,gdn,display,camp_17,4354,29,43.55
2025-07-18,CMP_1018,APAC_FeatureX_LinkedIn,Paid Social,linkedin,paid_social,camp_18,3321,68,536.39
2025-07-18,CMP_1019,LATAM_Brand_Display,Paid Social,linkedin,paid_social,camp_19,3080,35,168.37
2025-07-19,CMP_1001,EMEA_FeatureY_Search,Paid Social,linkedin,paid_social,camp_1,2041,52,348.82
2025-07-19,CMP_1002,APAC_Brand_Search,Paid Social,linkedin,paid_social,camp_2,2155,35,150.96
2025-07-19,CMP_1003,APAC_FeatureY_Search,Paid Search,google,paid_search,camp_3,2682,66,369.26
2025-07-19,CMP_1004,US_FeatureY_Display,Paid Social,linkedin,paid_social,camp_4,2702,41,264.32
2025-07-19,CMP_1005,US_FeatureX_Search,Paid Social,linkedin,paid_social,camp_5,2674,59,339.26
2025-07-19,CMP_1006,EMEA_Competitor_LinkedIn,Paid Search,google,paid_search,camp_6,3607,135,648.81
2025-07-19,CMP_1007,EMEA_FeatureY_Display,Paid Social,linkedin,paid_social,camp_7,1543,23,143.71
2025-07-19,CMP_1008,EMEA_Brand_Search,Display,gdn,display,camp_8,4343,19,17.08
2025-07-19,CMP_1009,US_FeatureX_Search,Paid Social,linkedin,paid_social,camp_9,1339,19,68.51
2025-07-19,CMP_1010,LATAM_Competitor_LinkedIn,Paid Social,linkedin,paid_social,camp_10,2235,22,100.34
2025-07-19,CMP_1011,LATAM_Brand_LinkedIn,Paid Social,linkedin,paid_social,camp_11,2672,77,609.51
2025-07-19,CMP_1012,LATAM_FeatureX_Display,Display,gdn,display,camp_12,2794,25,33.62
2025-07-19,CMP_1013,APAC_Brand_LinkedIn,Display,gdn,display,camp_13,2427,23,28.35
2025-07-19,CMP_1014,LATAM_Competitor_Display,Display,gdn,display,camp_14,2886,31,33.39
2025-07-19,CMP_1015,LATAM_Competitor_Display,Paid Social,linkedin,paid_social,camp_15,1536,24,175.14
2025-07-19,CMP_1016,APAC_Competitor_Search,Display,gdn,display,camp_16,3232,29,59.79
2025-07-19,CMP_1017,US_Brand_LinkedIn,Display,gdn,display,camp_17,2074,14,30.13
2025-07-19,CMP_1018,APAC_FeatureX_LinkedIn,Paid Social,linkedin,paid_social,camp_18,1956,55,415.78
2025-07-19,CMP_1019,LATAM_Brand_Display,Paid Social,linkedin,paid_social,camp_19,1518,41,321.83
2025-07-20,CMP_1001,EMEA_FeatureY_Search,Paid Social,linkedin,paid_social,camp_1,2466,30,95.44
2025-07-20,CMP_1002,APAC_Brand_Search,Paid Social,linkedin,paid_social,camp_2,139,1,7.79
2025-07-20,CMP_1003,APAC_FeatureY_Search,Paid Search,google,paid_search,camp_3,2151,106,598.58
2025-07-20,CMP_1004,US_FeatureY_Display,Paid Social,linkedin,paid_social,camp_4,1477,20,99.72
2025-07-20,CMP_1005,US_FeatureX_Search,Paid Social,linkedin,paid_social,camp_5,511,9,33.76
2025-07-20,CMP_1006,EMEA_Competitor_LinkedIn,Paid Search,google,paid_search,camp_6,1888,76,218.78
2025-07-20,CMP_1007,EMEA_FeatureY_Display,Paid Social,linkedin,paid_social,camp_7,1069,24,177.76
2025-07-20,CMP_1008,EMEA_Brand_Search,Display,gdn,display,camp_8,2241,21,24.52
2025-07-20,CMP_1009,US_FeatureX_Search,Paid Social,linkedin,paid_social,camp_9,2833,80,363.12
2025-07-20,CMP_1010,LATAM_Competitor_LinkedIn,Paid Social,linkedin,paid_social,camp_10,453,12,65.44
2025-07-20,CMP_1011,LATAM_Brand_LinkedIn,Paid Social,linkedin,paid_social,camp_11,1602,45,165.11
2025-07-20,CMP_1012,LATAM_FeatureX_Display,Display,gdn,display,camp_12,1905,14,23.21
2025-07-20,CMP_1013,APAC_Brand_LinkedIn,Display,gdn,display,camp_13,2589,14,31.97
2025-07-20,CMP_1014,LATAM_Competitor_Display,Display,gdn,display,camp_14,2842,17,40.61
2025-07-20,CMP_1015,LATAM_Competitor_Display,Paid Social,linkedin,paid_social,camp_15,1881,47,148.8
2025-07-20,CMP_1016,APAC_Competitor_Search,Display,gdn,display,camp_16,1383,9,15.35
2025-07-20,CMP_1017,US_Brand_LinkedIn,Display,gdn,display,camp_17,2425,21,48.92
2025-07-20,CMP_1018,APAC_FeatureX_LinkedIn,Paid Social,linkedin,paid_social,camp_18,1559,21,141.27
2025-07-20,CMP_1019,LATAM_Brand_Display,Paid Social,linkedin,paid_social,camp_19,860,20,75.55
2025-07-21,CMP_1001,EMEA_FeatureY_Search,Paid Social,linkedin,paid_social,camp_1,3848,75,333.25
2025-07-21,CMP_1002,APAC_Brand_Search,Paid Social,linkedin,paid_social,camp_2,2020,42,313.89
2025-07-21,CMP_1003,APAC_FeatureY_Search,Paid Search,google,paid_search,camp_3,6664,386,1604.09
2025-07-21,CMP_1004,US_FeatureY_Display,Paid Social,linkedin,paid_social,camp_4,2653,40,189.47
2025-07-21,CMP_1005,US_FeatureX_Search,Paid Social,linkedin,paid_social,camp_5,3346,54,419.46
2025-07-21,CMP_1006,EMEA_Competitor_LinkedIn,Paid Search,google,paid_search,camp_6,6268,219,812.65
2025-07-21,CMP_1007,EMEA_FeatureY_Display,Paid Social,linkedin,paid_social,camp_7,3640,37,263.44
2025-07-21,CMP_1008,EMEA_Brand_Search,Display,gdn,display,camp_8,5054,47,67.22
2025-07-21,CMP_1009,US_FeatureX_Search,Paid Social,linkedin,paid_social,camp_9,4123,66,263.21
2025-07-21,CMP_1010,LATAM_Competitor_LinkedIn,Paid Social,linkedin,paid_social,camp_10,3755,76,296.92
2025-07-21,CMP_1011,LATAM_Brand_LinkedIn,Paid Social,linkedin,paid_social,camp_11,4856,120,587.03
2025-07-21,CMP_1012,LATAM_FeatureX_Display,Display,gdn,display,camp_12,5080,46,70.27
2025-07-21,CMP_1013,APAC_Brand_LinkedIn,Display,gdn,display,camp_13,5372,55,132.92
2025-07-21,CMP_1014,LATAM_Competitor_Display,Display,gdn,display,camp_14,4490,18,19.97
2025-07-21,CMP_1015,LATAM_Competitor_Display,Paid Social,linkedin,paid_social,camp_15,2447,60,374.71
2025-07-21,CMP_1016,APAC_Competitor_Search,Display,gdn,display,camp_16,5445,48,47.04
2025-07-21,CMP_1017,US_Brand_LinkedIn,Display,gdn,display,camp_17,4480,49,120.26
2025-07-21,CMP_1018,APAC_FeatureX_LinkedIn,Paid Social,linkedin,paid_social,camp_18,3041,72,232.85
2025-07-21,CMP_1019,LATAM_Brand_Display,Paid Social,linkedin,paid_social,camp_19,4234,62,212.7
2025-07-22,CMP_1001,EMEA_FeatureY_Search,Paid Social,linkedin,paid_social,camp_1,3366,58,400.06
2025-07-22,CMP_1002,APAC_Brand_Search,Paid Social,linkedin,paid_social,camp_2,2563,61,474.0
2025-07-22,CMP_1003,APAC_FeatureY_Search,Paid Search,google,paid_search,camp_3,6600,304,912.26
2025-07-22,CMP_1004,US_FeatureY_Display,Paid Social,linkedin,paid_social,camp_4,3245,82,434.82
2025-07-22,CMP_1005,US_FeatureX_Search,Paid Social,linkedin,paid_social,camp_5,3190,67,489.71
2025-07-22,CMP_1006,EMEA_Competitor_LinkedIn,Paid Search,google,paid_search,camp_6,5530,241,489.27
2025-07-22,CMP_1007,EMEA_FeatureY_Display,Paid Social,linkedin,paid_social,camp_7,4388,95,470.9
2025-07-22,CMP_1008,EMEA_Brand_Search,Display,gdn,display,camp_8,5353,59,65.77
2025-07-22,CMP_1009,US_FeatureX_Search,Paid Social,linkedin,paid_social,camp_9,2496,42,322.89
2025-07-22,CMP_1010,LATAM_Competitor_LinkedIn,Paid Social,linkedin,paid_social,camp_10,3963,89,377.82
2025-07-22,CMP_1011,LATAM_Brand_LinkedIn,Paid Social,linkedin,paid_social,camp_11,3548,49,352.41
2025-07-22,CMP_1012,LATAM_FeatureX_Display,Display,gdn,display,camp_12,4778,35,79.3
2025-07-22,CMP_1013,APAC_Brand_LinkedIn,Display,gdn,display,camp_13,4628,29,26.43
2025-07-22,CMP_1014,LATAM_Competitor_Display,Display,gdn,display,camp_14,4280,33,42.01
2025-07-22,CMP_1015,LATAM_Competitor_Display,Paid Social,linkedin,paid_social,camp_15,3754,58,386.34
2025-07-22,CMP_1016,APAC_Competitor_Search,Display,gdn,display,camp_16,4319,41,78.85
2025-07-22,CMP_1017,US_Brand_LinkedIn,Display,gdn,display,camp_17,4292,29,64.17
2025-07-22,CMP_1018,APAC_FeatureX_LinkedIn,Paid Social,linkedin,paid_social,camp_18,2681,63,428.26
2025-07-22,CMP_1019,LATAM_Brand_Display,Paid Social,linkedin,paid_social,camp_19,3441,40,126.8
2025-07-23,CMP_1001,EMEA_FeatureY_Search,Paid Social,linkedin,paid_social,camp_1,3414,73,247.82
2025-07-23,CMP_1002,APAC_Brand_Search,Paid Social,linkedin,paid_social,camp_2,3263,33,170.43
2025-07-23,CMP_1003,APAC_FeatureY_Search,Paid Search,google,paid_search,camp_3,6263,205,719.61
2025-07-23,CMP_1004,US_FeatureY_Display,Paid Social,linkedin,paid_social,camp_4,3821,57,303.14
2025-07-23,CMP_1005,US_FeatureX_Search,Paid Social,linkedin,paid_social,camp_5,3613,88,476.86
2025-07-23,CMP_1006,EMEA_Competitor_LinkedIn,Paid Search,google,paid_search,camp_6,5525,148,479.92
2025-07-23,CMP_1007,EMEA_FeatureY_Display,Paid Social,linkedin,paid_social,camp_7,4016,106,328.07
2025-07-23,CMP_1008,EMEA_Brand_Search,Display,gdn,display,camp_8,4510,20,26.67
2025-07-23,CMP_1009,US_FeatureX_Search,Paid Social,linkedin,paid_social,camp_9,3701,77,359.72
2025-07-23,CMP_1010,LATAM_Competitor_LinkedIn,Paid Social,linkedin,paid_social,camp_10,4194,112,520.25
2025-07-23,CMP_1011,LATAM_Brand_LinkedIn,Paid Social,linkedin,paid_social,camp_11,3138,64,459.54
2025-07-23,CMP_1012,LATAM_FeatureX_Display,Display,gdn,display,camp_12,5279,50,79.1
2025-07-23,CMP_1013,APAC_Brand_LinkedIn,Display,gdn,display,camp_13,3737,29,54.9
2025-07-23,CMP_1014,LATAM_Competitor_Display,Display,gdn,display,camp_14,3903,29,54.21
2025-07-23,CMP_1015,LATAM_Competitor_Display,Paid Social,linkedin,paid_social,camp_15,3976,45,267.08
2025-07-23,CMP_1016,APAC_Competitor_Search,Display,gdn,display,camp_16,5744,39,68.01
2025-07-23,CMP_1017,US_Brand_LinkedIn,Display,gdn,display,camp_17,4261,38,49.81
2025-07-23,CMP_1018,APAC_FeatureX_LinkedIn,Paid Social,linkedin,paid_social,camp_18,4283,76,241.42
2025-07-23,CMP_1019,LATAM_Brand_Display,Paid Social,linkedin,paid_social,camp_19,4092,91,447.36
2025-07-24,CMP_1001,EMEA_FeatureY_Search,Paid Social,linkedin,paid_social,camp_1,2739,68,468.12
2025-07-24,CMP_1002,APAC_Brand_Search,Paid Social,linkedin,paid_social,camp_2,3557,82,477.24
2025-07-24,CMP_1003,APAC_FeatureY_Search,Paid Search,google,paid_search,camp_3,6422,233,559.99
2025-07-24,CMP_1004,US_FeatureY_Display,Paid Social,linkedin,paid_social,camp_4,2651,70,548.49
2025-07-24,CMP_1005,US_FeatureX_Search,Paid Social,linkedin,paid_social,camp_5,3230,73,486.7
2025-07-24,CMP_1006,EMEA_Competitor_LinkedIn,Paid Search,google,paid_search,camp_6,5177,220,787.82
2025-07-24,CMP_1007,EMEA_FeatureY_Display,Paid Social,linkedin,paid_social,camp_7,3449,45,277.35
2025-07-24,CMP_1008,EMEA_Brand_Search,Display,gdn,display,camp_8,3593,15,28.77
2025-07-24,CMP_1009,US_FeatureX_Search,Paid Social,linkedin,paid_social,camp_9,4351,54,331.47
2025-07-24,CMP_1010,LATAM_Competitor_LinkedIn,Paid Social,linkedin,paid_social,camp_10,2363,28,92.98
2025-07-24,CMP_1011,LATAM_Brand_LinkedIn,Paid Social,linkedin,paid_social,camp_11,4260,61,196.07
2025-07-24,CMP_1012,LATAM_FeatureX_Display,Display,gdn,display,camp_12,4812,43,51.75
2025-07-24,CMP_1013,APAC_Brand_LinkedIn,Display,gdn,display,camp_13,4847,35,61.11
2025-07-24,CMP_1014,LATAM_Competitor_Display,Display,gdn,display,camp_14,5023,21,26.81
2025-07-24,CMP_1015,LATAM_Competitor_Display,Paid Social,linkedin,paid_social,camp_15,3119,48,357.49
2025-07-24,CMP_1016,APAC_Competitor_Search,Display,gdn,display,camp_16,4313,22,27.72
2025-07-24,CMP_1017,US_Brand_LinkedIn,Display,gdn,display,camp_17,4702,44,43.3
2025-07-24,CMP_1018,APAC_FeatureX_LinkedIn,Paid Social,linkedin,paid_social,camp_18,4080,61,473.69
2025-07-24,CMP_1019,LATAM_Brand_Display,Paid Social,linkedin,paid_social,camp_19,3134,46,179.68
2025-07-25,CMP_1001,EMEA_FeatureY_Search,Paid Social,linkedin,paid_social,camp_1,2912,78,293.2
2025-07-25,CMP_1002,APAC_Brand_Search,Paid Social,linkedin,paid_social,camp_2,4536,65,473.74
2025-07-25,CMP_1003,APAC_FeatureY_Search,Paid Search,google,paid_search,camp_3,5697,258,912.05
2025-07-25,CMP_1004,US_FeatureY_Display,Paid Social,linkedin,paid_social,camp_4,2968,67,407.31
2025-07-25,CMP_1005,US_FeatureX_Search,Paid Social,linkedin,paid_social,camp_5,3492,40,175.67
2025-07-25,CMP_1006,EMEA_Competitor_LinkedIn,Paid Search,google,paid_search,camp_6,4621,210,1182.23
2025-07-25,CMP_1007,EMEA_FeatureY_Display,Paid Social,linkedin,paid_social,camp_7,3891,67,280.8
2025-07-25,CMP_1008,EMEA_Brand_Search,Display,gdn,display,camp_8,3805,35,35.01
2025-07-25,CMP_1009,US_FeatureX_Search,Paid Social,linkedin,paid_social,camp_9,3214,47,197.75
2025-07-25,CMP_1010,LATAM_Competitor_LinkedIn,Paid Social,linkedin,paid_social,camp_10,3137,78,463.76
2025-07-25,CMP_1011,LATAM_Brand_LinkedIn,Paid Social,linkedin,paid_social,camp_11,3128,42,332.1
2025-07-25,CMP_1012,LATAM_FeatureX_Display,Display,gdn,display,camp_12,4044,33,28.28
2025-07-25,CMP_1013,APAC_Brand_LinkedIn,Display,gdn,display,camp_13,4875,25,31.84
2025-07-25,CMP_1014,LATAM_Competitor_Display,Display,gdn,display,camp_14,5580,31,47.15
2025-07-25,CMP_1015,LATAM_Competitor_Display,Paid Social,linkedin,paid_social,camp_15,3441,88,433.3
2025-07-25,CMP_1016,APAC_Competitor_Search,Display,gdn,display,camp_16,4321,26,31.92
2025-07-25,CMP_1017,US_Brand_LinkedIn,Display,gdn,display,camp_17,4682,20,36.05
2025-07-25,CMP_1018,APAC_FeatureX_LinkedIn,Paid Social,linkedin,paid_social,camp_18,3913,89,294.99
2025-07-25,CMP_1019,LATAM_Brand_Display,Paid Social,linkedin,paid_social,camp_19,3585,74,544.44
2025-07-26,CMP_1001,EMEA_FeatureY_Search,Paid Social,linkedin,paid_social,camp_1,2279,39,281.52
2025-07-26,CMP_1002,APAC_Brand_Search,Paid Social,linkedin,paid_social,camp_2,455,8,41.09
2025-07-26,CMP_1003,APAC_FeatureY_Search,Paid Search,google,paid_search,camp_3,2656,133,273.55
2025-07-26,CMP_1004,US_FeatureY_Display,Paid Social,linkedin,paid_social,camp_4,1697,32,100.65
2025-07-26,CMP_1005,US_FeatureX_Search,Paid Social,linkedin,paid_social,camp_5,2142,24,152.84
2025-07-26,CMP_1006,EMEA_Competitor_LinkedIn,Paid Search,google,paid_search,camp_6,3889,81,251.7
2025-07-26,CMP_1007,EMEA_FeatureY_Display,Paid Social,linkedin,paid_social,camp_7,2913,38,222.35
2025-07-26,CMP_1008,EMEA_Brand_Search,Display,gdn,display,camp_8,2869,24,40.57
2025-07-26,CMP_1009,US_FeatureX_Search,Paid Social,linkedin,paid_social,camp_9,2356,70,218.11
2025-07-26,CMP_1010,LATAM_Competitor_LinkedIn,Paid Social,linkedin,paid_social,camp_10,2433,39,266.14
2025-07-26,CMP_1011,LATAM_Brand_LinkedIn,Paid Social,linkedin,paid_social,camp_11,2144,50,233.91
2025-07-26,CMP_1012,LATAM_FeatureX_Display,Display,gdn,display,camp_12,1909,10,18.83
2025-07-26,CMP_1013,APAC_Brand_LinkedIn,Display,gdn,display,camp_13,2809,27,51.78
2025-07-26,CMP_1014,LATAM_Competitor_Display,Display,gdn,display,camp_14,3105,30,29.68
2025-07-26,CMP_1015,LATAM_Competitor_Display,Paid Social,linkedin,paid_social,camp_15,2362,67,223.19
2025-07-26,CMP_1016,APAC_Competitor_Search,Display,gdn,display,camp_16,1997,10,23.98
2025-07-26,CMP_1017,US_Brand_LinkedIn,Display,gdn,display,camp_17,3330,20,31.13
2025-07-26,CMP_1018,APAC_FeatureX_LinkedIn,Paid Social,linkedin,paid_social,camp_18,1679,24,149.84
2025-07-26,CMP_1019,LATAM_Brand_Display,Paid Social,linkedin,paid_social,camp_19,2016,21,78.68
2025-07-27,CMP_1001,EMEA_FeatureY_Search,Paid Social,linkedin,paid_social,camp_1,1707,33,243.46
2025-07-27,CMP_1002,APAC_Brand_Search,Paid Social,linkedin,paid_social,camp_2,1954,32,126.84
2025-07-27,CMP_1003,APAC_FeatureY_Search,Paid Search,google,paid_search,camp_3,3868,189,1026.49
2025-07-27,CMP_1004,US_FeatureY_Display,Paid Social,linkedin,paid_social,camp_4,2216,39,225.16
2025-07-27,CMP_1005,US_FeatureX_Search,Paid Social,linkedin,paid_social,camp_5,2013,54,243.51
2025-07-27,CMP_1006,EMEA_Competitor_LinkedIn,Paid Search,google,paid_search,camp_6,554,16,95.82
2025-07-27,CMP_1007,EMEA_FeatureY_Display,Paid Social,linkedin,paid_social,camp_7,653,16,121.16
2025-07-27,CMP_1008,EMEA_Brand_Search,Display,gdn,display,camp_8,2787,32,64.24
2025-07-27,CMP_1009,US_FeatureX_Search,Paid Social,linkedin,paid_social,camp_9,1909,34,114.16
2025-07-27,CMP_1010,LATAM_Competitor_LinkedIn,Paid Social,linkedin,paid_social,camp_10,2371,70,348.97
2025-07-27,CMP_1011,LATAM_Brand_LinkedIn,Paid Social,linkedin,paid_social,camp_11,2510,63,229.4
2025-07-27,CMP_1012,LATAM_FeatureX_Display,Display,gdn,display,camp_12,1105,12,27.13
2025-07-27,CMP_1013,APAC_Brand_LinkedIn,Display,gdn,display,camp_13,2904,28,62.6
2025-07-27,CMP_1014,LATAM_Competitor_Display,Display,gdn,display,camp_14,2463,12,15.5
2025-07-27,CMP_1015,LATAM_Competitor_Display,Paid Social,linkedin,paid_social,camp_15,1932,51,381.88
2025-07-27,CMP_1016,APAC_Competitor_Search,Display,gdn,display,camp_16,2563,11,15.4
2025-07-27,CMP_1017,US_Brand_LinkedIn,Display,gdn,display,camp_17,1810,19,18.41
2025-07-27,CMP_1018,APAC_FeatureX_LinkedIn,Paid Social,linkedin,paid_social,camp_18,1108,11,41.32
2025-07-27,CMP_1019,LATAM_Brand_Display,Paid Social,linkedin,paid_social,camp_19,1385,16,68.26
2025-07-28,CMP_1001,EMEA_FeatureY_Search,Paid Social,linkedin,paid_social,camp_1,3181,73,534.67
2025-07-28,CMP_1002,APAC_Brand_Search,Paid Social,linkedin,paid_social,camp_2,3501,84,400.83
2025-07-28,CMP_1003,APAC_FeatureY_Search,Paid Search,google,paid_search,camp_3,5328,253,1202.71
2025-07-28,CMP_1004,US_FeatureY_Display,Paid Social,linkedin,paid_social,camp_4,4507,131,875.4
2025-07-28,CMP_1005,US_FeatureX_Search,Paid Social,linkedin,paid_social,camp_5,4227,58,360.55
2025-07-28,CMP_1006,EMEA_Competitor_LinkedIn,Paid Search,google,paid_search,camp_6,6438,300,1535.35
2025-07-28,CMP_1007,EMEA_FeatureY_Display,Paid Social,linkedin,paid_social,camp_7,3672,52,221.87
2025-07-28,CMP_1008,EMEA_Brand_Search,Display,gdn,display,camp_8,5212,29,50.8
2025-07-28,CMP_1009,US_FeatureX_Search,Paid Social,linkedin,paid_social,camp_9,3125,57,271.6
2025-07-28,CMP_1010,LATAM_Competitor_LinkedIn,Paid Social,linkedin,paid_social,camp_10,3374,48,146.24
2025-07-28,CMP_1011,LATAM_Brand_LinkedIn,Paid Social,linkedin,paid_social,camp_11,3436,88,631.0
2025-07-28,CMP_1012,LATAM_FeatureX_Display,Display,gdn,display,camp_12,5648,54,95.0
2025-07-28,CMP_1013,APAC_Brand_LinkedIn,Display,gdn,display,camp_13,7125,59,67.55
2025-07-28,CMP_1014,LATAM_Competitor_Display,Display,gdn,display,camp_14,5863,53,104.05
2025-07-28,CMP_1015,LATAM_Competitor_Display,Paid Social,linkedin,paid_social,camp_15,2699,56,353.97
2025-07-28,CMP_1016,APAC_Competitor_Search,Display,gdn,display,camp_16,4426,46,97.18
2025-07-28,CMP_1017,US_Brand_LinkedIn,Display,gdn,display,camp_17,4647,40,54.53
2025-07-28,CMP_1018,APAC_FeatureX_LinkedIn,Paid Social,linkedin,paid_social,camp_18,3754,37,261.9
2025-07-28,CMP_1019,LATAM_Brand_Display,Paid Social,linkedin,paid_social,camp_19,3881,68,401.12
2025-07-29,CMP_1001,EMEA_FeatureY_Search,Paid Social,linkedin,paid_social,camp_1,3693,76,287.5
2025-07-29,CMP_1002,APAC_Brand_Search,Paid Social,linkedin,paid_social,camp_2,2828,48,181.1
2025-07-29,CMP_1003,APAC_FeatureY_Search,Paid Search,google,paid_search,camp_3,7400,330,1221.7
2025-07-29,CMP_1004,US_FeatureY_Display,Paid Social,linkedin,paid_social,camp_4,3904,48,201.91
2025-07-29,CMP_1005,US_FeatureX_Search,Paid Social,linkedin,paid_social,camp_5,3232,79,353.68
2025-07-29,CMP_1006,EMEA_Competitor_LinkedIn,Paid Search,google,paid_search,camp_6,6488,272,1159.68
2025-07-29,CMP_1007,EMEA_FeatureY_Display,Paid Social,linkedin,paid_social,camp_7,3466,62,297.58
2025-07-29,CMP_1008,EMEA_Brand_Search,Display,gdn,display,camp_8,4704,50,58.36
2025-07-29,CMP_1009,US_FeatureX_Search,Paid Social,linkedin,paid_social,camp_9,3803,46,233.05
2025-07-29,CMP_1010,LATAM_Competitor_LinkedIn,Paid Social,linkedin,paid_social,camp_10,3935,68,517.81
2025-07-29,CMP_1011,LATAM_Brand_LinkedIn,Paid Social,linkedin,paid_social,camp_11,3003,61,192.91
2025-07-29,CMP_1012,LATAM_FeatureX_Display,Display,gdn,display,camp_12,4138,16,24.11
2025-07-29,CMP_1013,APAC_Brand_LinkedIn,Display,gdn,display,camp_13,4400,32,71.34
2025-07-29,CMP_1014,LATAM_Competitor_Display,Display,gdn,display,camp_14,4169,26,31.98
2025-07-29,CMP_1015,LATAM_Competitor_Display,Paid Social,linkedin,paid_social,camp_15,3767,89,421.39
2025-07-29,CMP_1016,APAC_Competitor_Search,Display,gdn,display,camp_16,5238,61,141.97
2025-07-29,CMP_1017,US_Brand_LinkedIn,Display,gdn,display,camp_17,4854,49,107.3
2025-07-29,CMP_1018,APAC_FeatureX_LinkedIn,Paid Social,linkedin,paid_social,camp_18,2738,32,144.56
2025-07-29,CMP_1019,LATAM_Brand_Display,Paid Social,linkedin,paid_social,camp_19,2801,63,374.4
2025-07-30,CMP_1001,EMEA_FeatureY_Search,Paid Social,linkedin,paid_social,camp_1,2986,40,276.16
2025-07-30,CMP_1002,APAC_Brand_Search,Paid Social,linkedin,paid_social,camp_2,3380,72,356.87
2025-07-30,CMP_1003,APAC_FeatureY_Search,Paid Search,google,paid_search,camp_3,4903,188,1011.43
2025-07-30,CMP_1004,US_FeatureY_Display,Paid Social,linkedin,paid_social,camp_4,3058,79,384.89
2025-07-30,CMP_1005,US_FeatureX_Search,Paid Social,linkedin,paid_social,camp_5,3502,66,214.11
2025-07-30,CMP_1006,EMEA_Competitor_LinkedIn,Paid Search,google,paid_search,camp_6,6636,243,1342.48
2025-07-30,CMP_1007,EMEA_FeatureY_Display,Paid Social,linkedin,paid_social,camp_7,3497,53,404.52
2025-07-30,CMP_1008,EMEA_Brand_Search,Display,gdn,display,camp_8,3563,16,32.75
2025-07-30,CMP_1009,US_FeatureX_Search,Paid Social,linkedin,paid_social,camp_9,3361,89,353.31
2025-07-30,CMP_1010,LATAM_Competitor_LinkedIn,Paid Social,linkedin,paid_social,camp_10,4345,85,355.64
2025-07-30,CMP_1011,LATAM_Brand_LinkedIn,Paid Social,linkedin,paid_social,camp_11,3913,83,583.23
2025-07-30,CMP_1012,LATAM_FeatureX_Display,Display,gdn,display,camp_12,5162,28,30.24
2025-07-30,CMP_1013,APAC_Brand_LinkedIn,Display,gdn,display,camp_13,4447,36,58.48
2025-07-30,CMP_1014,LATAM_Competitor_Display,Display,gdn,display,camp_14,4821,38,51.91
2025-07-30,CMP_1015,LATAM_Competitor_Display,Paid Social,linkedin,paid_social,camp_15,4386,88,392.79
2025-07-30,CMP_1016,APAC_Competitor_Search,Display,gdn,display,camp_16,4402,27,63.0
2025-07-30,CMP_1017,US_Brand_LinkedIn,Display,gdn,display,camp_17,5230,23,30.03
2025-07-30,CMP_1018,APAC_FeatureX_LinkedIn,Paid Social,linkedin,paid_social,camp_18,2813,60,271.22
2025-07-30,CMP_1019,LATAM_Brand_Display,Paid Social,linkedin,paid_social,camp_19,3870,59,361.84
2025-07-31,CMP_1001,EMEA_FeatureY_Search,Paid Social,linkedin,paid_social,camp_1,4442,46,335.51
2025-07-31,CMP_1002,APAC_Brand_Search,Paid Social,linkedin,paid_social,camp_2,4124,52,408.01
2025-07-31,CMP_1003,APAC_FeatureY_Search,Paid Search,google,paid_search,camp_3,6141,289,1109.52
2025-07-31,CMP_1004,US_FeatureY_Display,Paid Social,linkedin,paid_social,camp_4,4022,66,432.72
2025-07-31,CMP_1005,US_FeatureX_Search,Paid Social,linkedin,paid_social,camp_5,4187,60,280.66
2025-07-31,CMP_1006,EMEA_Competitor_LinkedIn,Paid Search,google,paid_search,camp_6,6438,274,1176.75
2025-07-31,CMP_1007,EMEA_FeatureY_Display,Paid Social,linkedin,paid_social,camp_7,3242,79,547.38
2025-07-31,CMP_1008,EMEA_Brand_Search,Display,gdn,display,camp_8,4066,24,45.65
2025-07-31,CMP_1009,US_FeatureX_Search,Paid Social,linkedin,paid_social,camp_9,3173,36,228.63
2025-07-31,CMP_1010,LATAM_Competitor_LinkedIn,Paid Social,linkedin,paid_social,camp_10,2849,62,274.65
2025-07-31,CMP_1011,LATAM_Brand_LinkedIn,Paid Social,linkedin,paid_social,camp_11,3803,39,179.56
2025-07-31,CMP_1012,LATAM_FeatureX_Display,Display,gdn,display,camp_12,5474,58,94.28
2025-07-31,CMP_1013,APAC_Brand_LinkedIn,Display,gdn,display,camp_13,4655,41,49.22
2025-07-31,CMP_1014,LATAM_Competitor_Display,Display,gdn,display,camp_14,5649,62,109.99
2025-07-31,CMP_1015,LATAM_Competitor_Display,Paid Social,linkedin,paid_social,camp_15,3674,62,453.13
2025-07-31,CMP_1016,APAC_Competitor_Search,Display,gdn,display,camp_16,4421,34,69.17
2025-07-31,CMP_1017,US_Brand_LinkedIn,Display,gdn,display,camp_17,4998,26,27.75
2025-07-31,CMP_1018,APAC_FeatureX_LinkedIn,Paid Social,linkedin,paid_social,camp_18,3760,71,436.12
2025-07-31,CMP_1019,LATAM_Brand_Display,Paid Social,linkedin,paid_social,camp_19,3237,71,254.67
2025-08-01,CMP_1001,EMEA_FeatureY_Search,Paid Social,linkedin,paid_social,camp_1,3791,80,458.97
2025-08-01,CMP_1002,APAC_Brand_Search,Paid Social,linkedin,paid_social,camp_2,3178,75,580.34
2025-08-01,CMP_1003,APAC_FeatureY_Search,Paid Search,google,paid_search,camp_3,5320,146,716.56
2025-08-01,CMP_1004,US_FeatureY_Display,Paid Social,linkedin,paid_social,camp_4,4619,99,721.8
2025-08-01,CMP_1005,US_FeatureX_Search,Paid Social,linkedin,paid_social,camp_5,2914,72,500.47
2025-08-01,CMP_1006,EMEA_Competitor_LinkedIn,Paid Search,google,paid_search,camp_6,6616,200,1051.21
2025-08-01,CMP_1007,EMEA_FeatureY_Display,Paid Social,linkedin,paid_social,camp_7,3884,104,828.01
2025-08-01,CMP_1008,EMEA_Brand_Search,Display,gdn,display,camp_8,5041,50,120.38
2025-08-01,CMP_1009,US_FeatureX_Search,Paid Social,linkedin,paid_social,camp_9,3061,52,237.02
2025-08-01,CMP_1010,LATAM_Competitor_LinkedIn,Paid Social,linkedin,paid_social,camp_10,3806,48,259.04
2025-08-01,CMP_1011,LATAM_Brand_LinkedIn,Paid Social,linkedin,paid_social,camp_11,3209,47,213.72
2025-08-01,CMP_1012,LATAM_FeatureX_Display,Display,gdn,display,camp_12,4031,18,38.49
2025-08-01,CMP_1013,APAC_Brand_LinkedIn,Display,gdn,display,camp_13,5489,63,51.81
2025-08-01,CMP_1014,LATAM_Competitor_Display,Display,gdn,display,camp_14,4843,41,100.6
2025-08-01,CMP_1015,LATAM_Competitor_Display,Paid Social,linkedin,paid_social,camp_15,4254,102,563.32
2025-08-01,CMP_1016,APAC_Competitor_Search,Display,gdn,display,camp_16,5865,59,122.23
2025-08-01,CMP_1017,US_Brand_LinkedIn,Display,gdn,display,camp_17,5671,25,23.56
2025-08-01,CMP_1018,APAC_FeatureX_LinkedIn,Paid Social,linkedin,paid_social,camp_18,4751,98,345.55
2025-08-01,CMP_1019,LATAM_Brand_Display,Paid Social,linkedin,paid_social,camp_19,3192,41,317.64
2025-08-02,CMP_1001,EMEA_FeatureY_Search,Paid Social,linkedin,paid_social,camp_1,2112,26,164.83
2025-08-02,CMP_1002,APAC_Brand_Search,Paid Social,linkedin,paid_social,camp_2,2095,60,214.71
2025-08-02,CMP_1003,APAC_FeatureY_Search,Paid Search,google,paid_search,camp_3,1891,105,628.38
2025-08-02,CMP_1004,US_FeatureY_Display,Paid Social,linkedin,paid_social,camp_4,2485,52,260.67
2025-08-02,CMP_1005,US_FeatureX_Search,Paid Social,linkedin,paid_social,camp_5,1166,34,269.59
2025-08-02,CMP_1006,EMEA_Competitor_LinkedIn,Paid Search,google,paid_search,camp_6,2998,81,474.92
2025-08-02,CMP_1007,EMEA_FeatureY_Display,Paid Social,linkedin,paid_social,camp_7,3321,91,325.16
2025-08-02,CMP_1008,EMEA_Brand_Search,Display,gdn,display,camp_8,2278,20,47.85
2025-08-02,CMP_1009,US_FeatureX_Search,Paid Social,linkedin,paid_social,camp_9,1648,18,110.52
2025-08-02,CMP_1010,LATAM_Competitor_LinkedIn,Paid Social,linkedin,paid_social,camp_10,1677,34,138.63
2025-08-02,CMP_1011,LATAM_Brand_LinkedIn,Paid Social,linkedin,paid_social,camp_11,1718,19,124.61
2025-08-02,CMP_1012,LATAM_FeatureX_Display,Display,gdn,display,camp_12,2772,25,29.64
2025-08-02,CMP_1013,APAC_Brand_LinkedIn,Display,gdn,display,camp_13,2497,26,36.18
2025-08-02,CMP_1014,LATAM_Competitor_Display,Display,gdn,display,camp_14,1099,6,13.25
2025-08-02,CMP_1015,LATAM_Competitor_Display,Paid Social,linkedin,paid_social,camp_15,2411,33,168.95
2025-08-02,CMP_1016,APAC_Competitor_Search,Display,gdn,display,camp_16,2839,16,38.07
2025-08-02,CMP_1017,US_Brand_LinkedIn,Display,gdn,display,camp_17,4384,32,67.83
2025-08-02,CMP_1018,APAC_FeatureX_LinkedIn,Paid Social,linkedin,paid_social,camp_18,1734,18,97.96
2025-08-02,CMP_1019,LATAM_Brand_Display,Paid Social,linkedin,paid_social,camp_19,1809,43,306.41
2025-08-03,CMP_1001,EMEA_FeatureY_Search,Paid Social,linkedin,paid_social,camp_1,1155,20,61.08
2025-08-03,CMP_1002,APAC_Brand_Search,Paid Social,linkedin,paid_social,camp_2,2397,26,148.38
2025-08-03,CMP_1003,APAC_FeatureY_Search,Paid Search,google,paid_search,camp_3,2852,90,531.45
2025-08-03,CMP_1004,US_FeatureY_Display,Paid Social,linkedin,paid_social,camp_4,1737,29,108.43
2025-08-03,CMP_1005,US_FeatureX_Search,Paid Social,linkedin,paid_social,camp_5,1416,30,156.91
2025-08-03,CMP_1006,EMEA_Competitor_LinkedIn,Paid Search,google,paid_search,camp_6,5006,141,509.91
2025-08-03,CMP_1007,EMEA_FeatureY_Display,Paid Social,linkedin,paid_social,camp_7,1828,22,135.55
2025-08-03,CMP_1008,EMEA_Brand_Search,Display,gdn,display,camp_8,1990,22,20.88
2025-08-03,CMP_1009,US_FeatureX_Search,Paid Social,linkedin,paid_social,camp_9,2843,72,463.02
2025-08-03,CMP_1010,LATAM_Competitor_LinkedIn,Paid Social,linkedin,paid_social,camp_10,1635,48,188.26
2025-08-03,CMP_1011,LATAM_Brand_LinkedIn,Paid Social,linkedin,paid_social,camp_11,2461,64,259.65
2025-08-03,CMP_1012,LATAM_FeatureX_Display,Display,gdn,display,camp_12,2661,24,26.95
2025-08-03,CMP_1013,APAC_Brand_LinkedIn,Display,gdn,display,camp_13,2620,13,29.12
2025-08-03,CMP_1014,LATAM_Competitor_Display,Display,gdn,display,camp_14,1025,10,11.61
2025-08-03,CMP_1015,LATAM_Competitor_Display,Paid Social,linkedin,paid_social,camp_15,2357,68,495.59
2025-08-03,CMP_1016,APAC_Competitor_Search,Display,gdn,display,camp_16,3822,24,24.37
2025-08-03,CMP_1017,US_Brand_LinkedIn,Display,gdn,display,camp_17,1170,11,11.87
2025-08-03,CMP_1018,APAC_FeatureX_LinkedIn,Paid Social,linkedin,paid_social,camp_18,2440,40,152.05
2025-08-03,CMP_1019,LATAM_Brand_Display,Paid Social,linkedin,paid_social,camp_19,1089,23,116.43
2025-08-04,CMP_1001,EMEA_FeatureY_Search,Paid Social,linkedin,paid_social,camp_1,3312,33,257.08
2025-08-04,CMP_1002,APAC_Brand_Search,Paid Social,linkedin,paid_social,camp_2,3875,92,396.11
2025-08-04,CMP_1003,APAC_FeatureY_Search,Paid Search,google,paid_search,camp_3,5802,193,392.85
2025-08-04,CMP_1004,US_FeatureY_Display,Paid Social,linkedin,paid_social,camp_4,3071,36,266.05
2025-08-04,CMP_1005,US_FeatureX_Search,Paid Social,linkedin,paid_social,camp_5,3765,111,819.22
2025-08-04,CMP_1006,EMEA_Competitor_LinkedIn,Paid Search,google,paid_search,camp_6,7094,207,665.55
2025-08-04,CMP_1007,EMEA_FeatureY_Display,Paid Social,linkedin,paid_social,camp_7,3424,59,221.27
2025-08-04,CMP_1008,EMEA_Brand_Search,Display,gdn,display,camp_8,4529,52,62.55
2025-08-04,CMP_1009,US_FeatureX_Search,Paid Social,linkedin,paid_social,camp_9,4100,111,795.8
2025-08-04,CMP_1010,LATAM_Competitor_LinkedIn,Paid Social,linkedin,paid_social,camp_10,3019,73,424.79
2025-08-04,CMP_1011,LATAM_Brand_LinkedIn,Paid Social,linkedin,paid_social,camp_11,3249,51,193.29
2025-08-04,CMP_1012,LATAM_FeatureX_Display,Display,gdn,display,camp_12,4270,27,39.63
2025-08-04,CMP_1013,APAC_Brand_LinkedIn,Display,gdn,display,camp_13,5905,57,129.78
2025-08-04,CMP_1014,LATAM_Competitor_Display,Display,gdn,display,camp_14,5482,56,82.64
2025-08-04,CMP_1015,LATAM_Competitor_Display,Paid Social,linkedin,paid_social,camp_15,3269,95,309.47
2025-08-04,CMP_1016,APAC_Competitor_Search,Display,gdn,display,camp_16,3595,36,69.24
2025-08-04,CMP_1017,US_Brand_LinkedIn,Display,gdn,display,camp_17,4202,44,94.7
2025-08-04,CMP_1018,APAC_FeatureX_LinkedIn,Paid Social,linkedin,paid_social,camp_18,3806,76,550.45
2025-08-04,CMP_1019,LATAM_Brand_Display,Paid Social,linkedin,paid_social,camp_19,3274,96,443.65
2025-08-05,CMP_1001,EMEA_FeatureY_Search,Paid Social,linkedin,paid_social,camp_1,3849,47,280.12
2025-08-05,CMP_1002,APAC_Brand_Search,Paid Social,linkedin,paid_social,camp_2,3139,82,355.15
2025-08-05,CMP_1003,APAC_FeatureY_Search,Paid Search,google,paid_search,camp_3,6770,236,781.57
2025-08-05,CMP_1004,US_FeatureY_Display,Paid Social,linkedin,paid_social,camp_4,2493,28,116.94
2025-08-05,CMP_1005,US_FeatureX_Search,Paid Social,linkedin,paid_social,camp_5,3269,68,308.99
2025-08-05,CMP_1006,EMEA_Competitor_LinkedIn,Paid Search,google,paid_search,camp_6,6636,289,1488.8
2025-08-05,CMP_1007,EMEA_FeatureY_Display,Paid Social,linkedin,paid_social,camp_7,3497,73,295.23
2025-08-05,CMP_1008,EMEA_Brand_Search,Display,gdn,display,camp_8,4351,21,22.78
2025-08-05,CMP_1009,US_FeatureX_Search,Paid Social,linkedin,paid_social,camp_9,4644,64,215.72
2025-08-05,CMP_1010,LATAM_Competitor_LinkedIn,Paid Social,linkedin,paid_social,camp_10,2691,52,267.49
2025-08-05,CMP_1011,LATAM_Brand_LinkedIn,Paid Social,linkedin,paid_social,camp_11,3637,81,307.09
2025-08-05,CMP_1012,LATAM_FeatureX_Display,Display,gdn,display,camp_12,5465,31,45.87
2025-08-05,CMP_1013,APAC_Brand_LinkedIn,Display,gdn,display,camp_13,3582,37,56.26
2025-08-05,CMP_1014,LATAM_Competitor_Display,Display,gdn,display,camp_14,5439,45,40.54
2025-08-05,CMP_1015,LATAM_Competitor_Display,Paid Social,linkedin,paid_social,camp_15,3853,102,667.53
2025-08-05,CMP_1016,APAC_Competitor_Search,Display,gdn,display,camp_16,6214,55,64.72
2025-08-05,CMP_1017,US_Brand_LinkedIn,Display,gdn,display,camp_17,5036,35,53.9
2025-08-05,CMP_1018,APAC_FeatureX_LinkedIn,Paid Social,linkedin,paid_social,camp_18,4161,107,484.28
2025-08-05,CMP_1019,LATAM_Brand_Display,Paid Social,linkedin,paid_social,camp_19,3989,63,439.12
2025-08-06,CMP_1001,EMEA_FeatureY_Search,Paid Social,linkedin,paid_social,camp_1,4104,114,898.79
2025-08-06,CMP_1002,APAC_Brand_Search,Paid Social,linkedin,paid_social,camp_2,3582,96,297.6
2025-08-06,CMP_1003,APAC_FeatureY_Search,Paid Search,google,paid_search,camp_3,4608,254,717.32
2025-08-06,CMP_1004,US_FeatureY_Display,Paid Social,linkedin,paid_social,camp_4,3894,53,236.92
2025-08-06,CMP_1005,US_FeatureX_Search,Paid Social,linkedin,paid_social,camp_5,2993,79,461.03
2025-08-06,CMP_1006,EMEA_Competitor_LinkedIn,Paid Search,google,paid_search,camp_6,7523,267,1550.29
2025-08-06,CMP_1007,EMEA_FeatureY_Display,Paid Social,linkedin,paid_social,camp_7,3742,84,452.45
2025-08-06,CMP_1008,EMEA_Brand_Search,Display,gdn,display,camp_8,4827,36,68.23
2025-08-06,CMP_1009,US_FeatureX_Search,Paid Social,linkedin,paid_social,camp_9,4324,81,278.97
2025-08-06,CMP_1010,LATAM_Competitor_LinkedIn,Paid Social,linkedin,paid_social,camp_10,3506,72,536.78
2025-08-06,CMP_1011,LATAM_Brand_LinkedIn,Paid Social,linkedin,paid_social,camp_11,3944,107,645.89
2025-08-06,CMP_1012,LATAM_FeatureX_Display,Display,gdn,display,camp_12,4274,34,71.06
2025-08-06,CMP_1013,APAC_Brand_LinkedIn,Display,gdn,display,camp_13,4039,30,43.36
2025-08-06,CMP_1014,LATAM_Competitor_Display,Display,gdn,display,camp_14,4114,35,67.11
2025-08-06,CMP_1015,LATAM_Competitor_Display,Paid Social,linkedin,paid_social,camp_15,3633,107,447.36
2025-08-06,CMP_1016,APAC_Competitor_Search,Display,gdn,display,camp_16,5385,57,129.08
2025-08-06,CMP_1017,US_Brand_LinkedIn,Display,gdn,display,camp_17,4969,44,58.28
2025-08-06,CMP_1018,APAC_FeatureX_LinkedIn,Paid Social,linkedin,paid_social,camp_18,3800,107,365.8
2025-08-06,CMP_1019,LATAM_Brand_Display,Paid Social,linkedin,paid_social,camp_19,3695,51,238.43
2025-08-07,CMP_1001,EMEA_FeatureY_Search,Paid Social,linkedin,paid_social,camp_1,3267,40,203.06
2025-08-07,CMP_1002,APAC_Brand_Search,Paid Social,linkedin,paid_social,camp_2,3825,70,378.56
2025-08-07,CMP_1003,APAC_FeatureY_Search,Paid Search,google,paid_search,camp_3,7548,175,621.26
2025-08-07,CMP_1004,US_FeatureY_Display,Paid Social,linkedin,paid_social,camp_4,3209,61,397.52
2025-08-07,CMP_1005,US_FeatureX_Search,Paid Social,linkedin,paid_social,camp_5,3583,101,682.8
2025-08-07,CMP_1006,EMEA_Competitor_LinkedIn,Paid Search,google,paid_search,camp_6,6532,344,1383.88
2025-08-07,CMP_1007,EMEA_FeatureY_Display,Paid Social,linkedin,paid_social,camp_7,3547,72,380.87
2025-08-07,CMP_1008,EMEA_Brand_Search,Display,gdn,display,camp_8,3972,23,19.73
2025-08-07,CMP_1009,US_FeatureX_Search,Paid Social,linkedin,paid_social,camp_9,3237,38,294.92
2025-08-07,CMP_1010,LATAM_Competitor_LinkedIn,Paid Social,linkedin,paid_social,camp_10,3994,79,504.39
2025-08-07,CMP_1011,LATAM_Brand_LinkedIn,Paid Social,linkedin,paid_social,camp_11,3914,47,286.37
2025-08-07,CMP_1012,LATAM_FeatureX_Display,Display,gdn,display,camp_12,3787,33,36.4
2025-08-07,CMP_1013,APAC_Brand_LinkedIn,Display,gdn,display,camp_13,5388,23,24.51
2025-08-07,CMP_1014,LATAM_Competitor_Display,Display,gdn,display,camp_14,5587,63,70.85
2025-08-07,CMP_1015,LATAM_Competitor_Display,Paid Social,linkedin,paid_social,camp_15,4388,79,261.29
2025-08-07,CMP_1016,APAC_Competitor_Search,Display,gdn,display,camp_16,5194,45,51.17
2025-08-07,CMP_1017,US_Brand_LinkedIn,Display,gdn,display,camp_17,5897,30,45.87
2025-08-07,CMP_1018,APAC_FeatureX_LinkedIn,Paid Social,linkedin,paid_social,camp_18,3439,101,419.89
2025-08-07,CMP_1019,LATAM_Brand_Display,Paid Social,linkedin,paid_social,camp_19,4334,123,803.1
2025-08-08,CMP_1001,EMEA_FeatureY_Search,Paid Social,linkedin,paid_social,camp_1,3093,62,465.94
2025-08-08,CMP_1002,APAC_Brand_Search,Paid Social,linkedin,paid_social,camp_2,3474,35,258.53
2025-08-08,CMP_1003,APAC_FeatureY_Search,Paid Search,google,paid_search,camp_3,6271,291,1289.8
2025-08-08,CMP_1004,US_FeatureY_Display,Paid Social,linkedin,paid_social,camp_4,4181,106,377.21
2025-08-08,CMP_1005,US_FeatureX_Search,Paid Social,linkedin,paid_social,camp_5,3844,62,478.02
2025-08-08,CMP_1006,EMEA_Competitor_LinkedIn,Paid Search,google,paid_search,camp_6,5021,155,896.64
2025-08-08,CMP_1007,EMEA_FeatureY_Display,Paid Social,linkedin,paid_social,camp_7,3956,59,345.41
2025-08-08,CMP_1008,EMEA_Brand_Search,Display,gdn,display,camp_8,4751,33,78.76
2025-08-08,CMP_1009,US_FeatureX_Search,Paid Social,linkedin,paid_social,camp_9,4359,68,347.66
2025-08-08,CMP_1010,LATAM_Competitor_LinkedIn,Paid Social,linkedin,paid_social,camp_10,2370,61,375.5
2025-08-08,CMP_1011,LATAM_Brand_LinkedIn,Paid Social,linkedin,paid_social,camp_11,2955,51,299.63
2025-08-08,CMP_1012,LATAM_FeatureX_Display,Display,gdn,display,camp_12,5097,33,57.73
2025-08-08,CMP_1013,APAC_Brand_LinkedIn,Display,gdn,display,camp_13,4448,36,85.88
2025-08-08,CMP_1014,LATAM_Competitor_Display,Display,gdn,display,camp_14,3846,21,33.37
2025-08-08,CMP_1015,LATAM_Competitor_Display,Paid Social,linkedin,paid_social,camp_15,4699,67,208.16
2025-08-08,CMP_1016,APAC_Competitor_Search,Display,gdn,display,camp_16,4419,48,83.84
2025-08-08,CMP_1017,US_Brand_LinkedIn,Display,gdn,display,camp_17,3189,28,51.02
2025-08-08,CMP_1018,APAC_FeatureX_LinkedIn,Paid Social,linkedin,paid_social,camp_18,3373,72,534.24
2025-08-08,CMP_1019,LATAM_Brand_Display,Paid Social,linkedin,paid_social,camp_19,3698,60,390.49
2025-08-09,CMP_1001,EMEA_FeatureY_Search,Paid Social,linkedin,paid_social,camp_1,2129,52,221.47
2025-08-09,CMP_1002,APAC_Brand_Search,Paid Social,linkedin,paid_social,camp_2,2448,53,223.29
2025-08-09,CMP_1003,APAC_FeatureY_Search,Paid Search,google,paid_search,camp_3,2284,126,433.76
2025-08-09,CMP_1004,US_FeatureY_Display,Paid Social,linkedin,paid_social,camp_4,1568,21,96.87
2025-08-09,CMP_1005,US_FeatureX_Search,Paid Social,linkedin,paid_social,camp_5,1716,17,123.64
2025-08-09,CMP_1006,EMEA_Competitor_LinkedIn,Paid Search,google,paid_search,camp_6,3126,162,452.93
2025-08-09,CMP_1007,EMEA_FeatureY_Display,Paid Social,linkedin,paid_social,camp_7,1482,23,70.18
2025-08-09,CMP_1008,EMEA_Brand_Search,Display,gdn,display,camp_8,2782,27,48.96
2025-08-09,CMP_1009,US_FeatureX_Search,Paid Social,linkedin,paid_social,camp_9,1156,13,82.75
2025-08-09,CMP_1010,LATAM_Competitor_LinkedIn,Paid Social,linkedin,paid_social,camp_10,1817,47,277.24
2025-08-09,CMP_1011,LATAM_Brand_LinkedIn,Paid Social,linkedin,paid_social,camp_11,2639,32,175.76
2025-08-09,CMP_1012,LATAM_FeatureX_Display,Display,gdn,display,camp_12,1932,11,17.03
2025-08-09,CMP_1013,APAC_Brand_LinkedIn,Display,gdn,display,camp_13,1718,17,41.1
2025-08-09,CMP_1014,LATAM_Competitor_Display,Display,gdn,display,camp_14,1649,17,42.09
2025-08-09,CMP_1015,LATAM_Competitor_Display,Paid Social,linkedin,paid_social,camp_15,2482,36,171.92
2025-08-09,CMP_1016,APAC_Competitor_Search,Display,gdn,display,camp_16,2124,24,19.29
2025-08-09,CMP_1017,US_Brand_LinkedIn,Display,gdn,display,camp_17,1248,10,14.6
2025-08-09,CMP_1018,APAC_FeatureX_LinkedIn,Paid Social,linkedin,paid_social,camp_18,1419,36,182.7
2025-08-09,CMP_1019,LATAM_Brand_Display,Paid Social,linkedin,paid_social,camp_19,1968,39,135.1
2025-08-10,CMP_1001,EMEA_FeatureY_Search,Paid Social,linkedin,paid_social,camp_1,1882,47,373.53
2025-08-10,CMP_1002,APAC_Brand_Search,Paid Social,linkedin,paid_social,camp_2,2364,31,182.54
2025-08-10,CMP_1003,APAC_FeatureY_Search,Paid Search,google,paid_search,camp_3,3455,156,332.4
2025-08-10,CMP_1004,US_FeatureY_Display,Paid Social,linkedin,paid_social,camp_4,2514,71,486.97
2025-08-10,CMP_1005,US_FeatureX_Search,Paid Social,linkedin,paid_social,camp_5,1289,36,261.38
2025-08-10,CMP_1006,EMEA_Competitor_LinkedIn,Paid Search,google,paid_search,camp_6,1599,75,294.94
2025-08-10,CMP_1007,EMEA_FeatureY_Display,Paid Social,linkedin,paid_social,camp_7,823,23,105.39
2025-08-10,CMP_1008,EMEA_Brand_Search,Display,gdn,display,camp_8,2886,29,28.95
2025-08-10,CMP_1009,US_FeatureX_Search,Paid Social,linkedin,paid_social,camp_9,1683,37,129.31
2025-08-10,CMP_1010,LATAM_Competitor_LinkedIn,Paid Social,linkedin,paid_social,camp_10,1513,16,93.68
2025-08-10,CMP_1011,LATAM_Brand_LinkedIn,Paid Social,linkedin,paid_social,camp_11,1922,34,204.09
2025-08-10,CMP_1012,LATAM_FeatureX_Display,Display,gdn,display,camp_12,2336,22,50.92
2025-08-10,CMP_1013,APAC_Brand_LinkedIn,Display,gdn,display,camp_13,2672,31,33.12
2025-08-10,CMP_1014,LATAM_Competitor_Display,Display,gdn,display,camp_14,3253,37,37.97
2025-08-10,CMP_1015,LATAM_Competitor_Display,Paid Social,linkedin,paid_social,camp_15,2934,54,322.57
2025-08-10,CMP_1016,APAC_Competitor_Search,Display,gdn,display,camp_16,2283,17,23.95
2025-08-10,CMP_1017,US_Brand_LinkedIn,Display,gdn,display,camp_17,914,5,5.11
2025-08-10,CMP_1018,APAC_FeatureX_LinkedIn,Paid Social,linkedin,paid_social,camp_18,1717,33,133.42
2025-08-10,CMP_1019,LATAM_Brand_Display,Paid Social,linkedin,paid_social,camp_19,1190,16,59.18
2025-08-11,CMP_1001,EMEA_FeatureY_Search,Paid Social,linkedin,paid_social,camp_1,4017,57,290.16
2025-08-11,CMP_1002,APAC_Brand_Search,Paid Social,linkedin,paid_social,camp_2,4136,108,657.11
2025-08-11,CMP_1003,APAC_FeatureY_Search,Paid Search,google,paid_search,camp_3,6461,162,513.71
2025-08-11,CMP_1004,US_FeatureY_Display,Paid Social,linkedin,paid_social,camp_4,3718,40,194.97
2025-08-11,CMP_1005,US_FeatureX_Search,Paid Social,linkedin,paid_social,camp_5,3618,63,501.47
2025-08-11,CMP_1006,EMEA_Competitor_LinkedIn,Paid Search,google,paid_search,camp_6,6359,147,665.75
2025-08-11,CMP_1007,EMEA_FeatureY_Display,Paid Social,linkedin,paid_social,camp_7,4188,97,735.05
2025-08-11,CMP_1008,EMEA_Brand_Search,Display,gdn,display,camp_8,3944,17,14.84
2025-08-11,CMP_1009,US_FeatureX_Search,Paid Social,linkedin,paid_social,camp_9,3270,51,404.4
2025-08-11,CMP_1010,LATAM_Competitor_LinkedIn,Paid Social,linkedin,paid_social,camp_10,4123,105,677.11
2025-08-11,CMP_1011,LATAM_Brand_LinkedIn,Paid Social,linkedin,paid_social,camp_11,3423,76,547.56
2025-08-11,CMP_1012,LATAM_FeatureX_Display,Display,gdn,display,camp_12,4234,17,28.09
2025-08-11,CMP_1013,APAC_Brand_LinkedIn,Display,gdn,display,camp_13,4079,37,48.3
2025-08-11,CMP_1014,LATAM_Competitor_Display,Display,gdn,display,camp_14,5095,46,113.91
2025-08-11,CMP_1015,LATAM_Competitor_Display,Paid Social,linkedin,paid_social,camp_15,2606,77,256.08
2025-08-11,CMP_1016,APAC_Competitor_Search,Display,gdn,display,camp_16,5404,25,39.47
2025-08-11,CMP_1017,US_Brand_LinkedIn,Display,gdn,display,camp_17,3835,37,60.54
2025-08-11,CMP_1018,APAC_FeatureX_LinkedIn,Paid Social,linkedin,paid_social,camp_18,4503,88,543.58
2025-08-11,CMP_1019,LATAM_Brand_Display,Paid Social,linkedin,paid_social,camp_19,3686,104,491.49
2025-08-12,CMP_1001,EMEA_FeatureY_Search,Paid Social,linkedin,paid_social,camp_1,3366,33,144.18
2025-08-12,CMP_1002,APAC_Brand_Search,Paid Social,linkedin,paid_social,camp_2,3319,49,224.83
2025-08-12,CMP_1003,APAC_FeatureY_Search,Paid Search,google,paid_search,camp_3,6340,278,910.39
2025-08-12,CMP_1004,US_FeatureY_Display,Paid Social,linkedin,paid_social,camp_4,4154,84,643.71
2025-08-12,CMP_1005,US_FeatureX_Search,Paid Social,linkedin,paid_social,camp_5,3242,92,575.5
2025-08-12,CMP_1006,EMEA_Competitor_LinkedIn,Paid Search,google,paid_search,camp_6,6173,248,1105.3
2025-08-12,CMP_1007,EMEA_FeatureY_Display,Paid Social,linkedin,paid_social,camp_7,3479,65,292.85
2025-08-12,CMP_1008,EMEA_Brand_Search,Display,gdn,display,camp_8,4548,22,43.98
2025-08-12,CMP_1009,US_FeatureX_Search,Paid Social,linkedin,paid_social,camp_9,3439,63,389.06
2025-08-12,CMP_1010,LATAM_Competitor_LinkedIn,Paid Social,linkedin,paid_social,camp_10,3643,42,162.01
2025-08-12,CMP_1011,LATAM_Brand_LinkedIn,Paid Social,linkedin,paid_social,camp_11,3729,104,620.36
2025-08-12,CMP_1012,LATAM_FeatureX_Display,Display,gdn,display,camp_12,5455,32,57.69
2025-08-12,CMP_1013,APAC_Brand_LinkedIn,Display,gdn,display,camp_13,4815,34,44.71
2025-08-12,CMP_1014,LATAM_Competitor_Display,Display,gdn,display,camp_14,5774,58,118.78
2025-08-12,CMP_1015,LATAM_Competitor_Display,Paid Social,linkedin,paid_social,camp_15,4182,69,337.49
2025-08-12,CMP_1016,APAC_Competitor_Search,Display,gdn,display,camp_16,4679,47,40.34
2025-08-12,CMP_1017,US_Brand_LinkedIn,Display,gdn,display,camp_17,2109,22,45.13
2025-08-12,CMP_1018,APAC_FeatureX_LinkedIn,Paid Social,linkedin,paid_social,camp_18,4085,100,457.82
2025-08-12,CMP_1019,LATAM_Brand_Display,Paid Social,linkedin,paid_social,camp_19,2651,59,424.66
2025-08-13,CMP_1001,EMEA_FeatureY_Search,Paid Social,linkedin,paid_social,camp_1,4128,116,616.36
2025-08-13,CMP_1002,APAC_Brand_Search,Paid Social,linkedin,paid_social,camp_2,3234,52,316.38
2025-08-13,CMP_1003,APAC_FeatureY_Search,Paid Search,google,paid_search,camp_3,5369,319,943.86
2025-08-13,CMP_1004,US_FeatureY_Display,Paid Social,linkedin,paid_social,camp_4,2902,67,225.2
2025-08-13,CMP_1005,US_FeatureX_Search,Paid Social,linkedin,paid_social,camp_5,2804,80,244.45
2025-08-13,CMP_1006,EMEA_Competitor_LinkedIn,Paid Search,google,paid_search,camp_6,5803,200,719.99
2025-08-13,CMP_1007,EMEA_FeatureY_Display,Paid Social,linkedin,paid_social,camp_7,3722,73,434.11
2025-08-13,CMP_1008,EMEA_Brand_Search,Display,gdn,display,camp_8,4458,51,53.1
2025-08-13,CMP_1009,US_FeatureX_Search,Paid Social,linkedin,paid_social,camp_9,3694,40,268.34
2025-08-13,CMP_1010,LATAM_Competitor_LinkedIn,Paid Social,linkedin,paid_social,camp_10,3048,37,174.05
2025-08-13,CMP_1011,LATAM_Brand_LinkedIn,Paid Social,linkedin,paid_social,camp_11,3025,87,648.32
2025-08-13,CMP_1012,LATAM_FeatureX_Display,Display,gdn,display,camp_12,4761,53,76.56
2025-08-13,CMP_1013,APAC_Brand_LinkedIn,Display,gdn,display,camp_13,5282,59,49.75
2025-08-13,CMP_1014,LATAM_Competitor_Display,Display,gdn,display,camp_14,4119,23,48.18
2025-08-13,CMP_1015,LATAM_Competitor_Display,Paid Social,linkedin,paid_social,camp_15,4172,124,960.45
2025-08-13,CMP_1016,APAC_Competitor_Search,Display,gdn,display,camp_16,5006,40,96.06
2025-08-13,CMP_1017,US_Brand_LinkedIn,Display,gdn,display,camp_17,4810,53,108.31
2025-08-13,CMP_1018,APAC_FeatureX_LinkedIn,Paid Social,linkedin,paid_social,camp_18,3297,89,432.67
2025-08-13,CMP_1019,LATAM_Brand_Display,Paid Social,linkedin,paid_social,camp_19,2992,84,584.93
2025-08-14,CMP_1001,EMEA_FeatureY_Search,Paid Social,linkedin,paid_social,camp_1,4201,45,143.48
2025-08-14,CMP_1002,APAC_Brand_Search,Paid Social,linkedin,paid_social,camp_2,3264,40,174.2
2025-08-14,CMP_1003,APAC_FeatureY_Search,Paid Search,google,paid_search,camp_3,5801,198,640.43
2025-08-14,CMP_1004,US_FeatureY_Display,Paid Social,linkedin,paid_social,camp_4,3531,62,358.2
2025-08-14,CMP_1005,US_FeatureX_Search,Paid Social,linkedin,paid_social,camp_5,3906,99,619.38
2025-08-14,CMP_1006,EMEA_Competitor_LinkedIn,Paid Search,google,paid_search,camp_6,5763,256,691.87
2025-08-14,CMP_1007,EMEA_FeatureY_Display,Paid Social,linkedin,paid_social,camp_7,4217,59,274.2
2025-08-14,CMP_1008,EMEA_Brand_Search,Display,gdn,display,camp_8,5713,39,74.71
2025-08-14,CMP_1009,US_FeatureX_Search,Paid Social,linkedin,paid_social,camp_9,3531,58,440.04
2025-08-14,CMP_1010,LATAM_Competitor_LinkedIn,Paid Social,linkedin,paid_social,camp_10,3619,87,579.83
2025-08-14,CMP_1011,LATAM_Brand_LinkedIn,Paid Social,linkedin,paid_social,camp_11,2883,52,272.5
2025-08-14,CMP_1012,LATAM_FeatureX_Display,Display,gdn,display,camp_12,5234,31,46.56
2025-08-14,CMP_1013,APAC_Brand_LinkedIn,Display,gdn,display,camp_13,3273,22,44.57
2025-08-14,CMP_1014,LATAM_Competitor_Display,Display,gdn,display,camp_14,4162,36,80.93
2025-08-14,CMP_1015,LATAM_Competitor_Display,Paid Social,linkedin,paid_social,camp_15,2538,46,263.08
2025-08-14,CMP_1016,APAC_Competitor_Search,Display,gdn,display,camp_16,4517,54,130.96
2025-08-14,CMP_1017,US_Brand_LinkedIn,Display,gdn,display,camp_17,4605,51,51.97
2025-08-14,CMP_1018,APAC_FeatureX_LinkedIn,Paid Social,linkedin,paid_social,camp_18,3972,64,483.31
2025-08-14,CMP_1019,LATAM_Brand_Display,Paid Social,linkedin,paid_social,camp_19,4025,61,327.78
2025-08-15,CMP_1001,EMEA_FeatureY_Search,Paid Social,linkedin,paid_social,camp_1,3054,75,442.36
2025-08-15,CMP_1002,APAC_Brand_Search,Paid Social,linkedin,paid_social,camp_2,3905,42,194.54
2025-08-15,CMP_1003,APAC_FeatureY_Search,Paid Search,google,paid_search,camp_3,7135,368,1978.92
2025-08-15,CMP_1004,US_FeatureY_Display,Paid Social,linkedin,paid_social,camp_4,4223,69,529.95
2025-08-15,CMP_1005,US_FeatureX_Search,Paid Social,linkedin,paid_social,camp_5,3334,59,197.66
2025-08-15,CMP_1006,EMEA_Competitor_LinkedIn,Paid Search,google,paid_search,camp_6,5066,189,788.96
2025-08-15,CMP_1007,EMEA_FeatureY_Display,Paid Social,linkedin,paid_social,camp_7,3610,67,346.79
2025-08-15,CMP_1008,EMEA_Brand_Search,Display,gdn,display,camp_8,7278,65,104.2
2025-08-15,CMP_1009,US_FeatureX_Search,Paid Social,linkedin,paid_social,camp_9,2750,64,274.46
2025-08-15,CMP_1010,LATAM_Competitor_LinkedIn,Paid Social,linkedin,paid_social,camp_10,3027,37,114.12
2025-08-15,CMP_1011,LATAM_Brand_LinkedIn,Paid Social,linkedin,paid_social,camp_11,3027,90,575.31
2025-08-15,CMP_1012,LATAM_FeatureX_Display,Display,gdn,display,camp_12,5783,42,62.19
2025-08-15,CMP_1013,APAC_Brand_LinkedIn,Display,gdn,display,camp_13,3543,24,45.32
2025-08-15,CMP_1014,LATAM_Competitor_Display,Display,gdn,display,camp_14,4477,22,21.92
2025-08-15,CMP_1015,LATAM_Competitor_Display,Paid Social,linkedin,paid_social,camp_15,3999,76,470.73
2025-08-15,CMP_1016,APAC_Competitor_Search,Display,gdn,display,camp_16,3996,20,45.71
2025-08-15,CMP_1017,US_Brand_LinkedIn,Display,gdn,display,camp_17,4017,29,24.75
2025-08-15,CMP_1018,APAC_FeatureX_LinkedIn,Paid Social,linkedin,paid_social,camp_18,3597,96,621.8
2025-08-15,CMP_1019,LATAM_Brand_Display,Paid Social,linkedin,paid_social,camp_19,3278,95,681.94
2025-08-16,CMP_1001,EMEA_FeatureY_Search,Paid Social,linkedin,paid_social,camp_1,2377,26,135.06
2025-08-16,CMP_1002,APAC_Brand_Search,Paid Social,linkedin,paid_social,camp_2,1133,20,117.34
2025-08-16,CMP_1003,APAC_FeatureY_Search,Paid Search,google,paid_search,camp_3,3275,71,323.8
2025-08-16,CMP_1004,US_FeatureY_Display,Paid Social,linkedin,paid_social,camp_4,1862,29,197.11
2025-08-16,CMP_1005,US_FeatureX_Search,Paid Social,linkedin,paid_social,camp_5,1785,23,82.59
2025-08-16,CMP_1006,EMEA_Competitor_LinkedIn,Paid Search,google,paid_search,camp_6,1715,47,191.53
2025-08-16,CMP_1007,EMEA_FeatureY_Display,Paid Social,linkedin,paid_social,camp_7,742,18,79.22
2025-08-16,CMP_1008,EMEA_Brand_Search,Display,gdn,display,camp_8,3018,22,17.89
2025-08-16,CMP_1009,US_FeatureX_Search,Paid Social,linkedin,paid_social,camp_9,1637,39,234.82
2025-08-16,CMP_1010,LATAM_Competitor_LinkedIn,Paid Social,linkedin,paid_social,camp_10,2668,28,109.05
2025-08-16,CMP_1011,LATAM_Brand_LinkedIn,Paid Social,linkedin,paid_social,camp_11,1595,47,374.9
2025-08-16,CMP_1012,LATAM_FeatureX_Display,Display,gdn,display,camp_12,3097,23,45.33
2025-08-16,CMP_1013,APAC_Brand_LinkedIn,Display,gdn,display,camp_13,3312,27,56.51
2025-08-16,CMP_1014,LATAM_Competitor_Display,Display,gdn,display,camp_14,2327,27,45.09
2025-08-16,CMP_1015,LATAM_Competitor_Display,Paid Social,linkedin,paid_social,camp_15,1749,48,260.52
2025-08-16,CMP_1016,APAC_Competitor_Search,Display,gdn,display,camp_16,595,7,7.2
2025-08-16,CMP_1017,US_Brand_LinkedIn,Display,gdn,display,camp_17,1694,10,8.52
2025-08-16,CMP_1018,APAC_FeatureX_LinkedIn,Paid Social,linkedin,paid_social,camp_18,1907,33,176.56
2025-08-16,CMP_1019,LATAM_Brand_Display,Paid Social,linkedin,paid_social,camp_19,3316,47,317.79
2025-08-17,CMP_1001,EMEA_FeatureY_Search,Paid Social,linkedin,paid_social,camp_1,1040,30,222.29
2025-08-17,CMP_1002,APAC_Brand_Search,Paid Social,linkedin,paid_social,camp_2,1790,28,218.7
2025-08-17,CMP_1003,APAC_FeatureY_Search,Paid Search,google,paid_search,camp_3,1363,70,345.2
2025-08-17,CMP_1004,US_FeatureY_Display,Paid Social,linkedin,paid_social,camp_4,944,24,114.25
2025-08-17,CMP_1005,US_FeatureX_Search,Paid Social,linkedin,paid_social,camp_5,2103,49,303.24
2025-08-17,CMP_1006,EMEA_Competitor_LinkedIn,Paid Search,google,paid_search,camp_6,2200,75,210.45
2025-08-17,CMP_1007,EMEA_FeatureY_Display,Paid Social,linkedin,paid_social,camp_7,886,17,53.06
2025-08-17,CMP_1008,EMEA_Brand_Search,Display,gdn,display,camp_8,2522,30,47.01
2025-08-17,CMP_1009,US_FeatureX_Search,Paid Social,linkedin,paid_social,camp_9,874,10,39.51
2025-08-17,CMP_1010,LATAM_Competitor_LinkedIn,Paid Social,linkedin,paid_social,camp_10,581,12,74.22
2025-08-17,CMP_1011,LATAM_Brand_LinkedIn,Paid Social,linkedin,paid_social,camp_11,1395,20,77.99
2025-08-17,CMP_1012,LATAM_FeatureX_Display,Display,gdn,display,camp_12,4345,41,37.22
2025-08-17,CMP_1013,APAC_Brand_LinkedIn,Display,gdn,display,camp_13,2167,14,13.61
2025-08-17,CMP_1014,LATAM_Competitor_Display,Display,gdn,display,camp_14,3190,30,30.7
2025-08-17,CMP_1015,LATAM_Competitor_Display,Paid Social,linkedin,paid_social,camp_15,1370,28,131.17
2025-08-17,CMP_1016,APAC_Competitor_Search,Display,gdn,display,camp_16,2931,21,21.51
2025-08-17,CMP_1017,US_Brand_LinkedIn,Display,gdn,display,camp_17,2597,30,59.66
2025-08-17,CMP_1018,APAC_FeatureX_LinkedIn,Paid Social,linkedin,paid_social,camp_18,1053,16,106.01
2025-08-17,CMP_1019,LATAM_Brand_Display,Paid Social,linkedin,paid_social,camp_19,2708,31,223.95
2025-08-18,CMP_1001,EMEA_FeatureY_Search,Paid Social,linkedin,paid_social,camp_1,3585,106,700.94
2025-08-18,CMP_1002,APAC_Brand_Search,Paid Social,linkedin,paid_social,camp_2,2716,80,271.07
2025-08-18,CMP_1003,APAC_FeatureY_Search,Paid Search,google,paid_search,camp_3,5908,309,1290.66
2025-08-18,CMP_1004,US_FeatureY_Display,Paid Social,linkedin,paid_social,camp_4,3566,74,391.03
2025-08-18,CMP_1005,US_FeatureX_Search,Paid Social,linkedin,paid_social,camp_5,3939,82,489.57
2025-08-18,CMP_1006,EMEA_Competitor_LinkedIn,Paid Search,google,paid_search,camp_6,7548,289,1489.14
2025-08-18,CMP_1007,EMEA_FeatureY_Display,Paid Social,linkedin,paid_social,camp_7,4492,54,227.97
2025-08-18,CMP_1008,EMEA_Brand_Search,Display,gdn,display,camp_8,4638,41,63.99
2025-08-18,CMP_1009,US_FeatureX_Search,Paid Social,linkedin,paid_social,camp_9,3832,96,484.72
2025-08-18,CMP_1010,LATAM_Competitor_LinkedIn,Paid Social,linkedin,paid_social,camp_10,4444,52,265.2
2025-08-18,CMP_1011,LATAM_Brand_LinkedIn,Paid Social,linkedin,paid_social,camp_11,4710,96,598.96
2025-08-18,CMP_1012,LATAM_FeatureX_Display,Display,gdn,display,camp_12,4835,32,70.77
2025-08-18,CMP_1013,APAC_Brand_LinkedIn,Display,gdn,display,camp_13,4170,42,49.53
2025-08-18,CMP_1014,LATAM_Competitor_Display,Display,gdn,display,camp_14,6026,39,40.73
2025-08-18,CMP_1015,LATAM_Competitor_Display,Paid Social,linkedin,paid_social,camp_15,3477,71,227.03
2025-08-18,CMP_1016,APAC_Competitor_Search,Display,gdn,display,camp_16,4235,33,34.21
2025-08-18,CMP_1017,US_Brand_LinkedIn,Display,gdn,display,camp_17,5796,29,27.83
2025-08-18,CMP_1018,APAC_FeatureX_LinkedIn,Paid Social,linkedin,paid_social,camp_18,3338,93,472.68
2025-08-18,CMP_1019,LATAM_Brand_Display,Paid Social,linkedin,paid_social,camp_19,3965,95,368.62
2025-08-19,CMP_1001,EMEA_FeatureY_Search,Paid Social,linkedin,paid_social,camp_1,5083,87,383.83
2025-08-19,CMP_1002,APAC_Brand_Search,Paid Social,linkedin,paid_social,camp_2,4141,56,168.06
2025-08-19,CMP_1003,APAC_FeatureY_Search,Paid Search,google,paid_search,camp_3,7795,216,649.42
2025-08-19,CMP_1004,US_FeatureY_Display,Paid Social,linkedin,paid_social,camp_4,4270,114,374.45
2025-08-19,CMP_1005,US_FeatureX_Search,Paid Social,linkedin,paid_social,camp_5,2967,86,427.03
2025-08-19,CMP_1006,EMEA_Competitor_LinkedIn,Paid Search,google,paid_search,camp_6,7383,211,732.97
2025-08-19,CMP_1007,EMEA_FeatureY_Display,Paid Social,linkedin,paid_social,camp_7,2908,33,207.36
2025-08-19,CMP_1008,EMEA_Brand_Search,Display,gdn,display,camp_8,3815,16,29.81
2025-08-19,CMP_1009,US_FeatureX_Search,Paid Social,linkedin,paid_social,camp_9,3016,87,537.1
2025-08-19,CMP_1010,LATAM_Competitor_LinkedIn,Paid Social,linkedin,paid_social,camp_10,2606,51,358.1
2025-08-19,CMP_1011,LATAM_Brand_LinkedIn,Paid Social,linkedin,paid_social,camp_11,3251,48,317.53
2025-08-19,CMP_1012,LATAM_FeatureX_Display,Display,gdn,display,camp_12,4295,43,44.27
2025-08-19,CMP_1013,APAC_Brand_LinkedIn,Display,gdn,display,camp_13,5784,38,69.71
2025-08-19,CMP_1014,LATAM_Competitor_Display,Display,gdn,display,camp_14,5164,51,108.08
2025-08-19,CMP_1015,LATAM_Competitor_Display,Paid Social,linkedin,paid_social,camp_15,3374,72,530.62
2025-08-19,CMP_1016,APAC_Competitor_Search,Display,gdn,display,camp_16,4556,39,46.74
2025-08-19,CMP_1017,US_Brand_LinkedIn,Display,gdn,display,camp_17,4504,33,27.72
2025-08-19,CMP_1018,APAC_FeatureX_LinkedIn,Paid Social,linkedin,paid_social,camp_18,4464,75,510.65
2025-08-19,CMP_1019,LATAM_Brand_Display,Paid Social,linkedin,paid_social,camp_19,3722,47,361.39
2025-08-20,CMP_1001,EMEA_FeatureY_Search,Paid Social,linkedin,paid_social,camp_1,3820,111,615.87
2025-08-20,CMP_1002,APAC_Brand_Search,Paid Social,linkedin,paid_social,camp_2,3464,47,354.08
2025-08-20,CMP_1003,APAC_FeatureY_Search,Paid Search,google,paid_search,camp_3,4797,96,264.47
2025-08-20,CMP_1004,US_FeatureY_Display,Paid Social,linkedin,paid_social,camp_4,3966,95,710.48
2025-08-20,CMP_1005,US_FeatureX_Search,Paid Social,linkedin,paid_social,camp_5,4928,102,392.87
2025-08-20,CMP_1006,EMEA_Competitor_LinkedIn,Paid Search,google,paid_search,camp_6,5420,191,711.29
2025-08-20,CMP_1007,EMEA_FeatureY_Display,Paid Social,linkedin,paid_social,camp_7,3738,49,377.33
2025-08-20,CMP_1008,EMEA_Brand_Search,Display,gdn,display,camp_8,5057,50,78.7
2025-08-20,CMP_1009,US_FeatureX_Search,Paid Social,linkedin,paid_social,camp_9,3214,95,362.64
2025-08-20,CMP_1010,LATAM_Competitor_LinkedIn,Paid Social,linkedin,paid_social,camp_10,3224,41,123.96
2025-08-20,CMP_1011,LATAM_Brand_LinkedIn,Paid Social,linkedin,paid_social,camp_11,4062,95,661.52
2025-08-20,CMP_1012,LATAM_FeatureX_Display,Display,gdn,display,camp_12,4341,38,75.69
2025-08-20,CMP_1013,APAC_Brand_LinkedIn,Display,gdn,display,camp_13,3886,38,57.29
2025-08-20,CMP_1014,LATAM_Competitor_Display,Display,gdn,display,camp_14,5551,41,61.68
2025-08-20,CMP_1015,LATAM_Competitor_Display,Paid Social,linkedin,paid_social,camp_15,3563,72,368.29
2025-08-20,CMP_1016,APAC_Competitor_Search,Display,gdn,display,camp_16,5865,29,30.7
2025-08-20,CMP_1017,US_Brand_LinkedIn,Display,gdn,display,camp_17,6532,46,51.55
2025-08-20,CMP_1018,APAC_FeatureX_LinkedIn,Paid Social,linkedin,paid_social,camp_18,4068,49,206.86
2025-08-20,CMP_1019,LATAM_Brand_Display,Paid Social,linkedin,paid_social,camp_19,3697,87,517.67
2025-08-21,CMP_1001,EMEA_FeatureY_Search,Paid Social,linkedin,paid_social,camp_1,4438,57,274.08
2025-08-21,CMP_1002,APAC_Brand_Search,Paid Social,linkedin,paid_social,camp_2,4039,78,299.53
2025-08-21,CMP_1003,APAC_FeatureY_Search,Paid Search,google,paid_search,camp_3,6937,262,1357.57
2025-08-21,CMP_1004,US_FeatureY_Display,Paid Social,linkedin,paid_social,camp_4,3113,57,437.57
2025-08-21,CMP_1005,US_FeatureX_Search,Paid Social,linkedin,paid_social,camp_5,3420,63,420.34
2025-08-21,CMP_1006,EMEA_Competitor_LinkedIn,Paid Search,google,paid_search,camp_6,7019,392,2184.31
2025-08-21,CMP_1007,EMEA_FeatureY_Display,Paid Social,linkedin,paid_social,camp_7,3537,65,458.2
2025-08-21,CMP_1008,EMEA_Brand_Search,Display,gdn,display,camp_8,4437,36,60.55
2025-08-21,CMP_1009,US_FeatureX_Search,Paid Social,linkedin,paid_social,camp_9,3565,56,264.24
2025-08-21,CMP_1010,LATAM_Competitor_LinkedIn,Paid Social,linkedin,paid_social,camp_10,2657,62,470.31
2025-08-21,CMP_1011,LATAM_Brand_LinkedIn,Paid Social,linkedin,paid_social,camp_11,3230,34,215.35
2025-08-21,CMP_1012,LATAM_FeatureX_Display,Display,gdn,display,camp_12,2965,23,32.67
2025-08-21,CMP_1013,APAC_Brand_LinkedIn,Display,gdn,display,camp_13,4379,28,60.13
2025-08-21,CMP_1014,LATAM_Competitor_Display,Display,gdn,display,camp_14,4696,40,51.49
2025-08-21,CMP_1015,LATAM_Competitor_Display,Paid Social,linkedin,paid_social,camp_15,3397,64,361.31
2025-08-21,CMP_1016,APAC_Competitor_Search,Display,gdn,display,camp_16,4645,25,35.91
2025-08-21,CMP_1017,US_Brand_LinkedIn,Display,gdn,display,camp_17,4559,23,35.38
2025-08-21,CMP_1018,APAC_FeatureX_LinkedIn,Paid Social,linkedin,paid_social,camp_18,4425,120,451.94
2025-08-21,CMP_1019,LATAM_Brand_Display,Paid Social,linkedin,paid_social,camp_19,4055,102,709.19
2025-08-22,CMP_1001,EMEA_FeatureY_Search,Paid Social,linkedin,paid_social,camp_1,4287,81,556.13
2025-08-22,CMP_1002,APAC_Brand_Search,Paid Social,linkedin,paid_social,camp_2,3559,86,487.6
2025-08-22,CMP_1003,APAC_FeatureY_Search,Paid Search,google,paid_search,camp_3,6540,295,947.81
2025-08-22,CMP_1004,US_FeatureY_Display,Paid Social,linkedin,paid_social,camp_4,4019,71,325.98
2025-08-22,CMP_1005,US_FeatureX_Search,Paid Social,linkedin,paid_social,camp_5,4018,62,237.01
2025-08-22,CMP_1006,EMEA_Competitor_LinkedIn,Paid Search,google,paid_search,camp_6,7838,441,2420.65
2025-08-22,CMP_1007,EMEA_FeatureY_Display,Paid Social,linkedin,paid_social,camp_7,3181,62,299.27
2025-08-22,CMP_1008,EMEA_Brand_Search,Display,gdn,display,camp_8,4395,37,68.85
2025-08-22,CMP_1009,US_FeatureX_Search,Paid Social,linkedin,paid_social,camp_9,4311,87,636.58
2025-08-22,CMP_1010,LATAM_Competitor_LinkedIn,Paid Social,linkedin,paid_social,camp_10,3582,45,197.88
2025-08-22,CMP_1011,LATAM_Brand_LinkedIn,Paid Social,linkedin,paid_social,camp_11,4849,143,952.83
2025-08-22,CMP_1012,LATAM_FeatureX_Display,Display,gdn,display,camp_12,5044,56,81.3
2025-08-22,CMP_1013,APAC_Brand_LinkedIn,Display,gdn,display,camp_13,4732,43,61.47
2025-08-22,CMP_1014,LATAM_Competitor_Display,Display,gdn,display,camp_14,4985,41,55.0
2025-08-22,CMP_1015,LATAM_Competitor_Display,Paid Social,linkedin,paid_social,camp_15,3464,47,243.31
2025-08-22,CMP_1016,APAC_Competitor_Search,Display,gdn,display,camp_16,5877,27,54.95
2025-08-22,CMP_1017,US_Brand_LinkedIn,Display,gdn,display,camp_17,5591,54,108.69
2025-08-22,CMP_1018,APAC_FeatureX_LinkedIn,Paid Social,linkedin,paid_social,camp_18,3859,44,172.35
2025-08-22,CMP_1019,LATAM_Brand_Display,Paid Social,linkedin,paid_social,camp_19,4702,140,582.77
2025-08-23,CMP_1001,EMEA_FeatureY_Search,Paid Social,linkedin,paid_social,camp_1,2818,67,293.49
2025-08-23,CMP_1002,APAC_Brand_Search,Paid Social,linkedin,paid_social,camp_2,1276,14,50.84
2025-08-23,CMP_1003,APAC_FeatureY_Search,Paid Search,google,paid_search,camp_3,3490,130,583.78
2025-08-23,CMP_1004,US_FeatureY_Display,Paid Social,linkedin,paid_social,camp_4,2190,36,198.31
2025-08-23,CMP_1005,US_FeatureX_Search,Paid Social,linkedin,paid_social,camp_5,1937,53,195.83
2025-08-23,CMP_1006,EMEA_Competitor_LinkedIn,Paid Search,google,paid_search,camp_6,3811,112,408.1
2025-08-23,CMP_1007,EMEA_FeatureY_Display,Paid Social,linkedin,paid_social,camp_7,1690,21,148.68
2025-08-23,CMP_1008,EMEA_Brand_Search,Display,gdn,display,camp_8,1483,12,29.37
2025-08-23,CMP_1009,US_FeatureX_Search,Paid Social,linkedin,paid_social,camp_9,1805,36,260.82
2025-08-23,CMP_1010,LATAM_Competitor_LinkedIn,Paid Social,linkedin,paid_social,camp_10,1672,48,210.04
2025-08-23,CMP_1011,LATAM_Brand_LinkedIn,Paid Social,linkedin,paid_social,camp_11,868,25,86.59
2025-08-23,CMP_1012,LATAM_FeatureX_Display,Display,gdn,display,camp_12,2562,25,42.21
2025-08-23,CMP_1013,APAC_Brand_LinkedIn,Display,gdn,display,camp_13,2072,19,44.52
2025-08-23,CMP_1014,LATAM_Competitor_Display,Display,gdn,display,camp_14,2616,23,31.38
2025-08-23,CMP_1015,LATAM_Competitor_Display,Paid Social,linkedin,paid_social,camp_15,1042,22,105.54
2025-08-23,CMP_1016,APAC_Competitor_Search,Display,gdn,display,camp_16,1803,18,27.02
2025-08-23,CMP_1017,US_Brand_LinkedIn,Display,gdn,display,camp_17,1088,10,23.32
2025-08-23,CMP_1018,APAC_FeatureX_LinkedIn,Paid Social,linkedin,paid_social,camp_18,1601,32,110.52
2025-08-23,CMP_1019,LATAM_Brand_Display,Paid Social,linkedin,paid_social,camp_19,1470,25,80.96
2025-08-24,CMP_1001,EMEA_FeatureY_Search,Paid Social,linkedin,paid_social,camp_1,2952,33,143.39
2025-08-24,CMP_1002,APAC_Brand_Search,Paid Social,linkedin,paid_social,camp_2,607,10,69.05
2025-08-24,CMP_1003,APAC_FeatureY_Search,Paid Search,google,paid_search,camp_3,1827,81,203.52
2025-08-24,CMP_1004,US_FeatureY_Display,Paid Social,linkedin,paid_social,camp_4,1737,47,340.85
2025-08-24,CMP_1005,US_FeatureX_Search,Paid Social,linkedin,paid_social,camp_5,1604,30,134.82
2025-08-24,CMP_1006,EMEA_Competitor_LinkedIn,Paid Search,google,paid_search,camp_6,2560,152,454.39
2025-08-24,CMP_1007,EMEA_FeatureY_Display,Paid Social,linkedin,paid_social,camp_7,1610,37,249.89
2025-08-24,CMP_1008,EMEA_Brand_Search,Display,gdn,display,camp_8,2252,22,41.33
2025-08-24,CMP_1009,US_FeatureX_Search,Paid Social,linkedin,paid_social,camp_9,1580,34,200.5
2025-08-24,CMP_1010,LATAM_Competitor_LinkedIn,Paid Social,linkedin,paid_social,camp_10,2462,52,261.85
2025-08-24,CMP_1011,LATAM_Brand_LinkedIn,Paid Social,linkedin,paid_social,camp_11,1770,26,95.03
2025-08-24,CMP_1012,LATAM_FeatureX_Display,Display,gdn,display,camp_12,2195,19,33.52
2025-08-24,CMP_1013,APAC_Brand_LinkedIn,Display,gdn,display,camp_13,3062,19,29.46
2025-08-24,CMP_1014,LATAM_Competitor_Display,Display,gdn,display,camp_14,3962,18,31.57
2025-08-24,CMP_1015,LATAM_Competitor_Display,Paid Social,linkedin,paid_social,camp_15,2344,62,216.33
2025-08-24,CMP_1016,APAC_Competitor_Search,Display,gdn,display,camp_16,1444,14,13.63
2025-08-24,CMP_1017,US_Brand_LinkedIn,Display,gdn,display,camp_17,2939,19,41.2
2025-08-24,CMP_1018,APAC_FeatureX_LinkedIn,Paid Social,linkedin,paid_social,camp_18,1887,42,275.72
2025-08-24,CMP_1019,LATAM_Brand_Display,Paid Social,linkedin,paid_social,camp_19,1220,20,113.12
2025-08-25,CMP_1001,EMEA_FeatureY_Search,Paid Social,linkedin,paid_social,camp_1,4580,124,538.68
2025-08-25,CMP_1002,APAC_Brand_Search,Paid Social,linkedin,paid_social,camp_2,3584,65,264.43
2025-08-25,CMP_1003,APAC_FeatureY_Search,Paid Search,google,paid_search,camp_3,5878,184,919.84
2025-08-25,CMP_1004,US_FeatureY_Display,Paid Social,linkedin,paid_social,camp_4,3166,89,290.8
2025-08-25,CMP_1005,US_FeatureX_Search,Paid Social,linkedin,paid_social,camp_5,3374,77,264.41
2025-08-25,CMP_1006,EMEA_Competitor_LinkedIn,Paid Search,google,paid_search,camp_6,6765,359,806.8
2025-08-25,CMP_1007,EMEA_FeatureY_Display,Paid Social,linkedin,paid_social,camp_7,3310,84,332.75
2025-08-25,CMP_1008,EMEA_Brand_Search,Display,gdn,display,camp_8,4113,26,35.86
2025-08-25,CMP_1009,US_FeatureX_Search,Paid Social,linkedin,paid_social,camp_9,4269,114,433.0
2025-08-25,CMP_1010,LATAM_Competitor_LinkedIn,Paid Social,linkedin,paid_social,camp_10,3935,97,533.28
2025-08-25,CMP_1011,LATAM_Brand_LinkedIn,Paid Social,linkedin,paid_social,camp_11,4081,50,342.77
2025-08-25,CMP_1012,LATAM_FeatureX_Display,Display,gdn,display,camp_12,5009,50,94.8
2025-08-25,CMP_1013,APAC_Brand_LinkedIn,Display,gdn,display,camp_13,4337,49,101.36
2025-08-25,CMP_1014,LATAM_Competitor_Display,Display,gdn,display,camp_14,5641,59,99.21
2025-08-25,CMP_1015,LATAM_Competitor_Display,Paid Social,linkedin,paid_social,camp_15,2911,82,536.24
2025-08-25,CMP_1016,APAC_Competitor_Search,Display,gdn,display,camp_16,3463,37,59.46
2025-08-25,CMP_1017,US_Brand_LinkedIn,Display,gdn,display,camp_17,5182,60,103.68
2025-08-25,CMP_1018,APAC_FeatureX_LinkedIn,Paid Social,linkedin,paid_social,camp_18,4319,123,801.84
2025-08-25,CMP_1019,LATAM_Brand_Display,Paid Social,linkedin,paid_social,camp_19,3788,75,578.6
2025-08-26,CMP_1001,EMEA_FeatureY_Search,Paid Social,linkedin,paid_social,camp_1,3720,107,761.19
2025-08-26,CMP_1002,APAC_Brand_Search,Paid Social,linkedin,paid_social,camp_2,4003,70,230.1
2025-08-26,CMP_1003,APAC_FeatureY_Search,Paid Search,google,paid_search,camp_3,4968,200,1130.34
2025-08-26,CMP_1004,US_FeatureY_Display,Paid Social,linkedin,paid_social,camp_4,2736,67,321.95
2025-08-26,CMP_1005,US_FeatureX_Search,Paid Social,linkedin,paid_social,camp_5,4570,65,426.72
2025-08-26,CMP_1006,EMEA_Competitor_LinkedIn,Paid Search,google,paid_search,camp_6,6652,312,1612.73
2025-08-26,CMP_1007,EMEA_FeatureY_Display,Paid Social,linkedin,paid_social,camp_7,3255,91,475.12
2025-08-26,CMP_1008,EMEA_Brand_Search,Display,gdn,display,camp_8,4071,36,53.74
2025-08-26,CMP_1009,US_FeatureX_Search,Paid Social,linkedin,paid_social,camp_9,4261,98,582.6
2025-08-26,CMP_1010,LATAM_Competitor_LinkedIn,Paid Social,linkedin,paid_social,camp_10,4817,83,255.74
2025-08-26,CMP_1011,LATAM_Brand_LinkedIn,Paid Social,linkedin,paid_social,camp_11,3485,44,209.54
2025-08-26,CMP_1012,LATAM_FeatureX_Display,Display,gdn,display,camp_12,3589,27,52.99
2025-08-26,CMP_1013,APAC_Brand_LinkedIn,Display,gdn,display,camp_13,4960,51,84.23
2025-08-26,CMP_1014,LATAM_Competitor_Display,Display,gdn,display,camp_14,4401,45,45.3
2025-08-26,CMP_1015,LATAM_Competitor_Display,Paid Social,linkedin,paid_social,camp_15,4150,44,263.47
2025-08-26,CMP_1016,APAC_Competitor_Search,Display,gdn,display,camp_16,4104,22,38.32
2025-08-26,CMP_1017,US_Brand_LinkedIn,Display,gdn,display,camp_17,3422,16,24.93
2025-08-26,CMP_1018,APAC_FeatureX_LinkedIn,Paid Social,linkedin,paid_social,camp_18,3355,60,429.7
2025-08-26,CMP_1019,LATAM_Brand_Display,Paid Social,linkedin,paid_social,camp_19,3530,89,448.79
2025-08-27,CMP_1001,EMEA_FeatureY_Search,Paid Social,linkedin,paid_social,camp_1,3588,90,378.69
2025-08-27,CMP_1002,APAC_Brand_Search,Paid Social,linkedin,paid_social,camp_2,3749,60,225.35
2025-08-27,CMP_1003,APAC_FeatureY_Search,Paid Search,google,paid_search,camp_3,4398,128,590.59
2025-08-27,CMP_1004,US_FeatureY_Display,Paid Social,linkedin,paid_social,camp_4,3219,73,230.14
2025-08-27,CMP_1005,US_FeatureX_Search,Paid Social,linkedin,paid_social,camp_5,3745,90,707.18
2025-08-27,CMP_1006,EMEA_Competitor_LinkedIn,Paid Search,google,paid_search,camp_6,3980,194,625.35
2025-08-27,CMP_1007,EMEA_FeatureY_Display,Paid Social,linkedin,paid_social,camp_7,3627,74,531.61
2025-08-27,CMP_1008,EMEA_Brand_Search,Display,gdn,display,camp_8,5019,53,73.12
2025-08-27,CMP_1009,US_FeatureX_Search,Paid Social,linkedin,paid_social,camp_9,3531,84,583.93
2025-08-27,CMP_1010,LATAM_Competitor_LinkedIn,Paid Social,linkedin,paid_social,camp_10,4233,66,446.12
2025-08-27,CMP_1011,LATAM_Brand_LinkedIn,Paid Social,linkedin,paid_social,camp_11,3533,59,327.42
2025-08-27,CMP_1012,LATAM_FeatureX_Display,Display,gdn,display,camp_12,6389,30,49.31
2025-08-27,CMP_1013,APAC_Brand_LinkedIn,Display,gdn,display,camp_13,5414,48,75.81
2025-08-27,CMP_1014,LATAM_Competitor_Display,Display,gdn,display,camp_14,4485,41,65.36
2025-08-27,CMP_1015,LATAM_Competitor_Display,Paid Social,linkedin,paid_social,camp_15,4287,70,238.02
2025-08-27,CMP_1016,APAC_Competitor_Search,Display,gdn,display,camp_16,5167,35,48.22
2025-08-27,CMP_1017,US_Brand_LinkedIn,Display,gdn,display,camp_17,5699,31,40.73
2025-08-27,CMP_1018,APAC_FeatureX_LinkedIn,Paid Social,linkedin,paid_social,camp_18,4194,83,516.26
2025-08-27,CMP_1019,LATAM_Brand_Display,Paid Social,linkedin,paid_social,camp_19,3959,64,319.24
2025-08-28,CMP_1001,EMEA_FeatureY_Search,Paid Social,linkedin,paid_social,camp_1,3714,79,552.2
2025-08-28,CMP_1002,APAC_Brand_Search,Paid Social,linkedin,paid_social,camp_2,3716,75,309.77
2025-08-28,CMP_1003,APAC_FeatureY_Search,Paid Search,google,paid_search,camp_3,5167,158,673.1
2025-08-28,CMP_1004,US_FeatureY_Display,Paid Social,linkedin,paid_social,camp_4,2541,40,204.4
2025-08-28,CMP_1005,US_FeatureX_Search,Paid Social,linkedin,paid_social,camp_5,4173,97,495.15
2025-08-28,CMP_1006,EMEA_Competitor_LinkedIn,Paid Search,google,paid_search,camp_6,7598,370,1263.96
2025-08-28,CMP_1007,EMEA_FeatureY_Display,Paid Social,linkedin,paid_social,camp_7,3285,92,278.76
2025-08-28,CMP_1008,EMEA_Brand_Search,Display,gdn,display,camp_8,4978,37,55.24
2025-08-28,CMP_1009,US_FeatureX_Search,Paid Social,linkedin,paid_social,camp_9,3992,104,444.25
2025-08-28,CMP_1010,LATAM_Competitor_LinkedIn,Paid Social,linkedin,paid_social,camp_10,3874,114,415.08
2025-08-28,CMP_1011,LATAM_Brand_LinkedIn,Paid Social,linkedin,paid_social,camp_11,3370,58,239.45
2025-08-28,CMP_1012,LATAM_FeatureX_Display,Display,gdn,display,camp_12,5304,60,115.41
2025-08-28,CMP_1013,APAC_Brand_LinkedIn,Display,gdn,display,camp_13,6361,55,69.51
2025-08-28,CMP_1014,LATAM_Competitor_Display,Display,gdn,display,camp_14,6184,74,152.32
2025-08-28,CMP_1015,LATAM_Competitor_Display,Paid Social,linkedin,paid_social,camp_15,3087,81,273.67
2025-08-28,CMP_1016,APAC_Competitor_Search,Display,gdn,display,camp_16,4854,39,84.89
2025-08-28,CMP_1017,US_Brand_LinkedIn,Display,gdn,display,camp_17,5445,48,90.46
2025-08-28,CMP_1018,APAC_FeatureX_LinkedIn,Paid Social,linkedin,paid_social,camp_18,4284,86,397.53
2025-08-28,CMP_1019,LATAM_Brand_Display,Paid Social,linkedin,paid_social,camp_19,3895,112,727.01
2025-08-29,CMP_1001,EMEA_FeatureY_Search,Paid Social,linkedin,paid_social,camp_1,3552,57,363.4
2025-08-29,CMP_1002,APAC_Brand_Search,Paid Social,linkedin,paid_social,camp_2,3410,85,608.64
2025-08-29,CMP_1003,APAC_FeatureY_Search,Paid Search,google,paid_search,camp_3,6660,152,409.07
2025-08-29,CMP_1004,US_FeatureY_Display,Paid Social,linkedin,paid_social,camp_4,5022,134,408.76
2025-08-29,CMP_1005,US_FeatureX_Search,Paid Social,linkedin,paid_social,camp_5,3539,97,345.65
2025-08-29,CMP_1006,EMEA_Competitor_LinkedIn,Paid Search,google,paid_search,camp_6,6430,240,513.23
2025-08-29,CMP_1007,EMEA_FeatureY_Display,Paid Social,linkedin,paid_social,camp_7,3943,40,299.77
2025-08-29,CMP_1008,EMEA_Brand_Search,Display,gdn,display,camp_8,3762,44,65.26
2025-08-29,CMP_1009,US_FeatureX_Search,Paid Social,linkedin,paid_social,camp_9,4013,115,872.08
2025-08-29,CMP_1010,LATAM_Competitor_LinkedIn,Paid Social,linkedin,paid_social,camp_10,4227,63,411.69
2025-08-29,CMP_1011,LATAM_Brand_LinkedIn,Paid Social,linkedin,paid_social,camp_11,4050,100,318.72
2025-08-29,CMP_1012,LATAM_FeatureX_Display,Display,gdn,display,camp_12,4606,40,96.94
2025-08-29,CMP_1013,APAC_Brand_LinkedIn,Display,gdn,display,camp_13,4839,53,44.88
2025-08-29,CMP_1014,LATAM_Competitor_Display,Display,gdn,display,camp_14,3818,17,35.93
2025-08-29,CMP_1015,LATAM_Competitor_Display,Paid Social,linkedin,paid_social,camp_15,3455,46,282.92
2025-08-29,CMP_1016,APAC_Competitor_Search,Display,gdn,display,camp_16,4125,18,22.13
2025-08-29,CMP_1017,US_Brand_LinkedIn,Display,gdn,display,camp_17,6040,46,76.07
2025-08-29,CMP_1018,APAC_FeatureX_LinkedIn,Paid Social,linkedin,paid_social,camp_18,4113,93,559.47
2025-08-29,CMP_1019,LATAM_Brand_Display,Paid Social,linkedin,paid_social,camp_19,3453,54,312.55
2025-08-30,CMP_1001,EMEA_FeatureY_Search,Paid Social,linkedin,paid_social,camp_1,1917,51,270.34
2025-08-30,CMP_1002,APAC_Brand_Search,Paid Social,linkedin,paid_social,camp_2,1911,55,408.11
2025-08-30,CMP_1003,APAC_FeatureY_Search,Paid Search,google,paid_search,camp_3,2293,110,248.94
2025-08-30,CMP_1004,US_FeatureY_Display,Paid Social,linkedin,paid_social,camp_4,1946,42,165.73
2025-08-30,CMP_1005,US_FeatureX_Search,Paid Social,linkedin,paid_social,camp_5,1357,28,160.86
2025-08-30,CMP_1006,EMEA_Competitor_LinkedIn,Paid Search,google,paid_search,camp_6,3313,68,290.67
2025-08-30,CMP_1007,EMEA_FeatureY_Display,Paid Social,linkedin,paid_social,camp_7,1370,16,83.8
2025-08-30,CMP_1008,EMEA_Brand_Search,Display,gdn,display,camp_8,2740,17,19.02
2025-08-30,CMP_1009,US_FeatureX_Search,Paid Social,linkedin,paid_social,camp_9,1661,44,230.73
2025-08-30,CMP_1010,LATAM_Competitor_LinkedIn,Paid Social,linkedin,paid_social,camp_10,1668,37,247.07
2025-08-30,CMP_1011,LATAM_Brand_LinkedIn,Paid Social,linkedin,paid_social,camp_11,2861,59,318.92
2025-08-30,CMP_1012,LATAM_FeatureX_Display,Display,gdn,display,camp_12,1213,13,25.97
2025-08-30,CMP_1013,APAC_Brand_LinkedIn,Display,gdn,display,camp_13,1979,18,15.04
2025-08-30,CMP_1014,LATAM_Competitor_Display,Display,gdn,display,camp_14,1852,13,18.89
2025-08-30,CMP_1015,LATAM_Competitor_Display,Paid Social,linkedin,paid_social,camp_15,2669,49,318.16
2025-08-30,CMP_1016,APAC_Competitor_Search,Display,gdn,display,camp_16,3163,21,18.59
2025-08-30,CMP_1017,US_Brand_LinkedIn,Display,gdn,display,camp_17,611,5,8.24
2025-08-30,CMP_1018,APAC_FeatureX_LinkedIn,Paid Social,linkedin,paid_social,camp_18,1761,31,161.17
2025-08-30,CMP_1019,LATAM_Brand_Display,Paid Social,linkedin,paid_social,camp_19,1703,50,291.64
2025-08-31,CMP_1001,EMEA_FeatureY_Search,Paid Social,linkedin,paid_social,camp_1,1110,19,110.56
2025-08-31,CMP_1002,APAC_Brand_Search,Paid Social,linkedin,paid_social,camp_2,548,15,90.61
2025-08-31,CMP_1003,APAC_FeatureY_Search,Paid Search,google,paid_search,camp_3,1835,83,281.51
2025-08-31,CMP_1004,US_FeatureY_Display,Paid Social,linkedin,paid_social,camp_4,1626,19,98.7
2025-08-31,CMP_1005,US_FeatureX_Search,Paid Social,linkedin,paid_social,camp_5,1487,20,100.71
2025-08-31,CMP_1006,EMEA_Competitor_LinkedIn,Paid Search,google,paid_search,camp_6,449,9,35.74
2025-08-31,CMP_1007,EMEA_FeatureY_Display,Paid Social,linkedin,paid_social,camp_7,2341,48,326.15
2025-08-31,CMP_1008,EMEA_Brand_Search,Display,gdn,display,camp_8,1721,11,19.12
2025-08-31,CMP_1009,US_FeatureX_Search,Paid Social,linkedin,paid_social,camp_9,2464,49,267.09
2025-08-31,CMP_1010,LATAM_Competitor_LinkedIn,Paid Social,linkedin,paid_social,camp_10,1008,29,164.08
2025-08-31,CMP_1011,LATAM_Brand_LinkedIn,Paid Social,linkedin,paid_social,camp_11,2276,50,186.42
2025-08-31,CMP_1012,LATAM_FeatureX_Display,Display,gdn,display,camp_12,1473,7,13.22
2025-08-31,CMP_1013,APAC_Brand_LinkedIn,Display,gdn,display,camp_13,2249,25,23.38
2025-08-31,CMP_1014,LATAM_Competitor_Display,Display,gdn,display,camp_14,2253,21,20.62
2025-08-31,CMP_1015,LATAM_Competitor_Display,Paid Social,linkedin,paid_social,camp_15,1632,19,151.71
2025-08-31,CMP_1016,APAC_Competitor_Search,Display,gdn,display,camp_16,2368,19,28.11
2025-08-31,CMP_1017,US_Brand_LinkedIn,Display,gdn,display,camp_17,2415,10,13.53
2025-08-31,CMP_1018,APAC_FeatureX_LinkedIn,Paid Social,linkedin,paid_social,camp_18,1575,44,140.27
2025-08-31,CMP_1019,LATAM_Brand_Display,Paid Social,linkedin,paid_social,camp_19,1417,21,98.59
2025-09-01,CMP_1001,EMEA_FeatureY_Search,Paid Social,linkedin,paid_social,camp_1,4572,88,698.96
2025-09-01,CMP_1002,APAC_Brand_Search,Paid Social,linkedin,paid_social,camp_2,4180,70,455.28
2025-09-01,CMP_1003,APAC_FeatureY_Search,Paid Search,google,paid_search,camp_3,5770,194,1069.6
2025-09-01,CMP_1004,US_FeatureY_Display,Paid Social,linkedin,paid_social,camp_4,2856,46,268.87
2025-09-01,CMP_1005,US_FeatureX_Search,Paid Social,linkedin,paid_social,camp_5,3320,90,623.17
2025-09-01,CMP_1006,EMEA_Competitor_LinkedIn,Paid Search,google,paid_search,camp_6,5180,271,1264.42
2025-09-01,CMP_1007,EMEA_FeatureY_Display,Paid Social,linkedin,paid_social,camp_7,3673,49,348.55
2025-09-01,CMP_1008,EMEA_Brand_Search,Display,gdn,display,camp_8,4399,46,99.35
2025-09-01,CMP_1009,US_FeatureX_Search,Paid Social,linkedin,paid_social,camp_9,3354,80,455.95
2025-09-01,CMP_1010,LATAM_Competitor_LinkedIn,Paid Social,linkedin,paid_social,camp_10,3081,41,268.49
2025-09-01,CMP_1011,LATAM_Brand_LinkedIn,Paid Social,linkedin,paid_social,camp_11,4189,122,972.5
2025-09-01,CMP_1012,LATAM_FeatureX_Display,Display,gdn,display,camp_12,6164,67,75.09
2025-09-01,CMP_1013,APAC_Brand_LinkedIn,Display,gdn,display,camp_13,5070,51,69.29
2025-09-01,CMP_1014,LATAM_Competitor_Display,Display,gdn,display,camp_14,4527,22,24.07
2025-09-01,CMP_1015,LATAM_Competitor_Display,Paid Social,linkedin,paid_social,camp_15,3373,86,681.64
2025-09-01,CMP_1016,APAC_Competitor_Search,Display,gdn,display,camp_16,4810,45,76.14
2025-09-01,CMP_1017,US_Brand_LinkedIn,Display,gdn,display,camp_17,3182,29,31.93
2025-09-01,CMP_1018,APAC_FeatureX_LinkedIn,Paid Social,linkedin,paid_social,camp_18,2622,42,219.04
2025-09-01,CMP_1019,LATAM_Brand_Display,Paid Social,linkedin,paid_social,camp_19,3138,33,215.14
2025-09-02,CMP_1001,EMEA_FeatureY_Search,Paid Social,linkedin,paid_social,camp_1,3637,105,397.2
2025-09-02,CMP_1002,APAC_Brand_Search,Paid Social,linkedin,paid_social,camp_2,2967,86,499.63
2025-09-02,CMP_1003,APAC_FeatureY_Search,Paid Search,google,paid_search,camp_3,5684,242,494.37
2025-09-02,CMP_1004,US_FeatureY_Display,Paid Social,linkedin,paid_social,camp_4,3755,95,618.24
2025-09-02,CMP_1005,US_FeatureX_Search,Paid Social,linkedin,paid_social,camp_5,3661,64,261.45
2025-09-02,CMP_1006,EMEA_Competitor_LinkedIn,Paid Search,google,paid_search,camp_6,5472,312,1433.61
2025-09-02,CMP_1007,EMEA_FeatureY_Display,Paid Social,linkedin,paid_social,camp_7,3591,103,605.85
2025-09-02,CMP_1008,EMEA_Brand_Search,Display,gdn,display,camp_8,4791,34,41.03
2025-09-02,CMP_1009,US_FeatureX_Search,Paid Social,linkedin,paid_social,camp_9,3015,43,210.33
2025-09-02,CMP_1010,LATAM_Competitor_LinkedIn,Paid Social,linkedin,paid_social,camp_10,3657,105,619.88
2025-09-02,CMP_1011,LATAM_Brand_LinkedIn,Paid Social,linkedin,paid_social,camp_11,4202,110,811.79
2025-09-02,CMP_1012,LATAM_FeatureX_Display,Display,gdn,display,camp_12,4257,31,24.9
2025-09-02,CMP_1013,APAC_Brand_LinkedIn,Display,gdn,display,camp_13,3488,33,33.36
2025-09-02,CMP_1014,LATAM_Competitor_Display,Display,gdn,display,camp_14,5038,57,51.9
2025-09-02,CMP_1015,LATAM_Competitor_Display,Paid Social,linkedin,paid_social,camp_15,3894,81,632.55
2025-09-02,CMP_1016,APAC_Competitor_Search,Display,gdn,display,camp_16,4793,48,57.91
2025-09-02,CMP_1017,US_Brand_LinkedIn,Display,gdn,display,camp_17,4933,50,41.49
2025-09-02,CMP_1018,APAC_FeatureX_LinkedIn,Paid Social,linkedin,paid_social,camp_18,3617,75,285.17
2025-09-02,CMP_1019,LATAM_Brand_Display,Paid Social,linkedin,paid_social,camp_19,3782,83,415.35
2025-09-03,CMP_1001,EMEA_FeatureY_Search,Paid Social,linkedin,paid_social,camp_1,3109,34,149.84
2025-09-03,CMP_1002,APAC_Brand_Search,Paid Social,linkedin,paid_social,camp_2,3736,65,231.27
2025-09-03,CMP_1003,APAC_FeatureY_Search,Paid Search,google,paid_search,camp_3,6753,387,1691.87
2025-09-03,CMP_1004,US_FeatureY_Display,Paid Social,linkedin,paid_social,camp_4,3428,90,675.9
2025-09-03,CMP_1005,US_FeatureX_Search,Paid Social,linkedin,paid_social,camp_5,4633,124,628.06
2025-09-03,CMP_1006,EMEA_Competitor_LinkedIn,Paid Search,google,paid_search,camp_6,6845,348,2074.07
2025-09-03,CMP_1007,EMEA_FeatureY_Display,Paid Social,linkedin,paid_social,camp_7,4467,127,970.03
2025-09-03,CMP_1008,EMEA_Brand_Search,Display,gdn,display,camp_8,5190,21,36.67
2025-09-03,CMP_1009,US_FeatureX_Search,Paid Social,linkedin,paid_social,camp_9,4712,106,453.48
2025-09-03,CMP_1010,LATAM_Competitor_LinkedIn,Paid Social,linkedin,paid_social,camp_10,3461,54,282.27
2025-09-03,CMP_1011,LATAM_Brand_LinkedIn,Paid Social,linkedin,paid_social,camp_11,2273,26,193.32
2025-09-03,CMP_1012,LATAM_FeatureX_Display,Display,gdn,display,camp_12,6311,66,90.64
2025-09-03,CMP_1013,APAC_Brand_LinkedIn,Display,gdn,display,camp_13,4890,37,63.29
2025-09-03,CMP_1014,LATAM_Competitor_Display,Display,gdn,display,camp_14,5777,46,59.03
2025-09-03,CMP_1015,LATAM_Competitor_Display,Paid Social,linkedin,paid_social,camp_15,3909,81,586.9
2025-09-03,CMP_1016,APAC_Competitor_Search,Display,gdn,display,camp_16,3697,23,53.03
2025-09-03,CMP_1017,US_Brand_LinkedIn,Display,gdn,display,camp_17,4223,20,32.05
2025-09-03,CMP_1018,APAC_FeatureX_LinkedIn,Paid Social,linkedin,paid_social,camp_18,3534,89,486.69
2025-09-03,CMP_1019,LATAM_Brand_Display,Paid Social,linkedin,paid_social,camp_19,3509,64,200.91
2025-09-04,CMP_1001,EMEA_FeatureY_Search,Paid Social,linkedin,paid_social,camp_1,3278,73,419.43
2025-09-04,CMP_1002,APAC_Brand_Search,Paid Social,linkedin,paid_social,camp_2,3085,57,328.46
2025-09-04,CMP_1003,APAC_FeatureY_Search,Paid Search,google,paid_search,camp_3,5123,111,415.87
2025-09-04,CMP_1004,US_FeatureY_Display,Paid Social,linkedin,paid_social,camp_4,3929,52,164.85
2025-09-04,CMP_1005,US_FeatureX_Search,Paid Social,linkedin,paid_social,camp_5,4243,68,225.17
2025-09-04,CMP_1006,EMEA_Competitor_LinkedIn,Paid Search,google,paid_search,camp_6,6779,141,425.07
2025-09-04,CMP_1007,EMEA_FeatureY_Display,Paid Social,linkedin,paid_social,camp_7,2875,50,305.53
2025-09-04,CMP_1008,EMEA_Brand_Search,Display,gdn,display,camp_8,5831,59,141.74
2025-09-04,CMP_1009,US_FeatureX_Search,Paid Social,linkedin,paid_social,camp_9,3684,69,222.01
2025-09-04,CMP_1010,LATAM_Competitor_LinkedIn,Paid Social,linkedin,paid_social,camp_10,3590,61,378.2
2025-09-04,CMP_1011,LATAM_Brand_LinkedIn,Paid Social,linkedin,paid_social,camp_11,2907,36,191.66
2025-09-04,CMP_1012,LATAM_FeatureX_Display,Display,gdn,display,camp_12,3883,28,28.5
2025-09-04,CMP_1013,APAC_Brand_LinkedIn,Display,gdn,display,camp_13,4954,58,66.1
2025-09-04,CMP_1014,LATAM_Competitor_Display,Display,gdn,display,camp_14,4785,30,59.82
2025-09-04,CMP_1015,LATAM_Competitor_Display,Paid Social,linkedin,paid_social,camp_15,3999,40,133.35
2025-09-04,CMP_1016,APAC_Competitor_Search,Display,gdn,display,camp_16,3671,31,26.91
2025-09-04,CMP_1017,US_Brand_LinkedIn,Display,gdn,display,camp_17,3959,37,30.41
2025-09-04,CMP_1018,APAC_FeatureX_LinkedIn,Paid Social,linkedin,paid_social,camp_18,3635,97,711.42
2025-09-04,CMP_1019,LATAM_Brand_Display,Paid Social,linkedin,paid_social,camp_19,3637,39,264.47
2025-09-05,CMP_1001,EMEA_FeatureY_Search,Paid Social,linkedin,paid_social,camp_1,4360,67,272.66
2025-09-05,CMP_1002,APAC_Brand_Search,Paid Social,linkedin,paid_social,camp_2,3629,48,240.02
2025-09-05,CMP_1003,APAC_FeatureY_Search,Paid Search,google,paid_search,camp_3,5010,143,576.65
2025-09-05,CMP_1004,US_FeatureY_Display,Paid Social,linkedin,paid_social,camp_4,4108,107,457.81
2025-09-05,CMP_1005,US_FeatureX_Search,Paid Social,linkedin,paid_social,camp_5,3618,101,693.75
2025-09-05,CMP_1006,EMEA_Competitor_LinkedIn,Paid Search,google,paid_search,camp_6,4728,169,909.18
2025-09-05,CMP_1007,EMEA_FeatureY_Display,Paid Social,linkedin,paid_social,camp_7,3479,51,209.11
2025-09-05,CMP_1008,EMEA_Brand_Search,Display,gdn,display,camp_8,4549,52,63.14
2025-09-05,CMP_1009,US_FeatureX_Search,Paid Social,linkedin,paid_social,camp_9,3085,73,510.03
2025-09-05,CMP_1010,LATAM_Competitor_LinkedIn,Paid Social,linkedin,paid_social,camp_10,3540,75,342.08
2025-09-05,CMP_1011,LATAM_Brand_LinkedIn,Paid Social,linkedin,paid_social,camp_11,3337,92,540.67
2025-09-05,CMP_1012,LATAM_FeatureX_Display,Display,gdn,display,camp_12,4168,23,41.53
2025-09-05,CMP_1013,APAC_Brand_LinkedIn,Display,gdn,display,camp_13,5616,37,35.33
2025-09-05,CMP_1014,LATAM_Competitor_Display,Display,gdn,display,camp_14,5466,52,53.3
2025-09-05,CMP_1015,LATAM_Competitor_Display,Paid Social,linkedin,paid_social,camp_15,3315,89,606.21
2025-09-05,CMP_1016,APAC_Competitor_Search,Display,gdn,display,camp_16,3885,35,61.98
2025-09-05,CMP_1017,US_Brand_LinkedIn,Display,gdn,display,camp_17,4644,44,58.95
2025-09-05,CMP_1018,APAC_FeatureX_LinkedIn,Paid Social,linkedin,paid_social,camp_18,2744,37,121.33
2025-09-05,CMP_1019,LATAM_Brand_Display,Paid Social,linkedin,paid_social,camp_19,3298,43,283.07
2025-09-06,CMP_1001,EMEA_FeatureY_Search,Paid Social,linkedin,paid_social,camp_1,661,10,45.04
2025-09-06,CMP_1002,APAC_Brand_Search,Paid Social,linkedin,paid_social,camp_2,1748,36,263.94
2025-09-06,CMP_1003,APAC_FeatureY_Search,Paid Search,google,paid_search,camp_3,2182,119,684.25
2025-09-06,CMP_1004,US_FeatureY_Display,Paid Social,linkedin,paid_social,camp_4,2017,28,207.01
2025-09-06,CMP_1005,US_FeatureX_Search,Paid Social,linkedin,paid_social,camp_5,1624,34,131.38
2025-09-06,CMP_1006,EMEA_Competitor_LinkedIn,Paid Search,google,paid_search,camp_6,2922,100,425.62
2025-09-06,CMP_1007,EMEA_FeatureY_Display,Paid Social,linkedin,paid_social,camp_7,2093,56,331.46
2025-09-06,CMP_1008,EMEA_Brand_Search,Display,gdn,display,camp_8,3873,28,61.28
2025-09-06,CMP_1009,US_FeatureX_Search,Paid Social,linkedin,paid_social,camp_9,2602,46,273.96
2025-09-06,CMP_1010,LATAM_Competitor_LinkedIn,Paid Social,linkedin,paid_social,camp_10,1096,18,57.62
2025-09-06,CMP_1011,LATAM_Brand_LinkedIn,Paid Social,linkedin,paid_social,camp_11,2422,58,435.94
2025-09-06,CMP_1012,LATAM_FeatureX_Display,Display,gdn,display,camp_12,2014,17,38.21
2025-09-06,CMP_1013,APAC_Brand_LinkedIn,Display,gdn,display,camp_13,3229,17,41.05
2025-09-06,CMP_1014,LATAM_Competitor_Display,Display,gdn,display,camp_14,1657,11,13.54
2025-09-06,CMP_1015,LATAM_Competitor_Display,Paid Social,linkedin,paid_social,camp_15,1845,47,315.3
2025-09-06,CMP_1016,APAC_Competitor_Search,Display,gdn,display,camp_16,2887,27,37.22
2025-09-06,CMP_1017,US_Brand_LinkedIn,Display,gdn,display,camp_17,2243,13,17.25
2025-09-06,CMP_1018,APAC_FeatureX_LinkedIn,Paid Social,linkedin,paid_social,camp_18,2982,68,406.71
2025-09-06,CMP_1019,LATAM_Brand_Display,Paid Social,linkedin,paid_social,camp_19,1349,18,58.2
2025-09-07,CMP_1001,EMEA_FeatureY_Search,Paid Social,linkedin,paid_social,camp_1,1364,22,157.26
2025-09-07,CMP_1002,APAC_Brand_Search,Paid Social,linkedin,paid_social,camp_2,1607,29,169.06
2025-09-07,CMP_1003,APAC_FeatureY_Search,Paid Search,google,paid_search,camp_3,3636,176,606.31
2025-09-07,CMP_1004,US_FeatureY_Display,Paid Social,linkedin,paid_social,camp_4,1595,19,141.91
2025-09-07,CMP_1005,US_FeatureX_Search,Paid Social,linkedin,paid_social,camp_5,724,10,52.32
2025-09-07,CMP_1006,EMEA_Competitor_LinkedIn,Paid Search,google,paid_search,camp_6,3097,102,454.32
2025-09-07,CMP_1007,EMEA_FeatureY_Display,Paid Social,linkedin,paid_social,camp_7,2743,74,466.44
2025-09-07,CMP_1008,EMEA_Brand_Search,Display,gdn,display,camp_8,1510,7,16.62
2025-09-07,CMP_1009,US_FeatureX_Search,Paid Social,linkedin,paid_social,camp_9,1686,33,251.01
2025-09-07,CMP_1010,LATAM_Competitor_LinkedIn,Paid Social,linkedin,paid_social,camp_10,813,10,41.8
2025-09-07,CMP_1011,LATAM_Brand_LinkedIn,Paid Social,linkedin,paid_social,camp_11,2144,54,181.88
2025-09-07,CMP_1012,LATAM_FeatureX_Display,Display,gdn,display,camp_12,1182,8,7.43
2025-09-07,CMP_1013,APAC_Brand_LinkedIn,Display,gdn,display,camp_13,2106,10,24.17
2025-09-07,CMP_1014,LATAM_Competitor_Display,Display,gdn,display,camp_14,2767,16,36.91
2025-09-07,CMP_1015,LATAM_Competitor_Display,Paid Social,linkedin,paid_social,camp_15,2790,33,170.88
2025-09-07,CMP_1016,APAC_Competitor_Search,Display,gdn,display,camp_16,2824,30,46.75
2025-09-07,CMP_1017,US_Brand_LinkedIn,Display,gdn,display,camp_17,2413,10,20.7
2025-09-07,CMP_1018,APAC_FeatureX_LinkedIn,Paid Social,linkedin,paid_social,camp_18,1959,42,334.0
2025-09-07,CMP_1019,LATAM_Brand_Display,Paid Social,linkedin,paid_social,camp_19,1749,37,265.01
2025-09-08,CMP_1001,EMEA_FeatureY_Search,Paid Social,linkedin,paid_social,camp_1,2751,75,346.54
2025-09-08,CMP_1002,APAC_Brand_Search,Paid Social,linkedin,paid_social,camp_2,3430,44,268.76
2025-09-08,CMP_1003,APAC_FeatureY_Search,Paid Search,google,paid_search,camp_3,7401,367,1051.4
2025-09-08,CMP_1004,US_FeatureY_Display,Paid Social,linkedin,paid_social,camp_4,3963,92,312.02
2025-09-08,CMP_1005,US_FeatureX_Search,Paid Social,linkedin,paid_social,camp_5,3677,102,685.87
2025-09-08,CMP_1006,EMEA_Competitor_LinkedIn,Paid Search,google,paid_search,camp_6,5524,112,464.0
2025-09-08,CMP_1007,EMEA_FeatureY_Display,Paid Social,linkedin,paid_social,camp_7,2752,65,467.56
2025-09-08,CMP_1008,EMEA_Brand_Search,Display,gdn,display,camp_8,4191,18,32.55
2025-09-08,CMP_1009,US_FeatureX_Search,Paid Social,linkedin,paid_social,camp_9,4001,85,417.87
2025-09-08,CMP_1010,LATAM_Competitor_LinkedIn,Paid Social,linkedin,paid_social,camp_10,3412,98,472.73
2025-09-08,CMP_1011,LATAM_Brand_LinkedIn,Paid Social,linkedin,paid_social,camp_11,3434,65,488.12
2025-09-08,CMP_1012,LATAM_FeatureX_Display,Display,gdn,display,camp_12,6235,65,134.51
2025-09-08,CMP_1013,APAC_Brand_LinkedIn,Display,gdn,display,camp_13,5107,25,21.73
2025-09-08,CMP_1014,LATAM_Competitor_Display,Display,gdn,display,camp_14,3537,16,39.39
2025-09-08,CMP_1015,LATAM_Competitor_Display,Paid Social,linkedin,paid_social,camp_15,2714,49,152.03
2025-09-08,CMP_1016,APAC_Competitor_Search,Display,gdn,display,camp_16,4174,19,26.95
2025-09-08,CMP_1017,US_Brand_LinkedIn,Display,gdn,display,camp_17,5082,58,65.1
2025-09-08,CMP_1018,APAC_FeatureX_LinkedIn,Paid Social,linkedin,paid_social,camp_18,4093,53,213.89
2025-09-08,CMP_1019,LATAM_Brand_Display,Paid Social,linkedin,paid_social,camp_19,4364,66,237.47
2025-09-09,CMP_1001,EMEA_FeatureY_Search,Paid Social,linkedin,paid_social,camp_1,3393,65,208.38
2025-09-09,CMP_1002,APAC_Brand_Search,Paid Social,linkedin,paid_social,camp_2,2483,39,176.1
2025-09-09,CMP_1003,APAC_FeatureY_Search,Paid Search,google,paid_search,camp_3,7368,407,1924.99
2025-09-09,CMP_1004,US_FeatureY_Display,Paid Social,linkedin,paid_social,camp_4,3762,106,598.13
2025-09-09,CMP_1005,US_FeatureX_Search,Paid Social,linkedin,paid_social,camp_5,5011,84,367.26
2025-09-09,CMP_1006,EMEA_Competitor_LinkedIn,Paid Search,google,paid_search,camp_6,5222,156,591.88
2025-09-09,CMP_1007,EMEA_FeatureY_Display,Paid Social,linkedin,paid_social,camp_7,2352,50,344.23
2025-09-09,CMP_1008,EMEA_Brand_Search,Display,gdn,display,camp_8,4728,43,42.39
2025-09-09,CMP_1009,US_FeatureX_Search,Paid Social,linkedin,paid_social,camp_9,2302,44,156.6
2025-09-09,CMP_1010,LATAM_Competitor_LinkedIn,Paid Social,linkedin,paid_social,camp_10,5501,77,242.04
2025-09-09,CMP_1011,LATAM_Brand_LinkedIn,Paid Social,linkedin,paid_social,camp_11,2512,64,242.79
2025-09-09,CMP_1012,LATAM_FeatureX_Display,Display,gdn,display,camp_12,4795,52,50.8
2025-09-09,CMP_1013,APAC_Brand_LinkedIn,Display,gdn,display,camp_13,5226,41,68.71
2025-09-09,CMP_1014,LATAM_Competitor_Display,Display,gdn,display,camp_14,5508,27,60.76
2025-09-09,CMP_1015,LATAM_Competitor_Display,Paid Social,linkedin,paid_social,camp_15,4390,66,205.01
2025-09-09,CMP_1016,APAC_Competitor_Search,Display,gdn,display,camp_16,4239,41,100.7
2025-09-09,CMP_1017,US_Brand_LinkedIn,Display,gdn,display,camp_17,3897,41,63.16
2025-09-09,CMP_1018,APAC_FeatureX_LinkedIn,Paid Social,linkedin,paid_social,camp_18,4196,101,339.27
2025-09-09,CMP_1019,LATAM_Brand_Display,Paid Social,linkedin,paid_social,camp_19,4212,90,568.42
2025-09-10,CMP_1001,EMEA_FeatureY_Search,Paid Social,linkedin,paid_social,camp_1,4475,129,935.37
2025-09-10,CMP_1002,APAC_Brand_Search,Paid Social,linkedin,paid_social,camp_2,3023,55,352.93
2025-09-10,CMP_1003,APAC_FeatureY_Search,Paid Search,google,paid_search,camp_3,7470,326,1614.43
2025-09-10,CMP_1004,US_FeatureY_Display,Paid Social,linkedin,paid_social,camp_4,3980,86,553.29
2025-09-10,CMP_1005,US_FeatureX_Search,Paid Social,linkedin,paid_social,camp_5,2884,38,222.01
2025-09-10,CMP_1006,EMEA_Competitor_LinkedIn,Paid Search,google,paid_search,camp_6,3739,86,416.68
2025-09-10,CMP_1007,EMEA_FeatureY_Display,Paid Social,linkedin,paid_social,camp_7,3928,61,458.03
2025-09-10,CMP_1008,EMEA_Brand_Search,Display,gdn,display,camp_8,4912,53,120.48
2025-09-10,CMP_1009,US_FeatureX_Search,Paid Social,linkedin,paid_social,camp_9,3967,84,556.89
2025-09-10,CMP_1010,LATAM_Competitor_LinkedIn,Paid Social,linkedin,paid_social,camp_10,3712,69,489.32
2025-09-10,CMP_1011,LATAM_Brand_LinkedIn,Paid Social,linkedin,paid_social,camp_11,2977,84,289.78
2025-09-10,CMP_1012,LATAM_FeatureX_Display,Display,gdn,display,camp_12,5342,43,101.94
2025-09-10,CMP_1013,APAC_Brand_LinkedIn,Display,gdn,display,camp_13,3239,36,63.81
2025-09-10,CMP_1014,LATAM_Competitor_Display,Display,gdn,display,camp_14,4614,32,47.15
2025-09-10,CMP_1015,LATAM_Competitor_Display,Paid Social,linkedin,paid_social,camp_15,4665,135,617.69
2025-09-10,CMP_1016,APAC_Competitor_Search,Display,gdn,display,camp_16,4444,43,62.36
2025-09-10,CMP_1017,US_Brand_LinkedIn,Display,gdn,display,camp_17,2851,31,73.01
2025-09-10,CMP_1018,APAC_FeatureX_LinkedIn,Paid Social,linkedin,paid_social,camp_18,3388,63,192.69
2025-09-10,CMP_1019,LATAM_Brand_Display,Paid Social,linkedin,paid_social,camp_19,2651,39,129.26
2025-09-11,CMP_1001,EMEA_FeatureY_Search,Paid Social,linkedin,paid_social,camp_1,4414,129,985.95
2025-09-11,CMP_1002,APAC_Brand_Search,Paid Social,linkedin,paid_social,camp_2,2526,45,141.18
2025-09-11,CMP_1003,APAC_FeatureY_Search,Paid Search,google,paid_search,camp_3,4866,138,730.21
2025-09-11,CMP_1004,US_FeatureY_Display,Paid Social,linkedin,paid_social,camp_4,2908,74,486.96
2025-09-11,CMP_1005,US_FeatureX_Search,Paid Social,linkedin,paid_social,camp_5,4674,77,600.41
2025-09-11,CMP_1006,EMEA_Competitor_LinkedIn,Paid Search,google,paid_search,camp_6,6766,206,760.47
2025-09-11,CMP_1007,EMEA_FeatureY_Display,Paid Social,linkedin,paid_social,camp_7,2516,59,190.78
2025-09-11,CMP_1008,EMEA_Brand_Search,Display,gdn,display,camp_8,3595,32,40.03
2025-09-11,CMP_1009,US_FeatureX_Search,Paid Social,linkedin,paid_social,camp_9,4781,107,640.37
2025-09-11,CMP_1010,LATAM_Competitor_LinkedIn,Paid Social,linkedin,paid_social,camp_10,2897,62,246.1
2025-09-11,CMP_1011,LATAM_Brand_LinkedIn,Paid Social,linkedin,paid_social,camp_11,3968,54,239.49
2025-09-11,CMP_1012,LATAM_FeatureX_Display,Display,gdn,display,camp_12,4628,27,43.35
2025-09-11,CMP_1013,APAC_Brand_LinkedIn,Display,gdn,display,camp_13,4485,43,103.3
2025-09-11,CMP_1014,LATAM_Competitor_Display,Display,gdn,display,camp_14,4062,18,14.72
2025-09-11,CMP_1015,LATAM_Competitor_Display,Paid Social,linkedin,paid_social,camp_15,2727,59,351.61
2025-09-11,CMP_1016,APAC_Competitor_Search,Display,gdn,display,camp_16,5020,31,35.77
2025-09-11,CMP_1017,US_Brand_LinkedIn,Display,gdn,display,camp_17,4129,45,83.97
2025-09-11,CMP_1018,APAC_FeatureX_LinkedIn,Paid Social,linkedin,paid_social,camp_18,3666,90,504.56
2025-09-11,CMP_1019,LATAM_Brand_Display,Paid Social,linkedin,paid_social,camp_19,3254,52,187.63
2025-09-12,CMP_1001,EMEA_FeatureY_Search,Paid Social,linkedin,paid_social,camp_1,2960,40,221.73
2025-09-12,CMP_1002,APAC_Brand_Search,Paid Social,linkedin,paid_social,camp_2,4169,104,457.96
2025-09-12,CMP_1003,APAC_FeatureY_Search,Paid Search,google,paid_search,camp_3,3837,99,255.68
2025-09-12,CMP_1004,US_FeatureY_Display,Paid Social,linkedin,paid_social,camp_4,3972,111,673.12
2025-09-12,CMP_1005,US_FeatureX_Search,Paid Social,linkedin,paid_social,camp_5,3570,65,341.48
2025-09-12,CMP_1006,EMEA_Competitor_LinkedIn,Paid Search,google,paid_search,camp_6,6883,138,791.04
2025-09-12,CMP_1007,EMEA_FeatureY_Display,Paid Social,linkedin,paid_social,camp_7,2615,57,261.28
2025-09-12,CMP_1008,EMEA_Brand_Search,Display,gdn,display,camp_8,3528,26,60.41
2025-09-12,CMP_1009,US_FeatureX_Search,Paid Social,linkedin,paid_social,camp_9,2822,61,399.07
2025-09-12,CMP_1010,LATAM_Competitor_LinkedIn,Paid Social,linkedin,paid_social,camp_10,4086,62,464.18
2025-09-12,CMP_1011,LATAM_Brand_LinkedIn,Paid Social,linkedin,paid_social,camp_11,4010,107,809.99
2025-09-12,CMP_1012,LATAM_FeatureX_Display,Display,gdn,display,camp_12,4489,49,93.51
2025-09-12,CMP_1013,APAC_Brand_LinkedIn,Display,gdn,display,camp_13,5783,36,42.6
2025-09-12,CMP_1014,LATAM_Competitor_Display,Display,gdn,display,camp_14,5303,35,37.17
2025-09-12,CMP_1015,LATAM_Competitor_Display,Paid Social,linkedin,paid_social,camp_15,3402,64,332.2
2025-09-12,CMP_1016,APAC_Competitor_Search,Display,gdn,display,camp_16,5418,35,37.03
2025-09-12,CMP_1017,US_Brand_LinkedIn,Display,gdn,display,camp_17,4577,27,41.11
2025-09-12,CMP_1018,APAC_FeatureX_LinkedIn,Paid Social,linkedin,paid_social,camp_18,2653,69,516.75
2025-09-12,CMP_1019,LATAM_Brand_Display,Paid Social,linkedin,paid_social,camp_19,2493,33,258.32
2025-09-13,CMP_1001,EMEA_FeatureY_Search,Paid Social,linkedin,paid_social,camp_1,1905,52,261.03
2025-09-13,CMP_1002,APAC_Brand_Search,Paid Social,linkedin,paid_social,camp_2,2244,31,142.84
2025-09-13,CMP_1003,APAC_FeatureY_Search,Paid Search,google,paid_search,camp_3,3765,133,495.13
2025-09-13,CMP_1004,US_FeatureY_Display,Paid Social,linkedin,paid_social,camp_4,1953,44,286.54
2025-09-13,CMP_1005,US_FeatureX_Search,Paid Social,linkedin,paid_social,camp_5,2660,35,211.36
2025-09-13,CMP_1006,EMEA_Competitor_LinkedIn,Paid Search,google,paid_search,camp_6,3003,157,759.54
2025-09-13,CMP_1007,EMEA_FeatureY_Display,Paid Social,linkedin,paid_social,camp_7,2431,51,348.92
2025-09-13,CMP_1008,EMEA_Brand_Search,Display,gdn,display,camp_8,2592,14,13.47
2025-09-13,CMP_1009,US_FeatureX_Search,Paid Social,linkedin,paid_social,camp_9,2012,58,377.97
2025-09-13,CMP_1010,LATAM_Competitor_LinkedIn,Paid Social,linkedin,paid_social,camp_10,2330,62,426.38
2025-09-13,CMP_1011,LATAM_Brand_LinkedIn,Paid Social,linkedin,paid_social,camp_11,1800,37,247.67
2025-09-13,CMP_1012,LATAM_FeatureX_Display,Display,gdn,display,camp_12,1151,8,12.25
2025-09-13,CMP_1013,APAC_Brand_LinkedIn,Display,gdn,display,camp_13,3001,15,23.5
2025-09-13,CMP_1014,LATAM_Competitor_Display,Display,gdn,display,camp_14,3288,21,36.51
2025-09-13,CMP_1015,LATAM_Competitor_Display,Paid Social,linkedin,paid_social,camp_15,1956,56,336.63
2025-09-13,CMP_1016,APAC_Competitor_Search,Display,gdn,display,camp_16,2600,19,30.08
2025-09-13,CMP_1017,US_Brand_LinkedIn,Display,gdn,display,camp_17,3077,13,17.78
2025-09-13,CMP_1018,APAC_FeatureX_LinkedIn,Paid Social,linkedin,paid_social,camp_18,2575,58,233.37
2025-09-13,CMP_1019,LATAM_Brand_Display,Paid Social,linkedin,paid_social,camp_19,2081,32,228.27
2025-09-14,CMP_1001,EMEA_FeatureY_Search,Paid Social,linkedin,paid_social,camp_1,1311,33,195.39
2025-09-14,CMP_1002,APAC_Brand_Search,Paid Social,linkedin,paid_social,camp_2,1138,30,221.7
2025-09-14,CMP_1003,APAC_FeatureY_Search,Paid Search,google,paid_search,camp_3,2025,43,227.95
2025-09-14,CMP_1004,US_FeatureY_Display,Paid Social,linkedin,paid_social,camp_4,593,17,95.28
2025-09-14,CMP_1005,US_FeatureX_Search,Paid Social,linkedin,paid_social,camp_5,1877,48,329.76
2025-09-14,CMP_1006,EMEA_Competitor_LinkedIn,Paid Search,google,paid_search,camp_6,3733,207,959.38
2025-09-14,CMP_1007,EMEA_FeatureY_Display,Paid Social,linkedin,paid_social,camp_7,580,14,59.17
2025-09-14,CMP_1008,EMEA_Brand_Search,Display,gdn,display,camp_8,2002,11,8.99
2025-09-14,CMP_1009,US_FeatureX_Search,Paid Social,linkedin,paid_social,camp_9,2582,72,483.0
2025-09-14,CMP_1010,LATAM_Competitor_LinkedIn,Paid Social,linkedin,paid_social,camp_10,2276,48,346.71
2025-09-14,CMP_1011,LATAM_Brand_LinkedIn,Paid Social,linkedin,paid_social,camp_11,1493,40,203.05
2025-09-14,CMP_1012,LATAM_FeatureX_Display,Display,gdn,display,camp_12,1883,19,26.56
2025-09-14,CMP_1013,APAC_Brand_LinkedIn,Display,gdn,display,camp_13,3496,36,69.04
2025-09-14,CMP_1014,LATAM_Competitor_Display,Display,gdn,display,camp_14,3442,26,49.37
2025-09-14,CMP_1015,LATAM_Competitor_Display,Paid Social,linkedin,paid_social,camp_15,1305,19,88.26
2025-09-14,CMP_1016,APAC_Competitor_Search,Display,gdn,display,camp_16,2299,19,29.33
2025-09-14,CMP_1017,US_Brand_LinkedIn,Display,gdn,display,camp_17,2701,16,25.98
2025-09-14,CMP_1018,APAC_FeatureX_LinkedIn,Paid Social,linkedin,paid_social,camp_18,2350,28,97.6
2025-09-14,CMP_1019,LATAM_Brand_Display,Paid Social,linkedin,paid_social,camp_19,3031,71,295.48
2025-09-15,CMP_1001,EMEA_FeatureY_Search,Paid Social,linkedin,paid_social,camp_1,3432,97,545.7
2025-09-15,CMP_1002,APAC_Brand_Search,Paid Social,linkedin,paid_social,camp_2,4039,81,430.83
2025-09-15,CMP_1003,APAC_FeatureY_Search,Paid Search,google,paid_search,camp_3,6408,364,1954.44
2025-09-15,CMP_1004,US_FeatureY_Display,Paid Social,linkedin,paid_social,camp_4,3860,113,859.51
2025-09-15,CMP_1005,US_FeatureX_Search,Paid Social,linkedin,paid_social,camp_5,2848,67,295.29
2025-09-15,CMP_1006,EMEA_Competitor_LinkedIn,Paid Search,google,paid_search,camp_6,5579,238,796.06
2025-09-15,CMP_1007,EMEA_FeatureY_Display,Paid Social,linkedin,paid_social,camp_7,3698,92,489.69
2025-09-15,CMP_1008,EMEA_Brand_Search,Display,gdn,display,camp_8,5551,38,91.34
2025-09-15,CMP_1009,US_FeatureX_Search,Paid Social,linkedin,paid_social,camp_9,3682,43,252.52
2025-09-15,CMP_1010,LATAM_Competitor_LinkedIn,Paid Social,linkedin,paid_social,camp_10,2810,56,291.91
2025-09-15,CMP_1011,LATAM_Brand_LinkedIn,Paid Social,linkedin,paid_social,camp_11,3278,67,494.47
2025-09-15,CMP_1012,LATAM_FeatureX_Display,Display,gdn,display,camp_12,4309,29,63.07
2025-09-15,CMP_1013,APAC_Brand_LinkedIn,Display,gdn,display,camp_13,5872,55,137.16
2025-09-15,CMP_1014,LATAM_Competitor_Display,Display,gdn,display,camp_14,4229,42,36.83
2025-09-15,CMP_1015,LATAM_Competitor_Display,Paid Social,linkedin,paid_social,camp_15,4439,55,245.59
2025-09-15,CMP_1016,APAC_Competitor_Search,Display,gdn,display,camp_16,4795,45,87.02
2025-09-15,CMP_1017,US_Brand_LinkedIn,Display,gdn,display,camp_17,5382,26,55.54
2025-09-15,CMP_1018,APAC_FeatureX_LinkedIn,Paid Social,linkedin,paid_social,camp_18,4414,76,514.2
2025-09-15,CMP_1019,LATAM_Brand_Display,Paid Social,linkedin,paid_social,camp_19,3846,89,505.18
2025-09-16,CMP_1001,EMEA_FeatureY_Search,Paid Social,linkedin,paid_social,camp_1,4594,134,1015.03
2025-09-16,CMP_1002,APAC_Brand_Search,Paid Social,linkedin,paid_social,camp_2,3562,38,299.41
2025-09-16,CMP_1003,APAC_FeatureY_Search,Paid Search,google,paid_search,camp_3,5247,192,704.2
2025-09-16,CMP_1004,US_FeatureY_Display,Paid Social,linkedin,paid_social,camp_4,4517,51,297.95
2025-09-16,CMP_1005,US_FeatureX_Search,Paid Social,linkedin,paid_social,camp_5,2528,44,325.61
2025-09-16,CMP_1006,EMEA_Competitor_LinkedIn,Paid Search,google,paid_search,camp_6,8064,434,2022.34
2025-09-16,CMP_1007,EMEA_FeatureY_Display,Paid Social,linkedin,paid_social,camp_7,2793,79,488.58
2025-09-16,CMP_1008,EMEA_Brand_Search,Display,gdn,display,camp_8,5292,30,60.82
2025-09-16,CMP_1009,US_FeatureX_Search,Paid Social,linkedin,paid_social,camp_9,3872,64,400.41
2025-09-16,CMP_1010,LATAM_Competitor_LinkedIn,Paid Social,linkedin,paid_social,camp_10,3447,80,630.72
2025-09-16,CMP_1011,LATAM_Brand_LinkedIn,Paid Social,linkedin,paid_social,camp_11,3392,93,576.54
2025-09-16,CMP_1012,LATAM_FeatureX_Display,Display,gdn,display,camp_12,4733,53,110.74
2025-09-16,CMP_1013,APAC_Brand_LinkedIn,Display,gdn,display,camp_13,4443,44,42.24
2025-09-16,CMP_1014,LATAM_Competitor_Display,Display,gdn,display,camp_14,4058,31,51.43
2025-09-16,CMP_1015,LATAM_Competitor_Display,Paid Social,linkedin,paid_social,camp_15,3521,69,384.82
2025-09-16,CMP_1016,APAC_Competitor_Search,Display,gdn,display,camp_16,4830,55,131.65
2025-09-16,CMP_1017,US_Brand_LinkedIn,Display,gdn,display,camp_17,3965,23,42.69
2025-09-16,CMP_1018,APAC_FeatureX_LinkedIn,Paid Social,linkedin,paid_social,camp_18,3518,86,615.84
2025-09-16,CMP_1019,LATAM_Brand_Display,Paid Social,linkedin,paid_social,camp_19,3654,107,740.76
2025-09-17,CMP_1001,EMEA_FeatureY_Search,Paid Social,linkedin,paid_social,camp_1,3090,83,484.9
2025-09-17,CMP_1002,APAC_Brand_Search,Paid Social,linkedin,paid_social,camp_2,2406,44,342.61
2025-09-17,CMP_1003,APAC_FeatureY_Search,Paid Search,google,paid_search,camp_3,6034,170,564.68
2025-09-17,CMP_1004,US_FeatureY_Display,Paid Social,linkedin,paid_social,camp_4,3289,57,425.54
2025-09-17,CMP_1005,US_FeatureX_Search,Paid Social,linkedin,paid_social,camp_5,4613,105,639.71
2025-09-17,CMP_1006,EMEA_Competitor_LinkedIn,Paid Search,google,paid_search,camp_6,5917,136,724.45
2025-09-17,CMP_1007,EMEA_FeatureY_Display,Paid Social,linkedin,paid_social,camp_7,3317,48,187.73
2025-09-17,CMP_1008,EMEA_Brand_Search,Display,gdn,display,camp_8,4302,21,34.61
2025-09-17,CMP_1009,US_FeatureX_Search,Paid Social,linkedin,paid_social,camp_9,3518,37,190.28
2025-09-17,CMP_1010,LATAM_Competitor_LinkedIn,Paid Social,linkedin,paid_social,camp_10,3985,104,772.32
2025-09-17,CMP_1011,LATAM_Brand_LinkedIn,Paid Social,linkedin,paid_social,camp_11,3207,73,464.22
2025-09-17,CMP_1012,LATAM_FeatureX_Display,Display,gdn,display,camp_12,4762,50,93.78
2025-09-17,CMP_1013,APAC_Brand_LinkedIn,Display,gdn,display,camp_13,4552,21,50.56
2025-09-17,CMP_1014,LATAM_Competitor_Display,Display,gdn,display,camp_14,3346,28,67.41
2025-09-17,CMP_1015,LATAM_Competitor_Display,Paid Social,linkedin,paid_social,camp_15,3484,35,171.55
2025-09-17,CMP_1016,APAC_Competitor_Search,Display,gdn,display,camp_16,3900,36,30.65
2025-09-17,CMP_1017,US_Brand_LinkedIn,Display,gdn,display,camp_17,5246,49,83.23
2025-09-17,CMP_1018,APAC_FeatureX_LinkedIn,Paid Social,linkedin,paid_social,camp_18,3509,62,405.27
2025-09-17,CMP_1019,LATAM_Brand_Display,Paid Social,linkedin,paid_social,camp_19,3671,57,232.86
2025-09-18,CMP_1001,EMEA_FeatureY_Search,Paid Social,linkedin,paid_social,camp_1,3564,76,402.45
2025-09-18,CMP_1002,APAC_Brand_Search,Paid Social,linkedin,paid_social,camp_2,2401,60,362.03
2025-09-18,CMP_1003,APAC_FeatureY_Search,Paid Search,google,paid_search,camp_3,5902,289,1377.28
2025-09-18,CMP_1004,US_FeatureY_Display,Paid Social,linkedin,paid_social,camp_4,2763,35,191.41
2025-09-18,CMP_1005,US_FeatureX_Search,Paid Social,linkedin,paid_social,camp_5,3656,96,649.07
2025-09-18,CMP_1006,EMEA_Competitor_LinkedIn,Paid Search,google,paid_search,camp_6,5774,243,610.25
2025-09-18,CMP_1007,EMEA_FeatureY_Display,Paid Social,linkedin,paid_social,camp_7,3426,59,373.52
2025-09-18,CMP_1008,EMEA_Brand_Search,Display,gdn,display,camp_8,4873,42,42.95
2025-09-18,CMP_1009,US_FeatureX_Search,Paid Social,linkedin,paid_social,camp_9,3172,63,346.52
2025-09-18,CMP_1010,LATAM_Competitor_LinkedIn,Paid Social,linkedin,paid_social,camp_10,3294,96,642.31
2025-09-18,CMP_1011,LATAM_Brand_LinkedIn,Paid Social,linkedin,paid_social,camp_11,3240,81,378.11
2025-09-18,CMP_1012,LATAM_FeatureX_Display,Display,gdn,display,camp_12,4684,51,114.67
2025-09-18,CMP_1013,APAC_Brand_LinkedIn,Display,gdn,display,camp_13,4584,24,57.74
2025-09-18,CMP_1014,LATAM_Competitor_Display,Display,gdn,display,camp_14,4995,48,85.53
2025-09-18,CMP_1015,LATAM_Competitor_Display,Paid Social,linkedin,paid_social,camp_15,4238,115,703.07
2025-09-18,CMP_1016,APAC_Competitor_Search,Display,gdn,display,camp_16,3608,25,31.92
2025-09-18,CMP_1017,US_Brand_LinkedIn,Display,gdn,display,camp_17,4464,47,103.81
2025-09-18,CMP_1018,APAC_FeatureX_LinkedIn,Paid Social,linkedin,paid_social,camp_18,4308,84,511.24
2025-09-18,CMP_1019,LATAM_Brand_Display,Paid Social,linkedin,paid_social,camp_19,2397,43,222.93
2025-09-19,CMP_1001,EMEA_FeatureY_Search,Paid Social,linkedin,paid_social,camp_1,3730,109,830.14
2025-09-19,CMP_1002,APAC_Brand_Search,Paid Social,linkedin,paid_social,camp_2,3556,52,185.86
2025-09-19,CMP_1003,APAC_FeatureY_Search,Paid Search,google,paid_search,camp_3,5872,220,923.57
2025-09-19,CMP_1004,US_FeatureY_Display,Paid Social,linkedin,paid_social,camp_4,4410,68,391.0
2025-09-19,CMP_1005,US_FeatureX_Search,Paid Social,linkedin,paid_social,camp_5,4311,84,271.67
2025-09-19,CMP_1006,EMEA_Competitor_LinkedIn,Paid Search,google,paid_search,camp_6,5363,191,723.93
2025-09-19,CMP_1007,EMEA_FeatureY_Display,Paid Social,linkedin,paid_social,camp_7,3695,61,309.35
2025-09-19,CMP_1008,EMEA_Brand_Search,Display,gdn,display,camp_8,4557,44,90.72
2025-09-19,CMP_1009,US_FeatureX_Search,Paid Social,linkedin,paid_social,camp_9,3208,56,360.34
2025-09-19,CMP_1010,LATAM_Competitor_LinkedIn,Paid Social,linkedin,paid_social,camp_10,3345,75,588.27
2025-09-19,CMP_1011,LATAM_Brand_LinkedIn,Paid Social,linkedin,paid_social,camp_11,4149,57,233.71
2025-09-19,CMP_1012,LATAM_FeatureX_Display,Display,gdn,display,camp_12,5373,33,37.82
2025-09-19,CMP_1013,APAC_Brand_LinkedIn,Display,gdn,display,camp_13,4427,40,66.62
2025-09-19,CMP_1014,LATAM_Competitor_Display,Display,gdn,display,camp_14,6034,53,89.74
2025-09-19,CMP_1015,LATAM_Competitor_Display,Paid Social,linkedin,paid_social,camp_15,2814,53,161.16
2025-09-19,CMP_1016,APAC_Competitor_Search,Display,gdn,display,camp_16,5711,49,119.54
2025-09-19,CMP_1017,US_Brand_LinkedIn,Display,gdn,display,camp_17,5446,33,79.51
2025-09-19,CMP_1018,APAC_FeatureX_LinkedIn,Paid Social,linkedin,paid_social,camp_18,3144,56,324.86
2025-09-19,CMP_1019,LATAM_Brand_Display,Paid Social,linkedin,paid_social,camp_19,2785,68,468.51
2025-09-20,CMP_1001,EMEA_FeatureY_Search,Paid Social,linkedin,paid_social,camp_1,2826,42,290.0
2025-09-20,CMP_1002,APAC_Brand_Search,Paid Social,linkedin,paid_social,camp_2,1320,39,175.82
2025-09-20,CMP_1003,APAC_FeatureY_Search,Paid Search,google,paid_search,camp_3,3857,107,222.53
2025-09-20,CMP_1004,US_FeatureY_Display,Paid Social,linkedin,paid_social,camp_4,2121,48,165.1
2025-09-20,CMP_1005,US_FeatureX_Search,Paid Social,linkedin,paid_social,camp_5,1731,43,215.93
2025-09-20,CMP_1006,EMEA_Competitor_LinkedIn,Paid Search,google,paid_search,camp_6,1157,61,343.06
2025-09-20,CMP_1007,EMEA_FeatureY_Display,Paid Social,linkedin,paid_social,camp_7,1427,21,76.31
2025-09-20,CMP_1008,EMEA_Brand_Search,Display,gdn,display,camp_8,2370,25,42.79
2025-09-20,CMP_1009,US_FeatureX_Search,Paid Social,linkedin,paid_social,camp_9,1840,27,196.45
2025-09-20,CMP_1010,LATAM_Competitor_LinkedIn,Paid Social,linkedin,paid_social,camp_10,2256,53,182.51
2025-09-20,CMP_1011,LATAM_Brand_LinkedIn,Paid Social,linkedin,paid_social,camp_11,1284,20,112.13
2025-09-20,CMP_1012,LATAM_FeatureX_Display,Display,gdn,display,camp_12,1118,8,17.63
2025-09-20,CMP_1013,APAC_Brand_LinkedIn,Display,gdn,display,camp_13,1888,20,19.92
2025-09-20,CMP_1014,LATAM_Competitor_Display,Display,gdn,display,camp_14,1268,13,23.38
2025-09-20,CMP_1015,LATAM_Competitor_Display,Paid Social,linkedin,paid_social,camp_15,2002,39,156.99
2025-09-20,CMP_1016,APAC_Competitor_Search,Display,gdn,display,camp_16,3626,34,82.25
2025-09-20,CMP_1017,US_Brand_LinkedIn,Display,gdn,display,camp_17,993,8,12.66
2025-09-20,CMP_1018,APAC_FeatureX_LinkedIn,Paid Social,linkedin,paid_social,camp_18,1386,35,156.33
2025-09-20,CMP_1019,LATAM_Brand_Display,Paid Social,linkedin,paid_social,camp_19,1304,19,111.46
2025-09-21,CMP_1001,EMEA_FeatureY_Search,Paid Social,linkedin,paid_social,camp_1,1868,19,67.08
2025-09-21,CMP_1002,APAC_Brand_Search,Paid Social,linkedin,paid_social,camp_2,2383,39,307.28
2025-09-21,CMP_1003,APAC_FeatureY_Search,Paid Search,google,paid_search,camp_3,4607,206,1147.12
2025-09-21,CMP_1004,US_FeatureY_Display,Paid Social,linkedin,paid_social,camp_4,1311,14,96.34
2025-09-21,CMP_1005,US_FeatureX_Search,Paid Social,linkedin,paid_social,camp_5,1275,37,249.12
2025-09-21,CMP_1006,EMEA_Competitor_LinkedIn,Paid Search,google,paid_search,camp_6,4123,91,497.0
2025-09-21,CMP_1007,EMEA_FeatureY_Display,Paid Social,linkedin,paid_social,camp_7,2080,55,312.05
2025-09-21,CMP_1008,EMEA_Brand_Search,Display,gdn,display,camp_8,1831,8,10.28
2025-09-21,CMP_1009,US_FeatureX_Search,Paid Social,linkedin,paid_social,camp_9,2012,20,62.93
2025-09-21,CMP_1010,LATAM_Competitor_LinkedIn,Paid Social,linkedin,paid_social,camp_10,1001,14,88.67
2025-09-21,CMP_1011,LATAM_Brand_LinkedIn,Paid Social,linkedin,paid_social,camp_11,1948,45,186.74
2025-09-21,CMP_1012,LATAM_FeatureX_Display,Display,gdn,display,camp_12,1984,22,42.89
2025-09-21,CMP_1013,APAC_Brand_LinkedIn,Display,gdn,display,camp_13,1528,14,13.13
2025-09-21,CMP_1014,LATAM_Competitor_Display,Display,gdn,display,camp_14,2862,16,23.09
2025-09-21,CMP_1015,LATAM_Competitor_Display,Paid Social,linkedin,paid_social,camp_15,1450,40,275.26
2025-09-21,CMP_1016,APAC_Competitor_Search,Display,gdn,display,camp_16,2064,15,30.29
2025-09-21,CMP_1017,US_Brand_LinkedIn,Display,gdn,display,camp_17,1971,12,29.12
2025-09-21,CMP_1018,APAC_FeatureX_LinkedIn,Paid Social,linkedin,paid_social,camp_18,1513,21,149.44
2025-09-21,CMP_1019,LATAM_Brand_Display,Paid Social,linkedin,paid_social,camp_19,1896,47,321.32
2025-09-22,CMP_1001,EMEA_FeatureY_Search,Paid Social,linkedin,paid_social,camp_1,4173,83,285.02
2025-09-22,CMP_1002,APAC_Brand_Search,Paid Social,linkedin,paid_social,camp_2,3690,85,676.71
2025-09-22,CMP_1003,APAC_FeatureY_Search,Paid Search,google,paid_search,camp_3,6885,394,1593.91
2025-09-22,CMP_1004,US_FeatureY_Display,Paid Social,linkedin,paid_social,camp_4,3582,39,242.46
2025-09-22,CMP_1005,US_FeatureX_Search,Paid Social,linkedin,paid_social,camp_5,3630,72,539.12
2025-09-22,CMP_1006,EMEA_Competitor_LinkedIn,Paid Search,google,paid_search,camp_6,7566,425,2088.84
2025-09-22,CMP_1007,EMEA_FeatureY_Display,Paid Social,linkedin,paid_social,camp_7,3718,92,530.46
2025-09-22,CMP_1008,EMEA_Brand_Search,Display,gdn,display,camp_8,6030,42,77.96
2025-09-22,CMP_1009,US_FeatureX_Search,Paid Social,linkedin,paid_social,camp_9,2713,32,145.88
2025-09-22,CMP_1010,LATAM_Competitor_LinkedIn,Paid Social,linkedin,paid_social,camp_10,3417,66,374.08
2025-09-22,CMP_1011,LATAM_Brand_LinkedIn,Paid Social,linkedin,paid_social,camp_11,4109,76,380.88
2025-09-22,CMP_1012,LATAM_FeatureX_Display,Display,gdn,display,camp_12,4945,47,63.86
2025-09-22,CMP_1013,APAC_Brand_LinkedIn,Display,gdn,display,camp_13,4326,35,87.33
2025-09-22,CMP_1014,LATAM_Competitor_Display,Display,gdn,display,camp_14,5152,58,126.06
2025-09-22,CMP_1015,LATAM_Competitor_Display,Paid Social,linkedin,paid_social,camp_15,3655,86,485.38
2025-09-22,CMP_1016,APAC_Competitor_Search,Display,gdn,display,camp_16,4924,57,85.84
2025-09-22,CMP_1017,US_Brand_LinkedIn,Display,gdn,display,camp_17,4975,31,57.96
2025-09-22,CMP_1018,APAC_FeatureX_LinkedIn,Paid Social,linkedin,paid_social,camp_18,3683,99,309.75
2025-09-22,CMP_1019,LATAM_Brand_Display,Paid Social,linkedin,paid_social,camp_19,3929,63,499.84
2025-09-23,CMP_1001,EMEA_FeatureY_Search,Paid Social,linkedin,paid_social,camp_1,4135,102,530.67
2025-09-23,CMP_1002,APAC_Brand_Search,Paid Social,linkedin,paid_social,camp_2,3394,97,639.99
2025-09-23,CMP_1003,APAC_FeatureY_Search,Paid Search,google,paid_search,camp_3,5913,196,452.43
2025-09-23,CMP_1004,US_FeatureY_Display,Paid Social,linkedin,paid_social,camp_4,3161,89,430.56
2025-09-23,CMP_1005,US_FeatureX_Search,Paid Social,linkedin,paid_social,camp_5,4026,57,236.52
2025-09-23,CMP_1006,EMEA_Competitor_LinkedIn,Paid Search,google,paid_search,camp_6,5237,281,1331.08
2025-09-23,CMP_1007,EMEA_FeatureY_Display,Paid Social,linkedin,paid_social,camp_7,3072,78,293.27
2025-09-23,CMP_1008,EMEA_Brand_Search,Display,gdn,display,camp_8,5817,62,126.4
2025-09-23,CMP_1009,US_FeatureX_Search,Paid Social,linkedin,paid_social,camp_9,3506,41,313.06
2025-09-23,CMP_1010,LATAM_Competitor_LinkedIn,Paid Social,linkedin,paid_social,camp_10,3187,60,389.47
2025-09-23,CMP_1011,LATAM_Brand_LinkedIn,Paid Social,linkedin,paid_social,camp_11,4609,76,509.92
2025-09-23,CMP_1012,LATAM_FeatureX_Display,Display,gdn,display,camp_12,4716,49,105.09
2025-09-23,CMP_1013,APAC_Brand_LinkedIn,Display,gdn,display,camp_13,5494,47,64.44
2025-09-23,CMP_1014,LATAM_Competitor_Display,Display,gdn,display,camp_14,5738,62,131.52
2025-09-23,CMP_1015,LATAM_Competitor_Display,Paid Social,linkedin,paid_social,camp_15,3793,55,286.62
2025-09-23,CMP_1016,APAC_Competitor_Search,Display,gdn,display,camp_16,5655,51,66.81
2025-09-23,CMP_1017,US_Brand_LinkedIn,Display,gdn,display,camp_17,3860,38,47.4
2025-09-23,CMP_1018,APAC_FeatureX_LinkedIn,Paid Social,linkedin,paid_social,camp_18,4514,98,687.95
2025-09-23,CMP_1019,LATAM_Brand_Display,Paid Social,linkedin,paid_social,camp_19,3900,85,425.4
2025-09-24,CMP_1001,EMEA_FeatureY_Search,Paid Social,linkedin,paid_social,camp_1,3482,47,255.98
2025-09-24,CMP_1002,APAC_Brand_Search,Paid Social,linkedin,paid_social,camp_2,5034,51,316.29
2025-09-24,CMP_1003,APAC_FeatureY_Search,Paid Search,google,paid_search,camp_3,6025,289,800.28
2025-09-24,CMP_1004,US_FeatureY_Display,Paid Social,linkedin,paid_social,camp_4,3604,41,235.61
2025-09-24,CMP_1005,US_FeatureX_Search,Paid Social,linkedin,paid_social,camp_5,3617,79,494.15
2025-09-24,CMP_1006,EMEA_Competitor_LinkedIn,Paid Search,google,paid_search,camp_6,6816,307,1428.46
2025-09-24,CMP_1007,EMEA_FeatureY_Display,Paid Social,linkedin,paid_social,camp_7,3706,56,368.16
2025-09-24,CMP_1008,EMEA_Brand_Search,Display,gdn,display,camp_8,4614,35,70.02
2025-09-24,CMP_1009,US_FeatureX_Search,Paid Social,linkedin,paid_social,camp_9,3881,61,462.43
2025-09-24,CMP_1010,LATAM_Competitor_LinkedIn,Paid Social,linkedin,paid_social,camp_10,3759,44,134.63
2025-09-24,CMP_1011,LATAM_Brand_LinkedIn,Paid Social,linkedin,paid_social,camp_11,3126,42,280.95
2025-09-24,CMP_1012,LATAM_FeatureX_Display,Display,gdn,display,camp_12,4291,32,67.78
2025-09-24,CMP_1013,APAC_Brand_LinkedIn,Display,gdn,display,camp_13,5349,35,81.58
2025-09-24,CMP_1014,LATAM_Competitor_Display,Display,gdn,display,camp_14,5166,55,99.25
2025-09-24,CMP_1015,LATAM_Competitor_Display,Paid Social,linkedin,paid_social,camp_15,4168,96,749.27
2025-09-24,CMP_1016,APAC_Competitor_Search,Display,gdn,display,camp_16,5704,64,132.19
2025-09-24,CMP_1017,US_Brand_LinkedIn,Display,gdn,display,camp_17,3858,23,38.07
2025-09-24,CMP_1018,APAC_FeatureX_LinkedIn,Paid Social,linkedin,paid_social,camp_18,3950,97,706.64
2025-09-24,CMP_1019,LATAM_Brand_Display,Paid Social,linkedin,paid_social,camp_19,2434,44,196.88
2025-09-25,CMP_1001,EMEA_FeatureY_Search,Paid Social,linkedin,paid_social,camp_1,2725,81,343.46
2025-09-25,CMP_1002,APAC_Brand_Search,Paid Social,linkedin,paid_social,camp_2,3278,39,143.02
2025-09-25,CMP_1003,APAC_FeatureY_Search,Paid Search,google,paid_search,camp_3,7705,460,1328.19
2025-09-25,CMP_1004,US_FeatureY_Display,Paid Social,linkedin,paid_social,camp_4,3595,36,234.01
2025-09-25,CMP_1005,US_FeatureX_Search,Paid Social,linkedin,paid_social,camp_5,3499,91,315.14
2025-09-25,CMP_1006,EMEA_Competitor_LinkedIn,Paid Search,google,paid_search,camp_6,5496,226,719.0
2025-09-25,CMP_1007,EMEA_FeatureY_Display,Paid Social,linkedin,paid_social,camp_7,3628,64,331.25
2025-09-25,CMP_1008,EMEA_Brand_Search,Display,gdn,display,camp_8,4374,24,44.19
2025-09-25,CMP_1009,US_FeatureX_Search,Paid Social,linkedin,paid_social,camp_9,3444,72,415.38
2025-09-25,CMP_1010,LATAM_Competitor_LinkedIn,Paid Social,linkedin,paid_social,camp_10,3640,49,364.49
2025-09-25,CMP_1011,LATAM_Brand_LinkedIn,Paid Social,linkedin,paid_social,camp_11,3722,78,565.47
2025-09-25,CMP_1012,LATAM_FeatureX_Display,Display,gdn,display,camp_12,4920,40,57.5
2025-09-25,CMP_1013,APAC_Brand_LinkedIn,Display,gdn,display,camp_13,4677,20,39.55
2025-09-25,CMP_1014,LATAM_Competitor_Display,Display,gdn,display,camp_14,5663,59,124.54
2025-09-25,CMP_1015,LATAM_Competitor_Display,Paid Social,linkedin,paid_social,camp_15,3320,53,313.93
2025-09-25,CMP_1016,APAC_Competitor_Search,Display,gdn,display,camp_16,6100,52,67.69
2025-09-25,CMP_1017,US_Brand_LinkedIn,Display,gdn,display,camp_17,3868,33,35.68
2025-09-25,CMP_1018,APAC_FeatureX_LinkedIn,Paid Social,linkedin,paid_social,camp_18,4515,134,649.15
2025-09-25,CMP_1019,LATAM_Brand_Display,Paid Social,linkedin,paid_social,camp_19,4258,47,218.14
2025-09-26,CMP_1001,EMEA_FeatureY_Search,Paid Social,linkedin,paid_social,camp_1,3443,89,520.74
2025-09-26,CMP_1002,APAC_Brand_Search,Paid Social,linkedin,paid_social,camp_2,3879,43,208.94
2025-09-26,CMP_1003,APAC_FeatureY_Search,Paid Search,google,paid_search,camp_3,6710,265,1074.05
2025-09-26,CMP_1004,US_FeatureY_Display,Paid Social,linkedin,paid_social,camp_4,3407,47,217.87
2025-09-26,CMP_1005,US_FeatureX_Search,Paid Social,linkedin,paid_social,camp_5,4065,110,859.51
2025-09-26,CMP_1006,EMEA_Competitor_LinkedIn,Paid Search,google,paid_search,camp_6,6326,306,1120.41
2025-09-26,CMP_1007,EMEA_FeatureY_Display,Paid Social,linkedin,paid_social,camp_7,3630,85,480.58
2025-09-26,CMP_1008,EMEA_Brand_Search,Display,gdn,display,camp_8,3928,42,100.71
2025-09-26,CMP_1009,US_FeatureX_Search,Paid Social,linkedin,paid_social,camp_9,5229,87,609.62
2025-09-26,CMP_1010,LATAM_Competitor_LinkedIn,Paid Social,linkedin,paid_social,camp_10,3943,45,234.63
2025-09-26,CMP_1011,LATAM_Brand_LinkedIn,Paid Social,linkedin,paid_social,camp_11,4150,47,245.65
2025-09-26,CMP_1012,LATAM_FeatureX_Display,Display,gdn,display,camp_12,3696,31,70.32
2025-09-26,CMP_1013,APAC_Brand_LinkedIn,Display,gdn,display,camp_13,5412,56,118.2
2025-09-26,CMP_1014,LATAM_Competitor_Display,Display,gdn,display,camp_14,4688,49,73.14
2025-09-26,CMP_1015,LATAM_Competitor_Display,Paid Social,linkedin,paid_social,camp_15,4175,90,429.88
2025-09-26,CMP_1016,APAC_Competitor_Search,Display,gdn,display,camp_16,5689,64,116.52
2025-09-26,CMP_1017,US_Brand_LinkedIn,Display,gdn,display,camp_17,4418,47,72.6
2025-09-26,CMP_1018,APAC_FeatureX_LinkedIn,Paid Social,linkedin,paid_social,camp_18,3376,84,671.42
2025-09-26,CMP_1019,LATAM_Brand_Display,Paid Social,linkedin,paid_social,camp_19,3750,68,264.44
2025-09-27,CMP_1001,EMEA_FeatureY_Search,Paid Social,linkedin,paid_social,camp_1,2821,63,317.81
2025-09-27,CMP_1002,APAC_Brand_Search,Paid Social,linkedin,paid_social,camp_2,2518,39,239.74
2025-09-27,CMP_1003,APAC_FeatureY_Search,Paid Search,google,paid_search,camp_3,3786,203,859.39
2025-09-27,CMP_1004,US_FeatureY_Display,Paid Social,linkedin,paid_social,camp_4,1042,21,98.25
2025-09-27,CMP_1005,US_FeatureX_Search,Paid Social,linkedin,paid_social,camp_5,950,25,100.65
2025-09-27,CMP_1006,EMEA_Competitor_LinkedIn,Paid Search,google,paid_search,camp_6,1066,23,110.82
2025-09-27,CMP_1007,EMEA_FeatureY_Display,Paid Social,linkedin,paid_social,camp_7,702,12,84.11
2025-09-27,CMP_1008,EMEA_Brand_Search,Display,gdn,display,camp_8,2767,26,32.61
2025-09-27,CMP_1009,US_FeatureX_Search,Paid Social,linkedin,paid_social,camp_9,2583,47,172.17
2025-09-27,CMP_1010,LATAM_Competitor_LinkedIn,Paid Social,linkedin,paid_social,camp_10,882,23,115.16
2025-09-27,CMP_1011,LATAM_Brand_LinkedIn,Paid Social,linkedin,paid_social,camp_11,1438,33,132.53
2025-09-27,CMP_1012,LATAM_FeatureX_Display,Display,gdn,display,camp_12,3496,20,37.52
2025-09-27,CMP_1013,APAC_Brand_LinkedIn,Display,gdn,display,camp_13,2195,9,18.24
2025-09-27,CMP_1014,LATAM_Competitor_Display,Display,gdn,display,camp_14,2101,24,27.24
2025-09-27,CMP_1015,LATAM_Competitor_Display,Paid Social,linkedin,paid_social,camp_15,1419,41,217.97
2025-09-27,CMP_1016,APAC_Competitor_Search,Display,gdn,display,camp_16,3371,39,47.6
2025-09-27,CMP_1017,US_Brand_LinkedIn,Display,gdn,display,camp_17,3438,33,54.08
2025-09-27,CMP_1018,APAC_FeatureX_LinkedIn,Paid Social,linkedin,paid_social,camp_18,2405,46,213.53
2025-09-27,CMP_1019,LATAM_Brand_Display,Paid Social,linkedin,paid_social,camp_19,576,10,31.05
2025-09-28,CMP_1001,EMEA_FeatureY_Search,Paid Social,linkedin,paid_social,camp_1,2164,41,224.94
2025-09-28,CMP_1002,APAC_Brand_Search,Paid Social,linkedin,paid_social,camp_2,1707,28,126.74
2025-09-28,CMP_1003,APAC_FeatureY_Search,Paid Search,google,paid_search,camp_3,3395,128,420.77
2025-09-28,CMP_1004,US_FeatureY_Display,Paid Social,linkedin,paid_social,camp_4,1843,23,112.91
2025-09-28,CMP_1005,US_FeatureX_Search,Paid Social,linkedin,paid_social,camp_5,2382,23,70.26
2025-09-28,CMP_1006,EMEA_Competitor_LinkedIn,Paid Search,google,paid_search,camp_6,2117,96,276.36
2025-09-28,CMP_1007,EMEA_FeatureY_Display,Paid Social,linkedin,paid_social,camp_7,1770,30,227.31
2025-09-28,CMP_1008,EMEA_Brand_Search,Display,gdn,display,camp_8,2865,31,45.74
2025-09-28,CMP_1009,US_FeatureX_Search,Paid Social,linkedin,paid_social,camp_9,1908,37,207.32
2025-09-28,CMP_1010,LATAM_Competitor_LinkedIn,Paid Social,linkedin,paid_social,camp_10,1203,26,207.34
2025-09-28,CMP_1011,LATAM_Brand_LinkedIn,Paid Social,linkedin,paid_social,camp_11,1271,26,167.12
2025-09-28,CMP_1012,LATAM_FeatureX_Display,Display,gdn,display,camp_12,2190,14,16.11
2025-09-28,CMP_1013,APAC_Brand_LinkedIn,Display,gdn,display,camp_13,721,8,16.51
2025-09-28,CMP_1014,LATAM_Competitor_Display,Display,gdn,display,camp_14,1442,13,21.19
2025-09-28,CMP_1015,LATAM_Competitor_Display,Paid Social,linkedin,paid_social,camp_15,2291,43,314.89
2025-09-28,CMP_1016,APAC_Competitor_Search,Display,gdn,display,camp_16,142,1,2.02
2025-09-28,CMP_1017,US_Brand_LinkedIn,Display,gdn,display,camp_17,3666,17,15.26
2025-09-28,CMP_1018,APAC_FeatureX_LinkedIn,Paid Social,linkedin,paid_social,camp_18,2325,34,236.95
2025-09-28,CMP_1019,LATAM_Brand_Display,Paid Social,linkedin,paid_social,camp_19,1960,56,193.04
2025-09-29,CMP_1001,EMEA_FeatureY_Search,Paid Social,linkedin,paid_social,camp_1,3375,92,325.12
2025-09-29,CMP_1002,APAC_Brand_Search,Paid Social,linkedin,paid_social,camp_2,4241,47,326.28
2025-09-29,CMP_1003,APAC_FeatureY_Search,Paid Search,google,paid_search,camp_3,7376,419,1325.18
2025-09-29,CMP_1004,US_FeatureY_Display,Paid Social,linkedin,paid_social,camp_4,3307,39,200.86
2025-09-29,CMP_1005,US_FeatureX_Search,Paid Social,linkedin,paid_social,camp_5,4062,85,394.91
2025-09-29,CMP_1006,EMEA_Competitor_LinkedIn,Paid Search,google,paid_search,camp_6,6367,305,1522.18
2025-09-29,CMP_1007,EMEA_FeatureY_Display,Paid Social,linkedin,paid_social,camp_7,3546,89,401.49
2025-09-29,CMP_1008,EMEA_Brand_Search,Display,gdn,display,camp_8,5052,31,70.99
2025-09-29,CMP_1009,US_FeatureX_Search,Paid Social,linkedin,paid_social,camp_9,3580,73,222.11
2025-09-29,CMP_1010,LATAM_Competitor_LinkedIn,Paid Social,linkedin,paid_social,camp_10,2962,44,349.11
2025-09-29,CMP_1011,LATAM_Brand_LinkedIn,Paid Social,linkedin,paid_social,camp_11,3693,99,329.79
2025-09-29,CMP_1012,LATAM_FeatureX_Display,Display,gdn,display,camp_12,5524,65,82.8
2025-09-29,CMP_1013,APAC_Brand_LinkedIn,Display,gdn,display,camp_13,3669,23,28.16
2025-09-29,CMP_1014,LATAM_Competitor_Display,Display,gdn,display,camp_14,5324,25,53.25
2025-09-29,CMP_1015,LATAM_Competitor_Display,Paid Social,linkedin,paid_social,camp_15,3322,80,326.71
2025-09-29,CMP_1016,APAC_Competitor_Search,Display,gdn,display,camp_16,3718,37,57.19
2025-09-29,CMP_1017,US_Brand_LinkedIn,Display,gdn,display,camp_17,5732,53,53.98
2025-09-29,CMP_1018,APAC_FeatureX_LinkedIn,Paid Social,linkedin,paid_social,camp_18,3771,48,232.29
2025-09-29,CMP_1019,LATAM_Brand_Display,Paid Social,linkedin,paid_social,camp_19,3447,47,325.17
2025-09-30,CMP_1001,EMEA_FeatureY_Search,Paid Social,linkedin,paid_social,camp_1,3080,41,249.61
2025-09-30,CMP_1002,APAC_Brand_Search,Paid Social,linkedin,paid_social,camp_2,3508,75,435.67
2025-09-30,CMP_1003,APAC_FeatureY_Search,Paid Search,google,paid_search,camp_3,6230,264,1361.56
2025-09-30,CMP_1004,US_FeatureY_Display,Paid Social,linkedin,paid_social,camp_4,3414,85,406.0
2025-09-30,CMP_1005,US_FeatureX_Search,Paid Social,linkedin,paid_social,camp_5,3794,47,250.67
2025-09-30,CMP_1006,EMEA_Competitor_LinkedIn,Paid Search,google,paid_search,camp_6,7485,425,2188.89
2025-09-30,CMP_1007,EMEA_FeatureY_Display,Paid Social,linkedin,paid_social,camp_7,2717,72,522.59
2025-09-30,CMP_1008,EMEA_Brand_Search,Display,gdn,display,camp_8,5977,46,59.93
2025-09-30,CMP_1009,US_FeatureX_Search,Paid Social,linkedin,paid_social,camp_9,4604,98,443.45
2025-09-30,CMP_1010,LATAM_Competitor_LinkedIn,Paid Social,linkedin,paid_social,camp_10,3497,90,614.45
2025-09-30,CMP_1011,LATAM_Brand_LinkedIn,Paid Social,linkedin,paid_social,camp_11,2385,67,402.54
2025-09-30,CMP_1012,LATAM_FeatureX_Display,Display,gdn,display,camp_12,3769,16,38.12
2025-09-30,CMP_1013,APAC_Brand_LinkedIn,Display,gdn,display,camp_13,4566,24,41.24
2025-09-30,CMP_1014,LATAM_Competitor_Display,Display,gdn,display,camp_14,4168,26,34.47
2025-09-30,CMP_1015,LATAM_Competitor_Display,Paid Social,linkedin,paid_social,camp_15,3708,109,645.17
2025-09-30,CMP_1016,APAC_Competitor_Search,Display,gdn,display,camp_16,4210,37,79.54
2025-09-30,CMP_1017,US_Brand_LinkedIn,Display,gdn,display,camp_17,5049,60,60.12
2025-09-30,CMP_1018,APAC_FeatureX_LinkedIn,Paid Social,linkedin,paid_social,camp_18,3368,56,205.32
2025-09-30,CMP_1019,LATAM_Brand_Display,Paid Social,linkedin,paid_social,camp_19,2600,76,497.41
